/*
Navicat MySQL Data Transfer

Source Server         : mysql
Source Server Version : 50709
Source Host           : localhost:3306
Source Database       : jeesite

Target Server Type    : MYSQL
Target Server Version : 50709
File Encoding         : 65001

Date: 2015-12-03 07:55:56
*/

SET FOREIGN_KEY_CHECKS=0;

-- ----------------------------
-- Table structure for act_ge_bytearray
-- ----------------------------
DROP TABLE IF EXISTS `act_ge_bytearray`;
CREATE TABLE `act_ge_bytearray` (
  `ID_` varchar(64) COLLATE utf8_bin NOT NULL,
  `REV_` int(11) DEFAULT NULL,
  `NAME_` varchar(255) COLLATE utf8_bin DEFAULT NULL,
  `DEPLOYMENT_ID_` varchar(64) COLLATE utf8_bin DEFAULT NULL,
  `BYTES_` longblob,
  `GENERATED_` tinyint(4) DEFAULT NULL,
  PRIMARY KEY (`ID_`),
  KEY `ACT_FK_BYTEARR_DEPL` (`DEPLOYMENT_ID_`),
  CONSTRAINT `ACT_FK_BYTEARR_DEPL` FOREIGN KEY (`DEPLOYMENT_ID_`) REFERENCES `act_re_deployment` (`ID_`)
) ENGINE=InnoDB DEFAULT CHARSET=utf8 COLLATE=utf8_bin;

-- ----------------------------
-- Records of act_ge_bytearray
-- ----------------------------
INSERT INTO `act_ge_bytearray` VALUES ('2328b1ee554e49cdb9bffb31c9c59592', '2', 'source', null, 0x7B227265736F757263654964223A2263616E766173222C2270726F70657274696573223A7B226E616D65223A22222C22646F63756D656E746174696F6E223A22222C2270726F636573735F6964223A2270726F63657373222C2270726F636573735F617574686F72223A22222C2270726F636573735F65786563757461626C65223A22596573222C2270726F636573735F76657273696F6E223A22222C2270726F636573735F6E616D657370616365223A22636F6D2E7468696E6B67656D2E6A6565736974652E616374222C22657865637574696F6E6C697374656E657273223A22222C226576656E746C697374656E657273223A22227D2C227374656E63696C223A7B226964223A2242504D4E4469616772616D227D2C226368696C64536861706573223A5B7B227265736F757263654964223A227369642D43413341464135422D413046422D343336452D413742322D394535393345344639333145222C2270726F70657274696573223A7B226F766572726964656964223A227374617274222C226E616D65223A22E590AFE58AA8E5AEA1E689B9222C22646F63756D656E746174696F6E223A22E58FAAE698AFE4B880E4B8AAE6B58BE8AF95222C22666F726D70726F70657274696573223A7B22746F74616C436F756E74223A312C226974656D73223A5B7B22666F726D70726F70657274795F6964223A227374617274222C22666F726D70726F70657274795F6E616D65223A22E6B58BE8AF95222C22666F726D70726F70657274795F74797065223A22737472696E67222C22666F726D70726F70657274795F65787072657373696F6E223A222564222C22666F726D70726F70657274795F7661726961626C65223A2273222C22666F726D70726F70657274795F7265717569726564223A224E6F222C22666F726D70726F70657274795F7265616461626C65223A22596573222C22666F726D70726F70657274795F777269746561626C65223A22596573222C22666F726D70726F70657274795F666F726D76616C756573223A22756E646566696E6564227D5D7D2C22696E69746961746F72223A226170706C79222C22666F726D6B6579646566696E6974696F6E223A222F6F612F7465737441756469742F666F726D222C22657865637574696F6E6C697374656E657273223A22227D2C227374656E63696C223A7B226964223A2253746172744E6F6E654576656E74227D2C226368696C64536861706573223A5B5D2C226F7574676F696E67223A5B7B227265736F757263654964223A227369642D33454236364336412D343032392D344132352D394442422D384239464330353130363842227D5D2C22626F756E6473223A7B226C6F7765725269676874223A7B2278223A38322C2279223A3133317D2C2275707065724C656674223A7B2278223A35322C2279223A3130317D7D2C22646F636B657273223A5B5D7D2C7B227265736F757263654964223A227369642D41393537373634342D413644432D344143352D414142392D454637324445314545344131222C2270726F70657274696573223A7B226F766572726964656964223A22222C226E616D65223A22222C22646F63756D656E746174696F6E223A22222C22666F726D6B6579646566696E6974696F6E223A22222C2264756564617465646566696E6974696F6E223A22222C227072696F72697479646566696E6974696F6E223A22222C22757365727461736B61737369676E6D656E74223A22222C22666F726D70726F70657274696573223A22222C227461736B6C697374656E657273223A22222C226173796E6368726F6E6F7573646566696E6974696F6E223A224E6F222C226578636C7573697665646566696E6974696F6E223A22596573222C226C6F6F7074797065223A224E6F6E65222C226D756C7469696E7374616E63655F73657175656E7469616C223A22596573222C226D756C7469696E7374616E63655F63617264696E616C697479223A22222C226D756C7469696E7374616E63655F636F6C6C656374696F6E223A22222C226D756C7469696E7374616E63655F7661726961626C65223A22222C226D756C7469696E7374616E63655F636F6E646974696F6E223A22222C226973666F72636F6D70656E736174696F6E223A2266616C7365227D2C227374656E63696C223A7B226964223A22557365725461736B227D2C226368696C64536861706573223A5B5D2C226F7574676F696E67223A5B7B227265736F757263654964223A227369642D43364337434541312D393844352D343033322D393139332D433733314133454345353033227D5D2C22626F756E6473223A7B226C6F7765725269676874223A7B2278223A3232372C2279223A3135367D2C2275707065724C656674223A7B2278223A3132372C2279223A37367D7D2C22646F636B657273223A5B5D7D2C7B227265736F757263654964223A227369642D33454236364336412D343032392D344132352D394442422D384239464330353130363842222C2270726F70657274696573223A7B226F766572726964656964223A22222C226E616D65223A22222C22646F63756D656E746174696F6E223A22222C22636F6E646974696F6E73657175656E6365666C6F77223A22222C2264656661756C74666C6F77223A224E6F6E65222C22636F6E646974696F6E616C666C6F77223A224E6F6E65227D2C227374656E63696C223A7B226964223A2253657175656E6365466C6F77227D2C226368696C64536861706573223A5B5D2C226F7574676F696E67223A5B7B227265736F757263654964223A227369642D41393537373634342D413644432D344143352D414142392D454637324445314545344131227D5D2C22626F756E6473223A7B226C6F7765725269676874223A7B2278223A3132362E31353632352C2279223A3131367D2C2275707065724C656674223A7B2278223A38322E3630393337352C2279223A3131367D7D2C22646F636B657273223A5B7B2278223A31352C2279223A31357D2C7B2278223A35302C2279223A34307D5D2C22746172676574223A7B227265736F757263654964223A227369642D41393537373634342D413644432D344143352D414142392D454637324445314545344131227D7D2C7B227265736F757263654964223A227369642D38363931423230422D354239392D344543382D414336342D333231384232333635444638222C2270726F70657274696573223A7B226F766572726964656964223A22222C226E616D65223A22222C22646F63756D656E746174696F6E223A22222C2274696D65726475726174696F6E646566696E6974696F6E223A22222C2274696D657264617465646566696E6974696F6E223A22222C2274696D65726379636C65646566696E6974696F6E223A22222C22657865637574696F6E6C697374656E657273223A22227D2C227374656E63696C223A7B226964223A22537461727454696D65724576656E74227D2C226368696C64536861706573223A5B5D2C226F7574676F696E67223A5B5D2C22626F756E6473223A7B226C6F7765725269676874223A7B2278223A3432302C2279223A3133317D2C2275707065724C656674223A7B2278223A3339302C2279223A3130317D7D2C22646F636B657273223A5B5D7D2C7B227265736F757263654964223A227369642D43364337434541312D393844352D343033322D393139332D433733314133454345353033222C2270726F70657274696573223A7B226F766572726964656964223A22222C226E616D65223A22222C22646F63756D656E746174696F6E223A22222C22636F6E646974696F6E73657175656E6365666C6F77223A22222C2264656661756C74666C6F77223A224E6F6E65222C22636F6E646974696F6E616C666C6F77223A224E6F6E65227D2C227374656E63696C223A7B226964223A2253657175656E6365466C6F77227D2C226368696C64536861706573223A5B5D2C226F7574676F696E67223A5B5D2C22626F756E6473223A7B226C6F7765725269676874223A7B2278223A3339302C2279223A3131367D2C2275707065724C656674223A7B2278223A3232372E3932313837352C2279223A3131367D7D2C22646F636B657273223A5B7B2278223A35302C2279223A34307D2C7B2278223A3339302C2279223A3131367D5D7D5D2C22626F756E6473223A7B226C6F7765725269676874223A7B2278223A313438352C2279223A313035307D2C2275707065724C656674223A7B2278223A302C2279223A307D7D2C227374656E63696C736574223A7B2275726C223A222E2E2F7374656E63696C736574732F62706D6E322E302F62706D6E322E302E6A736F6E222C226E616D657370616365223A22687474703A2F2F62336D6E2E6F72672F7374656E63696C7365742F62706D6E322E3023227D2C227373657874656E73696F6E73223A5B5D7D, null);
INSERT INTO `act_ge_bytearray` VALUES ('338f894ce60a4817a081c5f7e0808b37', '1', 'test_audit.bpmn20.xml', 'dcee0532335047d8991736839740b6e2', 0x3C3F786D6C2076657273696F6E3D27312E302720656E636F64696E673D275554462D38273F3E0D0A3C646566696E6974696F6E7320786D6C6E733D22687474703A2F2F7777772E6F6D672E6F72672F737065632F42504D4E2F32303130303532342F4D4F44454C2220786D6C6E733A7873693D22687474703A2F2F7777772E77332E6F72672F323030312F584D4C536368656D612D696E7374616E63652220786D6C6E733A61637469766974693D22687474703A2F2F61637469766974692E6F72672F62706D6E2220786D6C6E733A62706D6E64693D22687474703A2F2F7777772E6F6D672E6F72672F737065632F42504D4E2F32303130303532342F44492220786D6C6E733A6F6D6764633D22687474703A2F2F7777772E6F6D672E6F72672F737065632F44442F32303130303532342F44432220786D6C6E733A6F6D6764693D22687474703A2F2F7777772E6F6D672E6F72672F737065632F44442F32303130303532342F44492220747970654C616E67756167653D22687474703A2F2F7777772E77332E6F72672F323030312F584D4C536368656D61222065787072657373696F6E4C616E67756167653D22687474703A2F2F7777772E77332E6F72672F313939392F585061746822207461726765744E616D6573706163653D22687474703A2F2F7777772E61637469766974692E6F72672F74657374223E0D0A20203C70726F636573732069643D22746573745F617564697422206E616D653D22E6B581E7A88BE5AEA1E689B9E6B58BE8AF95E6B581E7A88B2220697345786563757461626C653D2274727565223E0D0A202020203C73746172744576656E742069643D22737461727422206E616D653D22E590AFE58AA8E5AEA1E689B9222061637469766974693A696E69746961746F723D226170706C79222061637469766974693A666F726D4B65793D222F6F612F7465737441756469742F666F726D222F3E0D0A202020203C656E644576656E742069643D22656E6422206E616D653D22E7BB93E69D9FE5AEA1E689B9222F3E0D0A202020203C757365725461736B2069643D226D6F6469667922206E616D653D22E59198E5B7A5E896AAE985ACE6A1A3E7BAA7E4BFAEE694B9222061637469766974693A61737369676E65653D22247B6170706C797D222F3E0D0A202020203C757365725461736B2069643D22617564697422206E616D653D22E896AAE985ACE4B8BBE7AEA1E5889DE5AEA1222061637469766974693A61737369676E65653D227468696E6B67656D222F3E0D0A202020203C6578636C7573697665476174657761792069643D227369642D43323842423546362D303133442D343537302D423433322D363142333830433146343646222F3E0D0A202020203C757365725461736B2069643D2261756469743222206E616D653D22E99B86E59BA2E4BABAE58A9BE8B584E6BA90E983A8E983A8E995BFE5AEA1E6A0B8222061637469766974693A61737369676E65653D227468696E6B67656D222F3E0D0A202020203C6578636C7573697665476174657761792069643D227369642D45443436464534312D413046442D343936442D383644432D324339374146353733354630222F3E0D0A202020203C73657175656E6365466C6F772069643D227369642D45463246353142422D314439392D344630422D414346322D4236433133303041374432422220736F757263655265663D2261756469743222207461726765745265663D227369642D45443436464534312D413046442D343936442D383644432D324339374146353733354630222F3E0D0A202020203C757365725461736B2069643D2261756469743322206E616D653D22E99B86E59BA2E4BABAE58A9BE8B584E6BA90E983A8E58886E7AEA1E9A286E5AFBCE5AEA1E6A0B8222061637469766974693A61737369676E65653D227468696E6B67656D222F3E0D0A202020203C6578636C7573697665476174657761792069643D227369642D46453438354232442D394132332D343233362D424430442D443738384341364533304534222F3E0D0A202020203C73657175656E6365466C6F772069643D227369642D33444243443636312D353732302D343438302D383135362D3734384245303237354645462220736F757263655265663D2261756469743322207461726765745265663D227369642D46453438354232442D394132332D343233362D424430442D443738384341364533304534222F3E0D0A202020203C757365725461736B2069643D2261756469743422206E616D653D22E99B86E59BA2E680BBE7BB8FE79086E5AEA1E689B9222061637469766974693A61737369676E65653D227468696E6B67656D222F3E0D0A202020203C6578636C7573697665476174657761792069643D227369642D33463533423642442D463846332D343936422D414330382D353036333042443131343737222F3E0D0A202020203C757365725461736B2069643D226170706C795F656E6422206E616D653D22E896AAE985ACE6A1A3E7BAA7E58591E78EB0222061637469766974693A61737369676E65653D227468696E6B67656D222F3E0D0A202020203C73657175656E6365466C6F772069643D227369642D30324442324144392D313333322D343139382D414338442D3232413335313639443135432220736F757263655265663D2261756469743422207461726765745265663D227369642D33463533423642442D463846332D343936422D414330382D353036333042443131343737222F3E0D0A202020203C73657175656E6365466C6F772069643D227369642D32414237433031412D353045452D344141432D384338462D4636453139333542334441372220736F757263655265663D22617564697422207461726765745265663D227369642D43323842423546362D303133442D343537302D423433322D363142333830433146343646222F3E0D0A202020203C73657175656E6365466C6F772069643D227369642D33364535304338422D364337432D343936382D423032442D4542414134323542463442452220736F757263655265663D22737461727422207461726765745265663D226175646974222F3E0D0A202020203C73657175656E6365466C6F772069643D227369642D37443732333139302D313433322D343131442D413441342D37373432323545353443443922206E616D653D22E698AF2220736F757263655265663D227369642D33463533423642442D463846332D343936422D414330382D35303633304244313134373722207461726765745265663D226170706C795F656E64223E0D0A2020202020203C636F6E646974696F6E45787072657373696F6E207873693A747970653D2274466F726D616C45787072657373696F6E223E3C215B43444154415B247B706173733D3D317D5D5D3E3C2F636F6E646974696F6E45787072657373696F6E3E0D0A202020203C2F73657175656E6365466C6F773E0D0A202020203C73657175656E6365466C6F772069643D227369642D44343443414434332D303237312D343932302D413532342D39423835333345353235353022206E616D653D22E698AF2220736F757263655265663D227369642D46453438354232442D394132332D343233362D424430442D44373838434136453330453422207461726765745265663D22617564697434223E0D0A2020202020203C636F6E646974696F6E45787072657373696F6E207873693A747970653D2274466F726D616C45787072657373696F6E223E3C215B43444154415B247B706173733D3D317D5D5D3E3C2F636F6E646974696F6E45787072657373696F6E3E0D0A202020203C2F73657175656E6365466C6F773E0D0A202020203C73657175656E6365466C6F772069643D227369642D35333235383530322D343345452D344445382D423141342D44424431313932324238414622206E616D653D22E590A62220736F757263655265663D227369642D43323842423546362D303133442D343537302D423433322D36314233383043314634364622207461726765745265663D226D6F64696679223E0D0A2020202020203C636F6E646974696F6E45787072657373696F6E207873693A747970653D2274466F726D616C45787072657373696F6E223E3C215B43444154415B247B706173733D3D307D5D5D3E3C2F636F6E646974696F6E45787072657373696F6E3E0D0A202020203C2F73657175656E6365466C6F773E0D0A202020203C6578636C7573697665476174657761792069643D227369642D35464544303244362D433338382D343843362D383730452D303937444232313331454130222F3E0D0A202020203C73657175656E6365466C6F772069643D227369642D31363344424336302D444243392D343338422D393731412D3637373338464237373135412220736F757263655265663D226D6F6469667922207461726765745265663D227369642D35464544303244362D433338382D343843362D383730452D303937444232313331454130222F3E0D0A202020203C73657175656E6365466C6F772069643D227369642D37323235384134312D323033452D343238432D423731442D43413335303632353244373322206E616D653D22E698AF2220736F757263655265663D227369642D43323842423546362D303133442D343537302D423433322D36314233383043314634364622207461726765745265663D22617564697432223E0D0A2020202020203C636F6E646974696F6E45787072657373696F6E207873693A747970653D2274466F726D616C45787072657373696F6E223E3C215B43444154415B247B706173733D3D317D5D5D3E3C2F636F6E646974696F6E45787072657373696F6E3E0D0A202020203C2F73657175656E6365466C6F773E0D0A202020203C73657175656E6365466C6F772069643D227369642D38343438454634412D423632452D343839392D414243322D30453244423241453638333822206E616D653D22E9878DE696B0E794B3E8AFB72220736F757263655265663D227369642D35464544303244362D433338382D343843362D383730452D30393744423231333145413022207461726765745265663D226175646974223E0D0A2020202020203C636F6E646974696F6E45787072657373696F6E207873693A747970653D2274466F726D616C45787072657373696F6E223E3C215B43444154415B247B706173733D3D317D5D5D3E3C2F636F6E646974696F6E45787072657373696F6E3E0D0A202020203C2F73657175656E6365466C6F773E0D0A202020203C73657175656E6365466C6F772069643D227369642D41373538393038342D343632332D344645412D413737342D30304137304444433144323022206E616D653D22E698AF2220736F757263655265663D227369642D45443436464534312D413046442D343936442D383644432D32433937414635373335463022207461726765745265663D22617564697433223E0D0A2020202020203C636F6E646974696F6E45787072657373696F6E207873693A747970653D2274466F726D616C45787072657373696F6E223E3C215B43444154415B247B706173733D3D317D5D5D3E3C2F636F6E646974696F6E45787072657373696F6E3E0D0A202020203C2F73657175656E6365466C6F773E0D0A202020203C73657175656E6365466C6F772069643D227369642D46413631383633362D333730382D344430432D383531342D32394134424238424339323622206E616D653D22E590A62220736F757263655265663D227369642D45443436464534312D413046442D343936442D383644432D32433937414635373335463022207461726765745265663D226D6F64696679223E0D0A2020202020203C636F6E646974696F6E45787072657373696F6E207873693A747970653D2274466F726D616C45787072657373696F6E223E3C215B43444154415B247B706173733D3D307D5D5D3E3C2F636F6E646974696F6E45787072657373696F6E3E0D0A202020203C2F73657175656E6365466C6F773E0D0A202020203C73657175656E6365466C6F772069643D227369642D31353235424646342D334539442D344438412D424638302D31463633414645313632383922206E616D653D22E590A62220736F757263655265663D227369642D46453438354232442D394132332D343233362D424430442D44373838434136453330453422207461726765745265663D226D6F64696679223E0D0A2020202020203C636F6E646974696F6E45787072657373696F6E207873693A747970653D2274466F726D616C45787072657373696F6E223E3C215B43444154415B247B706173733D3D307D5D5D3E3C2F636F6E646974696F6E45787072657373696F6E3E0D0A202020203C2F73657175656E6365466C6F773E0D0A202020203C73657175656E6365466C6F772069643D227369642D33354343384336432D313036372D343339382D393931432D43434639353531313539363522206E616D653D22E590A62220736F757263655265663D227369642D33463533423642442D463846332D343936422D414330382D35303633304244313134373722207461726765745265663D226D6F64696679223E0D0A2020202020203C636F6E646974696F6E45787072657373696F6E207873693A747970653D2274466F726D616C45787072657373696F6E223E3C215B43444154415B247B706173733D3D307D5D5D3E3C2F636F6E646974696F6E45787072657373696F6E3E0D0A202020203C2F73657175656E6365466C6F773E0D0A202020203C73657175656E6365466C6F772069643D227369642D42444230414142322D374535302D344433352D383045452D4345304245434444394635372220736F757263655265663D226170706C795F656E6422207461726765745265663D22656E64222F3E0D0A202020203C73657175656E6365466C6F772069643D227369642D34344146423943312D343035372D344334382D423146322D31454338393741353243423722206E616D653D22E99480E6AF812220736F757263655265663D227369642D35464544303244362D433338382D343843362D383730452D30393744423231333145413022207461726765745265663D22656E64223E0D0A2020202020203C636F6E646974696F6E45787072657373696F6E207873693A747970653D2274466F726D616C45787072657373696F6E223E3C215B43444154415B247B706173733D3D307D5D5D3E3C2F636F6E646974696F6E45787072657373696F6E3E0D0A202020203C2F73657175656E6365466C6F773E0D0A20203C2F70726F636573733E0D0A20203C62706D6E64693A42504D4E4469616772616D2069643D2242504D4E4469616772616D5F746573745F6175646974223E0D0A202020203C62706D6E64693A42504D4E506C616E652062706D6E456C656D656E743D22746573745F6175646974222069643D2242504D4E506C616E655F746573745F6175646974223E0D0A2020202020203C62706D6E64693A42504D4E53686170652062706D6E456C656D656E743D227374617274222069643D2242504D4E53686170655F7374617274223E0D0A20202020202020203C6F6D6764633A426F756E6473206865696768743D2233302E30222077696474683D2233302E302220783D2233302E302220793D223234352E30222F3E0D0A2020202020203C2F62706D6E64693A42504D4E53686170653E0D0A2020202020203C62706D6E64693A42504D4E53686170652062706D6E456C656D656E743D22656E64222069643D2242504D4E53686170655F656E64223E0D0A20202020202020203C6F6D6764633A426F756E6473206865696768743D2232382E30222077696474683D2232382E302220783D223937352E302220793D223335362E30222F3E0D0A2020202020203C2F62706D6E64693A42504D4E53686170653E0D0A2020202020203C62706D6E64693A42504D4E53686170652062706D6E456C656D656E743D226D6F64696679222069643D2242504D4E53686170655F6D6F64696679223E0D0A20202020202020203C6F6D6764633A426F756E6473206865696768743D2235382E30222077696474683D223130322E302220783D223230392E302220793D223133352E30222F3E0D0A2020202020203C2F62706D6E64693A42504D4E53686170653E0D0A2020202020203C62706D6E64693A42504D4E53686170652062706D6E456C656D656E743D226175646974222069643D2242504D4E53686170655F6175646974223E0D0A20202020202020203C6F6D6764633A426F756E6473206865696768743D2235372E30222077696474683D2239362E302220783D223130352E302220793D223233312E35222F3E0D0A2020202020203C2F62706D6E64693A42504D4E53686170653E0D0A2020202020203C62706D6E64693A42504D4E53686170652062706D6E456C656D656E743D227369642D43323842423546362D303133442D343537302D423433322D363142333830433146343646222069643D2242504D4E53686170655F7369642D43323842423546362D303133442D343537302D423433322D363142333830433146343646223E0D0A20202020202020203C6F6D6764633A426F756E6473206865696768743D2234302E30222077696474683D2234302E302220783D223234302E302220793D223234302E30222F3E0D0A2020202020203C2F62706D6E64693A42504D4E53686170653E0D0A2020202020203C62706D6E64693A42504D4E53686170652062706D6E456C656D656E743D22617564697432222069643D2242504D4E53686170655F617564697432223E0D0A20202020202020203C6F6D6764633A426F756E6473206865696768743D2238302E30222077696474683D223130302E302220783D223231302E302220793D223333302E30222F3E0D0A2020202020203C2F62706D6E64693A42504D4E53686170653E0D0A2020202020203C62706D6E64693A42504D4E53686170652062706D6E456C656D656E743D227369642D45443436464534312D413046442D343936442D383644432D324339374146353733354630222069643D2242504D4E53686170655F7369642D45443436464534312D413046442D343936442D383644432D324339374146353733354630223E0D0A20202020202020203C6F6D6764633A426F756E6473206865696768743D2234302E30222077696474683D2234302E302220783D223334352E302220793D223335302E30222F3E0D0A2020202020203C2F62706D6E64693A42504D4E53686170653E0D0A2020202020203C62706D6E64693A42504D4E53686170652062706D6E456C656D656E743D22617564697433222069643D2242504D4E53686170655F617564697433223E0D0A20202020202020203C6F6D6764633A426F756E6473206865696768743D2238302E30222077696474683D223130302E302220783D223432302E302220793D223333302E30222F3E0D0A2020202020203C2F62706D6E64693A42504D4E53686170653E0D0A2020202020203C62706D6E64693A42504D4E53686170652062706D6E456C656D656E743D227369642D46453438354232442D394132332D343233362D424430442D443738384341364533304534222069643D2242504D4E53686170655F7369642D46453438354232442D394132332D343233362D424430442D443738384341364533304534223E0D0A20202020202020203C6F6D6764633A426F756E6473206865696768743D2234302E30222077696474683D2234302E302220783D223535352E302220793D223335302E30222F3E0D0A2020202020203C2F62706D6E64693A42504D4E53686170653E0D0A2020202020203C62706D6E64693A42504D4E53686170652062706D6E456C656D656E743D22617564697434222069643D2242504D4E53686170655F617564697434223E0D0A20202020202020203C6F6D6764633A426F756E6473206865696768743D2238302E30222077696474683D223130302E302220783D223633302E302220793D223333302E30222F3E0D0A2020202020203C2F62706D6E64693A42504D4E53686170653E0D0A2020202020203C62706D6E64693A42504D4E53686170652062706D6E456C656D656E743D227369642D33463533423642442D463846332D343936422D414330382D353036333042443131343737222069643D2242504D4E53686170655F7369642D33463533423642442D463846332D343936422D414330382D353036333042443131343737223E0D0A20202020202020203C6F6D6764633A426F756E6473206865696768743D2234302E30222077696474683D2234302E302220783D223736352E302220793D223335302E30222F3E0D0A2020202020203C2F62706D6E64693A42504D4E53686170653E0D0A2020202020203C62706D6E64693A42504D4E53686170652062706D6E456C656D656E743D226170706C795F656E64222069643D2242504D4E53686170655F6170706C795F656E64223E0D0A20202020202020203C6F6D6764633A426F756E6473206865696768743D2238302E30222077696474683D223130302E302220783D223834302E302220793D223333302E30222F3E0D0A2020202020203C2F62706D6E64693A42504D4E53686170653E0D0A2020202020203C62706D6E64693A42504D4E53686170652062706D6E456C656D656E743D227369642D35464544303244362D433338382D343843362D383730452D303937444232313331454130222069643D2242504D4E53686170655F7369642D35464544303244362D433338382D343843362D383730452D303937444232313331454130223E0D0A20202020202020203C6F6D6764633A426F756E6473206865696768743D2234302E30222077696474683D2234302E302220783D223234302E302220793D2234352E30222F3E0D0A2020202020203C2F62706D6E64693A42504D4E53686170653E0D0A2020202020203C62706D6E64693A42504D4E456467652062706D6E456C656D656E743D227369642D33444243443636312D353732302D343438302D383135362D373438424530323735464546222069643D2242504D4E456467655F7369642D33444243443636312D353732302D343438302D383135362D373438424530323735464546223E0D0A20202020202020203C6F6D6764693A776179706F696E7420783D223532302E302220793D223337302E30222F3E0D0A20202020202020203C6F6D6764693A776179706F696E7420783D223535352E302220793D223337302E30222F3E0D0A2020202020203C2F62706D6E64693A42504D4E456467653E0D0A2020202020203C62706D6E64693A42504D4E456467652062706D6E456C656D656E743D227369642D34344146423943312D343035372D344334382D423146322D314543383937413532434237222069643D2242504D4E456467655F7369642D34344146423943312D343035372D344334382D423146322D314543383937413532434237223E0D0A20202020202020203C6F6D6764693A776179706F696E7420783D223238302E302220793D2236352E30222F3E0D0A20202020202020203C6F6D6764693A776179706F696E7420783D223938392E302220793D2236352E30222F3E0D0A20202020202020203C6F6D6764693A776179706F696E7420783D223938392E302220793D223335362E30222F3E0D0A2020202020203C2F62706D6E64693A42504D4E456467653E0D0A2020202020203C62706D6E64693A42504D4E456467652062706D6E456C656D656E743D227369642D38343438454634412D423632452D343839392D414243322D304532444232414536383338222069643D2242504D4E456467655F7369642D38343438454634412D423632452D343839392D414243322D304532444232414536383338223E0D0A20202020202020203C6F6D6764693A776179706F696E7420783D223234302E302220793D2236352E30222F3E0D0A20202020202020203C6F6D6764693A776179706F696E7420783D223135332E302220793D2236352E30222F3E0D0A20202020202020203C6F6D6764693A776179706F696E7420783D223135332E302220793D223233312E35222F3E0D0A2020202020203C2F62706D6E64693A42504D4E456467653E0D0A2020202020203C62706D6E64693A42504D4E456467652062706D6E456C656D656E743D227369642D41373538393038342D343632332D344645412D413737342D303041373044444331443230222069643D2242504D4E456467655F7369642D41373538393038342D343632332D344645412D413737342D303041373044444331443230223E0D0A20202020202020203C6F6D6764693A776179706F696E7420783D223338352E302220793D223337302E30222F3E0D0A20202020202020203C6F6D6764693A776179706F696E7420783D223432302E302220793D223337302E30222F3E0D0A2020202020203C2F62706D6E64693A42504D4E456467653E0D0A2020202020203C62706D6E64693A42504D4E456467652062706D6E456C656D656E743D227369642D33354343384336432D313036372D343339382D393931432D434346393535313135393635222069643D2242504D4E456467655F7369642D33354343384336432D313036372D343339382D393931432D434346393535313135393635223E0D0A20202020202020203C6F6D6764693A776179706F696E7420783D223738352E302220793D223335302E30222F3E0D0A20202020202020203C6F6D6764693A776179706F696E7420783D223738352E302220793D223136342E30222F3E0D0A20202020202020203C6F6D6764693A776179706F696E7420783D223331312E302220793D223136342E30222F3E0D0A2020202020203C2F62706D6E64693A42504D4E456467653E0D0A2020202020203C62706D6E64693A42504D4E456467652062706D6E456C656D656E743D227369642D45463246353142422D314439392D344630422D414346322D423643313330304137443242222069643D2242504D4E456467655F7369642D45463246353142422D314439392D344630422D414346322D423643313330304137443242223E0D0A20202020202020203C6F6D6764693A776179706F696E7420783D223331302E302220793D223337302E30222F3E0D0A20202020202020203C6F6D6764693A776179706F696E7420783D223334352E302220793D223337302E30222F3E0D0A2020202020203C2F62706D6E64693A42504D4E456467653E0D0A2020202020203C62706D6E64693A42504D4E456467652062706D6E456C656D656E743D227369642D37443732333139302D313433322D343131442D413441342D373734323235453534434439222069643D2242504D4E456467655F7369642D37443732333139302D313433322D343131442D413441342D373734323235453534434439223E0D0A20202020202020203C6F6D6764693A776179706F696E7420783D223830352E302220793D223337302E30222F3E0D0A20202020202020203C6F6D6764693A776179706F696E7420783D223834302E302220793D223337302E30222F3E0D0A2020202020203C2F62706D6E64693A42504D4E456467653E0D0A2020202020203C62706D6E64693A42504D4E456467652062706D6E456C656D656E743D227369642D32414237433031412D353045452D344141432D384338462D463645313933354233444137222069643D2242504D4E456467655F7369642D32414237433031412D353045452D344141432D384338462D463645313933354233444137223E0D0A20202020202020203C6F6D6764693A776179706F696E7420783D223230312E302220793D223236302E30222F3E0D0A20202020202020203C6F6D6764693A776179706F696E7420783D223234302E302220793D223236302E30222F3E0D0A2020202020203C2F62706D6E64693A42504D4E456467653E0D0A2020202020203C62706D6E64693A42504D4E456467652062706D6E456C656D656E743D227369642D44343443414434332D303237312D343932302D413532342D394238353333453532353530222069643D2242504D4E456467655F7369642D44343443414434332D303237312D343932302D413532342D394238353333453532353530223E0D0A20202020202020203C6F6D6764693A776179706F696E7420783D223539352E302220793D223337302E30222F3E0D0A20202020202020203C6F6D6764693A776179706F696E7420783D223633302E302220793D223337302E30222F3E0D0A2020202020203C2F62706D6E64693A42504D4E456467653E0D0A2020202020203C62706D6E64693A42504D4E456467652062706D6E456C656D656E743D227369642D46413631383633362D333730382D344430432D383531342D323941344242384243393236222069643D2242504D4E456467655F7369642D46413631383633362D333730382D344430432D383531342D323941344242384243393236223E0D0A20202020202020203C6F6D6764693A776179706F696E7420783D223336352E302220793D223335302E30222F3E0D0A20202020202020203C6F6D6764693A776179706F696E7420783D223336352E302220793D223136342E30222F3E0D0A20202020202020203C6F6D6764693A776179706F696E7420783D223331312E302220793D223136342E30222F3E0D0A2020202020203C2F62706D6E64693A42504D4E456467653E0D0A2020202020203C62706D6E64693A42504D4E456467652062706D6E456C656D656E743D227369642D30324442324144392D313333322D343139382D414338442D323241333531363944313543222069643D2242504D4E456467655F7369642D30324442324144392D313333322D343139382D414338442D323241333531363944313543223E0D0A20202020202020203C6F6D6764693A776179706F696E7420783D223733302E302220793D223337302E30222F3E0D0A20202020202020203C6F6D6764693A776179706F696E7420783D223736352E302220793D223337302E30222F3E0D0A2020202020203C2F62706D6E64693A42504D4E456467653E0D0A2020202020203C62706D6E64693A42504D4E456467652062706D6E456C656D656E743D227369642D33364535304338422D364337432D343936382D423032442D454241413432354246344245222069643D2242504D4E456467655F7369642D33364535304338422D364337432D343936382D423032442D454241413432354246344245223E0D0A20202020202020203C6F6D6764693A776179706F696E7420783D2236302E302220793D223236302E30222F3E0D0A20202020202020203C6F6D6764693A776179706F696E7420783D223130352E302220793D223236302E30222F3E0D0A2020202020203C2F62706D6E64693A42504D4E456467653E0D0A2020202020203C62706D6E64693A42504D4E456467652062706D6E456C656D656E743D227369642D35333235383530322D343345452D344445382D423141342D444244313139323242384146222069643D2242504D4E456467655F7369642D35333235383530322D343345452D344445382D423141342D444244313139323242384146223E0D0A20202020202020203C6F6D6764693A776179706F696E7420783D223236302E302220793D223234302E30222F3E0D0A20202020202020203C6F6D6764693A776179706F696E7420783D223236302E302220793D223139332E30222F3E0D0A2020202020203C2F62706D6E64693A42504D4E456467653E0D0A2020202020203C62706D6E64693A42504D4E456467652062706D6E456C656D656E743D227369642D31363344424336302D444243392D343338422D393731412D363737333846423737313541222069643D2242504D4E456467655F7369642D31363344424336302D444243392D343338422D393731412D363737333846423737313541223E0D0A20202020202020203C6F6D6764693A776179706F696E7420783D223236302E302220793D223133352E30222F3E0D0A20202020202020203C6F6D6764693A776179706F696E7420783D223236302E302220793D2238352E30222F3E0D0A2020202020203C2F62706D6E64693A42504D4E456467653E0D0A2020202020203C62706D6E64693A42504D4E456467652062706D6E456C656D656E743D227369642D42444230414142322D374535302D344433352D383045452D434530424543444439463537222069643D2242504D4E456467655F7369642D42444230414142322D374535302D344433352D383045452D434530424543444439463537223E0D0A20202020202020203C6F6D6764693A776179706F696E7420783D223934302E302220793D223337302E30222F3E0D0A20202020202020203C6F6D6764693A776179706F696E7420783D223937352E302220793D223337302E30222F3E0D0A2020202020203C2F62706D6E64693A42504D4E456467653E0D0A2020202020203C62706D6E64693A42504D4E456467652062706D6E456C656D656E743D227369642D31353235424646342D334539442D344438412D424638302D314636334146453136323839222069643D2242504D4E456467655F7369642D31353235424646342D334539442D344438412D424638302D314636334146453136323839223E0D0A20202020202020203C6F6D6764693A776179706F696E7420783D223537352E302220793D223335302E30222F3E0D0A20202020202020203C6F6D6764693A776179706F696E7420783D223537352E302220793D223136342E30222F3E0D0A20202020202020203C6F6D6764693A776179706F696E7420783D223331312E302220793D223136342E30222F3E0D0A2020202020203C2F62706D6E64693A42504D4E456467653E0D0A2020202020203C62706D6E64693A42504D4E456467652062706D6E456C656D656E743D227369642D37323235384134312D323033452D343238432D423731442D434133353036323532443733222069643D2242504D4E456467655F7369642D37323235384134312D323033452D343238432D423731442D434133353036323532443733223E0D0A20202020202020203C6F6D6764693A776179706F696E7420783D223236302E302220793D223238302E30222F3E0D0A20202020202020203C6F6D6764693A776179706F696E7420783D223236302E302220793D223333302E30222F3E0D0A2020202020203C2F62706D6E64693A42504D4E456467653E0D0A202020203C2F62706D6E64693A42504D4E506C616E653E0D0A20203C2F62706D6E64693A42504D4E4469616772616D3E0D0A3C2F646566696E6974696F6E733E, '0');
INSERT INTO `act_ge_bytearray` VALUES ('51641f7c5aa44a5f9b7285a4a8670762', '1', 'test_audit.png', 'dcee0532335047d8991736839740b6e2', 0x89504E470D0A1A0A0000000D49484452000003DC0000017C08060000003DD3B3DA000053E24944415478DAEDDD0B7C54F59DFFFF53A08AB7BF68A9CBB2FC6CEA6581D5AE5A31868B17349658A0E2AD4B5D8AAC525656A922D40B5A2FC0221A318518110C1711630AC4809186909A442E4908E112638C3166A5980245C4D218631CE3F77F3EDF39E730339949324998CC4C5ECFC7E3F3C85CCE5C32E7FB3E733E73CE9C310C000000000000000000000000000000000000000000000080EEA70F2F0100000000009D2BC12C65FD0500000000009D20DEAC2FCC4AB2FE8EE1250100000000A0739A6DBBC9962DDC9FD1740300000000D079CD766B970300000000805624B4D254DBD7F39D6E0000000000826CB65B6BA6D9D20D00000000401BC51BC16DB90E767A0000000000BA6DB33DA61DB7ABA3E90600000000A0F39AEDCEBA3D000000000051A7B503A485FA7E0000000000889A66BBB37607674B3700000000A0DBF33DE0D9F7CCBAD3FA1B0CDFDB7120350000000040B76FB6C77834CDCBCC52D6DFB636DD816E47D30D00000000E8F6CDB6B8D36A9A55104DB767B36DD7448FEBF94E3700000000A0DB08D404FB6B9E5B6ABAFD4D9FEA677ABED30D00000000E836CD7642104DB4BFA6BBADCDB66FD3CDEEE50000000080A8D3D6A6B7B5A63BD866DBF3F13F33D8D20D0000000088C266BBADCD6EA0A6BB473B9B6D1BDFE9060000000074DB66BBA5A6BBAA03CD76479F0F000000000061A3A35B94FD35DD1D69B67D9B6EBED30D000000005D2CCEACC7CDCA366BA7D5AC29AA4D95D4C1D75E7623F7DDB25D655DDE1149CC1B8AA2288AA2282ACAAACEAC6AB372CD7AC6706F68EA453B8770D4D71AA49F9A5564D61CB3C69975B1597D7879DAA4B5A392B7A6A52DDC6DF99DEE40D8C20D00008068247DCA20C3BD87A9F4325BCD3A68B83736F5E3E541B8986C35DA8BCDBA8097A343A4B9AD334ECC77B8DBD374F31D6E000000742703CC4AB6D68167F272A02BC9EE166F98956FB8B764A3F39AEE60B62807FAE92F7F47290FA6E9E628E5000000E8AE64CB77B9E1FE9AECE9BC1CE80AD26C67197CCFE14436DDAD35BBADFDCE766BBFD31DC81083DFE106000040F7D6C7EA77B2E979106AB21B793E03EF846A6D0B736BCDB6D1CEA6DBDEAD7D1CB30000000034DD7A4BF723BC14081539409A7C679BDDC84FBC405BBADBDA6C07DB74DB8F47B30D000000B8C9EEE5B2F72707524348C811FC9279194226C168BE7BF79D46F0BFB3EDAFE99EE8F3387C671B000000684EFA9F245E0684826CDDE668E4A16FBA3D0FA4E6D93CB7A5D9365AB91D3FFD050000000426472F979F0CE32BB538A1E20CF7EF6C23F47C772F976679A211FC4F7DF9DEAEA3BFFF0D00000074075B5967C689F69459737819C2A6E9EE287FBBAB03000000684EFAA06778197022C921F139A0567434DD9DDDBC03000000D14CD69B7379197022ED34383A7938E8E86EE0EC460E00000004478E565ECDCB8013499AB43EBC0C61D57407BB859A03A401000000C1933EA88E97012792E225082BC1EE16CE6EE400000000FD101860E8E4267A88E1FE448EEFE003000000F4436080A18D12AC663AA185EB3FA3D906000000E887C00043F0026DE9663772000000807E080C307472D34DB30D000000D00F8101864E6EBA9368B601000000FA2130C0D0B9A659F38A9FFE02000000E887C0004327CAB2E6552F5E0A000000807E080C30748E38B35C065BB801000000FA2130C0D0A932ADF924B5939703000000A01F02030C1D37C438BE75DB2E0E9A06000000D00F8101860ECAF269B6EDADDC7C971B000000A01F02030CEDE46FEBB65DE3787900000000FA2130C0D03ED9019A6DA9225E1E000000807E080C3004AFA5ADDB7C971B000000A01F02030CED94D54AB3CD11CB01000000FA2130C0C0BC0200000058C706030CCC2B00000080756C8001C6BC02000000C03A361860605E01000000AC63830106E615000000C03A36C000635E01000000601D1B0C3030AF00000000D6B1C10003F30A000000601D1B608031AF00000000B08E0D0618985700000000EBD86080817905000000B08E0D30C098570000000058C706030CCC2B00000080756C30C0C0BC0200000058C7061860CC2B00000000AC63830106E615000000C03A361860605E01000000AC63030C30E61500000000D6B1C10003F30A000000601D1B0C3030AF00000000D6B1010618F30A00000000EBD86080817905000000B08E0D0618985700000000EBD800038C7905000000B08E0D30C09857BC0400000000EBD86080817905000000B08E0D0618985700000000EBD800038C790500000080756C30C0C0BC0200000058C706030CCC2B00000080756C8001C6BC02000000C03A361860605E01000000AC63830106E615000000C03A36C000635E01000000601D1B0C3030AF00000000D6B1C10003F30A000000601D1B608031AF00000000B08E0D0618985700000000EBD86080817905000000B08E0D30C098570000000058C706032CA4FFB052BD535252664E9C38716F6C6C6C43EFDEBD95F53A509D503D7BF6FCEEFCF3CFFF6CF8F0E11BCDBF238918000000E887C000EB06962D5B76CFC89123EB636262D49C39B3557E7E9E6A68F8CAECC1BFA33AA9E4F52C2A2A548989CFA981030736F6EFDF7FAFF9D25F4CD4000000403F040658944A4D7D657DBF7EFD5452D20BCAE56A349BC3262A04959CBC48F5E9D3E7AB534F3DF526E206000000FA2130C0A2B0D9BEE0820B5451D176B309FC960A71959797A9BE7DFBFEC39C1563881C000000E887C0008B12CB962DBD47B66C17156D339B3F97572D5DFA921A3326418D1A75BDBAFEFA6BD40DF12355F2A2A466D3511DAFF2F2BDEA94534EF9C260F772000000D00F81011605FF9C52BD478EBCA63E29E979F3E4375EB562F95235FAE7A3D4ADB78CD53576CC8D2A3EFE5A3574E8156A916EBABFA13AB91213E77FDEAB57AF3C6207000000FA2130C0225C4ACAC29931313F522E57BDD9F0357A55C2A878DD68DF70C348A77EF6B3EBD4F061579A4D776CB3E9A9CEA9B3CF3EFB5373D6C4113D000000D00F810116C1264E9CB077CE9C27CD46EFEB663562789C7A61C17C95F556864A7931496FD9BE6AC4507DB99C76B9BEF47B3BAA63356DDABD3BCD599348F4000000403F040658048B8D1DD2909F9F63367A0DCDEAEEBB27AA837FFD546DDDF28ECAFED306B5EAD554B53E738DFAB8FA43F53F5327AB6FBFFDD2EFEDA88ED5BBEFE61E3067CD4EA207000000FA2130C02258EFDEBD5543C3E766A357DFAC1E9BF5902A2EDAA276146F55BB7795E892D33B766C578F3DF690DFDB501D2F991FE6AC71113D000000D00F810116E1FF9F525F362B97EBEF6AD6AC996ACA6F26A992924255FEDE1E5DBB76ED50D3EEFB6F35E3C1FBD4D75F7FEEF7B654C78B051B000000E887C0008B8A86BBCEAB1A1B3F57EBD6BDA662637FAAAA3FAA540F4EBFCFAB4A4B8BD590CB2F55AFAF4E550D0D9F35BB3DD5F162C106000000FA2130C0A2A2E1FE8753DF7D774CBDB5215D0D1B1AAB6AAAABD47B65BB55EEE68D2AF3CD3FAAB4D757AAD4575E329BF134BD7BF995575EAED2D357A86FBFFDC2EB3EA88E170B36000000D00F810116150DF731A7B66ED9A47F6B5B9AECBCBCCDEACD8C74DD68AF58BE44BDBC78914A7AE159F5CCBCA7F501D416BFB4505D7BCD08B5F1ED355EF74175BC58B0010000807E080CB0A868B8FFEED463B37EA78F442E8DF5B2D4C5BA96BC9CAC92172D50CF27CE53FF3BF749F5C4EF1F513367FC563DF9C4A366B39DA97E37F37EAFFBA03A5E2CD8000000403F0406585434DC5F38250DB7FC04D8EDB7DDACDE487B5537DAD27C3F3B7F8E9A3BE709F5DCB37375D32D4DF898D1096A73CEDB56C3FD05D589C5820D000000F44360804545C37DD4A9BD7BB7A9471F99A17E79FB38DD50CBAEE4FE2A2E6E88FAF584F17A6B7769E9BB5EF74175BC58B0010000807E080CB0A868B83FF72AD7377F535F7EF9A94A7CEE699530EA3A3562F8956AE8D02B54DC9543D450B3D1BEE6EAE1EA81FBEF51C78EFD454FEB7B7BAAE3C5820D000000F44360804545C37D840AB362C106000000FA2130C0A2A2E1FE8C0AB362C106000000FA2130C0A2A2E13E4C8559B16003000000FD10186051D170FF8D0AB362C106000000FA2130C0A2A2E13E448559B16003000000FD10186051D1701FA4C2AC58B0010000807E080CB0A868B80F5061566D18774F98D5403C010000403F0406585837DC7FA5C2AC5A1877D2687F6D5DCFC20F000000F44360808577C35DEBB7E4BA850B67ABC4C4C775EDDB57AC2F2B29D918F036C196DC5F6666AA733A27E7757DBABA7A5BC0DB9497BFA3F6ECC9F17A1EBECF4BCECF9A35ADD963CD9F3F4B9F3E74688FD77555555BF4F5478E94377BBCDADAD26697555616E8E96B6A0AF5F90D1B96AB33CE38BDDDFFBBBFEB5A69B469B8010000403F040658F837DC9FFAADE30DA1F76559592BBC2EBBF9E6043579F2AFCC86BC48979CBEF7DE3B9DF3729BB9731F72A6EFD9B3A74A4E9EE35CE76EE6DDA7CBCBFF6C36CE6FAB33CF3C434F5B5DBD553F9EDD606EDCF8AA1A3FFE176AC2845BF469B9ACB676A7FE2BD37A3ECF952B5F704EEFDFBF43FFADACCC5705056BF569794CCFE967CF9EA98E1E7D5FFFCF727ECA94FF741EC3BE2FCFE91F7FFCB75EE72FBFFC277AFAD1A3AFD7CFCFBEEEC61B47AAE9D37FA31FEFDC73FF45CD9831C56CF0DFD5B7A9A8C80BF8DA5BF3679EE1DE755C0528000000807E080CB0F06DB8F7FB2DBBA94C4C7C4C97DD146FD9B22EE06DA42EBCF0C72A36F6D216A7B1EF5F9ACFC387F7E8F3070E94EABF7979E9FABAFAFA2A7D5E1E5BCE9F724A6FDD7C8F1D1B6F36C37798CDED4A7DF9B1631F585BB8B3D4A143BB9DCB972C99AF9F4B46C612B560C1EFF565757595FA6F41C11AE77948132E973535EDD37FABAADC5BAFE5F9AC59B3586DD8B0CCEB79DBD36567AF52A5A51B556E6E9A7ECE725EFE17FBB1FDFDCFF23FC8EB77CE393F50C3865DAE9FABFD7CF7EF2FF67A6D0CFF5BB469B8010000403F040658E434DC7F695665659BD49E3DD9AAB1F163AFAAADDDA11B447FB7B1EB78C3EDFFFA82823FAA6BAF8D533939AFA9949439EAB4D34E359BE60A75F2C927A93BEEB8C96C62DF369BDA4F9CE9EDE652A6ADABFB40A5A7BFA8060E3C4F2D5CF894BE5CA67737D31F78DD46A697D32E578D2A2FDFAC2F4B4D7D4E3F5645C59FF575870EEDD297A7A52D5283075FA09B79FBF6F6FDCAEB20A7EDFB5EB52AC9DAFABF54DD7CF328E771ECE7939BFB7AC0FF5DB6DCCBF5329DBCC6F663C97D794ED786469BA2288AA22877D599B5C7AC6CB39E312BDEAC5EACC202F44360808549C3BDAF592D59324F5D74D1BFAA2D5BD6A8D5ABFFA0AEBB6E989A3DFB417D5E6E5358F8A6DFDB49B91BEE4B025E2F65E82DC9EE2DCBF3E63DA48E1CD963ED1E5EACAF97F39ED326253DA1060CF867B3A9AE50C9C94FEBCBA64E9D607D57FB5EBD9BBA3D7D6363B5F3265C5D5DA0B2B296A98D1B5778955CB76DDB3A3D7D76F6ABAAA6668BD7E31B7A2BF81FF56DFBF63D5B6F8D96CB8F1E2D536BD6A4E8867FFAF4BB557CFC087DD94F7E32488D1E7D9DBE6F792EF2E1815C6EDF974C27D7C5C40C50975C32D86CBA577B3D965CE7FBFA58F3E715B3BE35C2730B771FB3069935C6ACC7CDCA35EBA0594966F563D101049D236914B6922380F723807E080CB0A86AB83F695672F95D77FD529F4E4B5BA8B7427B5E9799B9C4EFEDA42EBC30C66AB89B5F575FFF81F55DE7E5FA7E648BB69C2E2BCB76EEF7ACB3CED4BB5CEFDF5FE83C9E34A90505E9BAD996A6559ADB55AB5EB0BE8BBDCDF92BD3A7A6CEB7B64C6FB41AEBB57EFF3FFB7F387A74AFF57DEACDFA7C6D6D91F3DCEC6957AF4ED2A70F1FDEE55C26CDF88D375EAB1F4F2E5BB8F049DD6837347CA8FF4FCFC7CAC858EC9C970F0D9A9A6A9C0F040CFDDDF59C66CFCF673EBD1AA0F10E3703ACA6415674EE61F101B43B47C9667D61D64C5E0E80F723807E080CB0886EB8FFAF59B91BEEDB9DD3D3A7DFE5755D66E6CB7E6F2775BCE1F67F7D71F19BFAF676232BBB725757BBB776BB5CD5CDEE5FCE2F5E2CBB93BFAF0E1C2856E9E98BCCA6FD625553E36E560F1D2AB1BEC3BDDE6C643F562929B3AD03A4E5EADB6FD8B05437F59326DDA6CB6EF6E5FA86864AA77995E90A0BD7A98B2EBA5037E9EE263CC76AE6B7367B7DC68EBD5EDD7A6B82D92C6FD2FFF39123BB5476F60AEB68EBAF7A4DEB6EB8BD5F87C4C447F5070B5959A97E5FFF00F3CB778B77B8922D0DB28561AD59A7B31801DA9DA372C3BD9B2C3902783F02E887C0008BCC86BBA65919FA27C19E50F5F5EF5B074A4B379BD03566435B6D36ACCBFCDEC6AEE30DB7FFEB6B6B0BD5F2E5CF5A3FD3F590D96CE7A9F3CEFB7F6AEEDC079DC77637DCC79F4B72F293BAA1DDB76F8B6EB8E5B2C6C60FADADC479D62EE0696613BDD96CDA3FB29AF917023E07CFC73876ACCC795E72FF863E605A91D948675BDF057FDAEFEDA5E1B6FF4F795CF97EF61D77FC42DF56AE5FB0609633AD5C7FF4E86E75D965FFA666CF9EAE2F97D7D4D0DFF95EE5F7FE5B996FF616EF7026DF9FCBB2567200B44F1F2B47D906DF4905783F02E887C0008BC486FB63BF75E448A9F5B35D8FE8F315159B9CADC10D0D15FAB2C3874BD44D37C5EB9A3265BCD93CBEAAB7DA9E7B6E7F7D5A2A2D2DC93A08D97A7D1B437F577ABBD52CBFA31B5A431F25FC23E7FACCCCC5CEF390F3C386FDD46CF4535546468A4A4D7D463F867D9DDC87A177F15EEA759BF2F23FA9C2C2B5BA09969A34E9565D723FEE2638C76C82DD074DEBD7EF87AAACCC7D90B4BCBCD5CEF35BBC78B6B5F57B89D76B63E803B03D6336FD95FAB9DD7BEF0475E850B19A376FA6FAFEF77BE9FBF29C566AD5AAE79DFF511E431E535E1FFB317DEF3F8A567264CB02BBF3011D6BBA654BF723BC1400EF4700FD10186011D770577B554ECE0ADDBCF6EF7F8ED974EF6C76BDDC66DAB489CEF98686F79B4D13A81A1B3FD0D3CBFDCBFD1C3EBCC36A385FF3BA7F77F37CFC7C4949863EED727D681DE13B4B9F6F6AAA72A6292878DDEB360B163CAAA7F7F73CE4FAE2E275FAF4BE7D05FAAF7C77BCA6264FDFCFE0C1E73BD3CA63B93F30C8F4BAFD810385FABA6DDBD2D5E8D1D7AA5B6F1DE5F7F1E4B9DB97575464ABABAFBE4237F2BEF7BF7AF502AFFB8FA23126BBF37D6A70E01AA0A339FA8C1C01BC1F01F4436080455CC3FD51445553D3879D324DA89E4B7BA68FC2712707AE496271027448323902783F02E887C0008BB886BB8A0AB38AC27127478B9523C5F21D54801C01E408A01F02BA53C3FD21156615A5E34EBE3B97C02205E890ADE408E0FD08A01F02032CA21AEE4A2ACC2A4AC7DDE3867B573E00ED37871C01BC1F01F44360804554C3FD01156615A5E36E8CE1FE6923001DCB512E2F03C0FB11403F040658C434DC15549855948E3B393AEC1E162940877354CDCB00F07E04D00F810116310DF7FB549855948E3BF92DE13A1629003902C811403F0474A386BB9C0AB38AE271C7021B2047003902C80BD09D1AEEF7A8302B1A6E00E4082047007901032C2A1AEE322ACC8A861B003902C811405EC0008B8A867B2F156645C30D801C01E408202F60804545C3BD870AB3A2E106408E007204901730C0A2A2E1DE4D8559D170032047003902C80B186011EEE4934FFAAEA1A1C86CF2765161525F7D55B8CF9C352EF204801C01E408202F608045B0C1837F7C283F7F89D9E895526152EBD73FFFB6396B76922700E4082047007901032C825D75D565EBE6CC994AA31B463576EC5569E6AC49244F00C811408E00F2020658041B30E007B103069CF38DCBB58366373CEA931E3D7A5498B3268E3C012047003902C80B186011AE7FFF1F9626253D48B31B063566CC554BCD59924B9E009023801C01E4050CB0E830E8CC334FAB2F2A5A41D3DB85959FBF74BD392F0E9A75317902408E007204901730C0A247FC39E79CFD779AEEAE6BB67BF4E85163CE8731E409003902C811405EC0008BC2A6FBA493BE7F6CDEBCFB3EE73BDDA1FBCEB6B51BF9C16ED06CB3C006C811408E00F20274EB0136A867CFEFE59C7EFAA987A74CB965F7A64D2F1E6C6828A431EEC4FAEAABEDFBE4A7BFE468E4D601D2E43BDB17932700E408204700790103AC7BB8D4AC39666D35ABC17A1DA8CE2997E1FE9D6DF9E9AF38F204801C01E408202F6080219C6559F3AA172F057902C811007204901730C0D039642BB1CB9A5709BC1CE409204700C811405EC00043E7C8348EEFAEBD9397833C01E408003902C80B1860E8B821C6F1ADDB768DE165214F003902408E00F20206183A26CB687E5032D9CACD77B9C913408E00902380BC80018676F2B775DBAE71BC3CE409204700C811405EC00043FB641B817F7AAB8897873C01E408003902C80B1860085E4B5BB7F92E377902C811007204901730C0D04E59AD34DB1CB19C3C01E408003902C80B1860605E318F009023801C01E4050C3030AFC03C02C811408E00F20230C09857601E01E408003902C80B1860605E318F009023801C01E4050C3030AFC03C02C811408E00F20230C09857601E01E408003902C80B1860605E318F009023801C01E4050C3030AFC03C02C811408E00F20230C09857601E01E408204700C80B1860605E318F009023801C01E4050C3030AFC03C02C811408E00F20230C09857601E01E408204700C80B1860605E318F009023801C01E4050C3030AFC03C02C811408E00F20230C09857601E01E408204700C80B1860605E318F007204801C01E4050C3030AFC03C02C811408E00F20230C09857601E01E408204700C80B4E882C6B40B5543B799958188079049023801C01E40508CE10B35CAD34DC63789958188079049023801C01E405085E760BCD769159BD788958188079049023801C01E40508DE90161AEE71BC3C2C0CC03C02C811408E00F202B49FBFEF72CB77B7D9BACDC200CC23801C01E408202F4007F8FB2E37DFDD666100E611408E0072049017A013641A6CDD666100E611408E0072049017A0D3C57934DC09BC1C2C0CC03C02C811408E00F202741EFBBBDC6CDD666100E611408E0072049017A0130D6180B13000F3082047003902C80B22678E29D53B252565E6C48913F7C6C6C636F4EEDD3BD0CF70512D54CF9E3DBF3BFFFCF33F1B3E7CF846F3EF4846160B03E611408E00902380BC7463CB962DBB67E4C891F53131316ACE9CD92A3F3F4F35347C65F6E0DF514196BC6E4545852A31F1393570E0C0C6FEFDFBEF355FE28B5918807904902300E408202FDD4C6AEA2BEBFBF5EBA792925E502E57A3D93436519D58C9C98B549F3E7DBE3AF5D4536F626100E611408E00902380BC74A366FB820B2E504545DBCDE6F05BEA0455797999EADBB7EF3F8CEEF9BBE12C0C9847003902408E00F2D2BD2C5BB6F41ED9B25D54B4CD6C0A5D5EB574E94B6ACC9804356AD4F5EAFAEBAF5137C48F54C98B929A4D47B5BDCACBF7AA534E39E50BA3FBED5ECEC2807904902300E408202FDD68EE28D57BE4C86BEA93929E374F7EE3552B962F55A37F3E4ADD7ACB585D63C7DCA8E2E3AF5543875EA116E9A6FB1BAA9D959838FFF35EBD7AE5B13000F308204700C811405EA2544ACAC29931313F522E57BDD908367A55C2A878DD68DF70C348A77EF6B3EBD4F061579A4D776CB3E9A9E0EAECB3CFFED49C05712C0CC03C02C8110072049097283471E284BD73E63C6936805F37AB11C3E3D40B0BE6ABACB73254CA8B497ACBF6552386EACBE5B4CBF5A5DFDB516DAB69D3EEDD69CE82441606601E01E408003902C84B148A8D1DD2909F9F6336800DCDEAEEBB27AA837FFD546DDDF28ECAFED306B5EAD554B53E738DFAB8FA43F53F5327AB6FBFFDD2EFEDA8B6D5BBEFE61E3067C14E1606601E01E408003902C84B14EADDBBB76A68F8DC6C00EB9BD563B31E52C5455BD48EE2AD6AF7AE125D727AC78EEDEAB1C71EF27B1BAAED25AFBB390B5CDD64A825580B830452C7021B204700C811405EBACD0C52EACB66E572FD5DCD9A35534DF9CD24555252A8CADFDBA36BD7AE1D6ADA7DFFAD663C789FFAFAEBCFFDDE966A7B759380C49B2547654FB2FE8E21762CB0017204801C01E4A59B34DC755ED5D8F8B95AB7EE35151BFB5355FD51A57A70FA7D5E555A5AAC865C7EA97A7D75AA6A68F8ACD9EDA9B657370848BC4F932D5BB83FA3E966810D902300E408202FDDA4E1FE8753DF7D774CBDB5215D0D1B1AAB6AAAABD47B65BB55EEE68D2AF3CD3FAAB4D757AAD4575E329BF134BD7BF995575EAED2D357A86FBFFDC2EB3EA8B6579407C4B7D96EED72B0C006C8110072049097686BB88F39B575CB26FD5BDBD264E7E56D566F66A4EB467BC5F225EAE5C58B54D20BCFAA67E63DAD0FA0B6F8A585EADA6B46A88D6FAFF1BA0FAAED15C5014968A5A9B6AFE73BDD2CB0017204801C01519A970166DD67D65AB3AACDAAB39E7083599F989569D64C6BBA286EB8FFEED463B37EA78F442E8DF5B2D4C5BA96BC9CAC92172D50CF27CE53FF3BF749F5C4EF1F513367FC563DF9C4A366B39DA97E37F37EAFFBA0DA5E51FA86D2D6669A2DDD2CB0017204801C015198977166E55A4DF62B66DD66D620B34EB7AE97BF31562390644D976FD684E86CB8BF704A1A6EF909B0DB6FBB59BD91F6AA6EB4A5F97E76FE1C3577CE13EAB967E7EAA65B9AF031A313D4E69CB7AD86FB0BAA1D15856F28F146705BAE839D1EACE000E408204700C2342FD244679B556E35D3BD82B8AD3404F29BC95BCDBA20BA1AEEA34EEDDDBB4D3DFAC80CF5CBDBC7E9865A7625F757717143D4AF278CD75BBB4B4BDFF5BA0FAAED15656F28EDDD622DB7ABA3E966810D902300E40888DCBC8C37EBA0E1DE45BC5707EEE73EEB7EA2656BB7D9F87DEE55AE6FFEA6BEFCF25395F8DCD32A61D4756AC4F02BD5D0A157A8B82B87A8A166A37DCDD5C3D503F7DFA38E1DFB8B9ED6F7F654DB2B8ADE503ABA7B38BB97B3C006C81100720444685E64255EBE931DD749F777A9757F93A3A3E13E42755145C91B4A6B07480BF5FD80151C801C01E408202F2132DE6A8E633AF97E63ACFB8DF42DDD66E3F719D54515056F289D7DB471B674B38203902300E4088890BC48532CBB7FC79DA0FBBFD4BAFF4191DD701FA6BAA822FC0DC5F78067DF33EB4EEB6F307C6FC781D458C101C811408E0044405EE448E4334FF063C877BAB74676C3FD37AA8B2A82DF507CB7444BB3BCCCFA7F9605D17407BA1D4D372B38003902C8118030CE8BFCF4971C8DBC77081E6B8F11B9BB969B8DDF21AA8B2A42DF50FCEDF67DA7F5BFA8209A6ECF66DBAE891ED7F39D6E5670007204902300619A97DC10AEA84B0312A95BB9CDC6EF20D54515816F28819A607FCD734B4DB7BFE953FD4CCF77BA59C101C811408E0084595E0618EE039AF50AE163561B9D7F60B68E7EE030A26D0DF701AA8BAA8B02D2D6B111A8D94E08A289F6D774B7B5D9F66DBAD9BD9C151C801C01E4084018E445BE57BD38C48F99689CF8EF8B07FBC22BABB98A6BB9E1FE6B874AEE23337399733A27274D9FAEAEDE1EF036E5E5EFA83D7B36AB92928D5EF7E379DEAE7DFB76A8934F3EA94DCF63FCF89B9A5DB666CD12BFD36767AF56679E7946BBFFE79494799DF2DA85F1D8684FD3DB5AD31D6CB3EDF9F89F196CE96605072047003902D0E579596BD66D217E4C6904B2C2B0E1B62BDBF0BF55D36CFC6A83AE9E3D7BAAE4E43966335CACEF3F31F171E7B434D3D238BB9BD95AB3F1DEA6B2B2563ACF65E3C655BA319E30E1167D5A2EABAD2DD57F655A7F8F27D79D724AEF80CFE7D0A13D7A9A0103FE59DF67FFFEFFA4D2D25E349BE2FF55175DF4AFCEE31C3B56D9EC7E2B2AF2544D4DA19EE6D65B7FAE264FFE95337D7171969EAEB07083BE6CD2A45FEABFF23871713FD5A7A5366C58AECE3BEFDCA05FC72E6EB85B1B1BBECD765B9BDD404D778F7636DB36BED3CD0A0E408E007204200CF222BB775F10E2C78C31EBD3306EB83DB76A8EF06EB83F6D77C9ED67CC98A20E1FDEABCF1F38B04BFFCDCBFBA3BEAEBEFE237D5E1A72BB69CECA5AA1C68EBD414D99F29F66B3FAAAD3081B7A0BF7DB7AFAF2F23FEBE6574AA691E6B95FBF1FEAC7B26F3371E26D7A5A97EB13DDF0CA6969B40B0BD7AB6BAF1DAAE6CD7BD8798ED278DBCFF9C891F7D4B06143F4FDD8CFCB7EDE86DE5A9FEA9CCEC858EA9C5EB366B1731FB2C55D6E6B9FFFFEF77BA9C71FFF6DBB5EBF301E1BED69B65B6ABAAB3AD06C77F4F980151C801C01E408202F9DA4CEACD343FC98F2780D11D0707B6ED58C7337DCFB83AE828235BAA9CDC9596D36B373D569A79D6A36CD1FE846F48E3BC6A9D2D28DAAA9699F33BDFDB8326D5D5DA54A4F4F5103079EAF162E7C5A5F2ED3CB5FB9CEDFE35D78E18F556CECA5019F8F3CEEE8D1D7A949936E371BE9956AF1E2797A0BB434E8F66572FF6969C9CE6DE4F9C9659595F9AAAC2CC76CDCFF4F9FCFCE5EE53C67799E72BAA1A15A9597E79ACD7A992EB96EE5CA17F4E99A9A6DBAD16FCFEB18660DB7EFD8E8E816657F4D77479A6DDFA69BEF74B382039023801C01E4A51B8554456229F5977695DCB6AA2A5FFF9D37EF21B3F9DC6BED1EBE435F2FE73DA74D4A7A42EF8A5D57F7814A4E9EAD2F9B3AF5D7FAEFAC59F7E9DDD4033DD6F186BBF975F6E3EEDF5FA4FF8E1D1BEF34D95959CBF58701FBF615AA8A8A3F7BDDEE8927EED75BDC6FBF7DB4DAB265ADAAAE7E57DFFED0A15DCE73CEC858E2F53FA4A52D528D8D1F5B5BC297EAD3D9D9AFEAC768EF6B18E695D4C14CC86EE4BE5BB6ABACCB3B22C9BAAF3E2C6359C101C811408E00F2125A6CE10EDC40ED34DC5B2CED23B89B8DDFBEA0AABEBE525D7EF94FCC867685BECF3BEEB8499F2E2BDBE434A2679D75A63AE79C1FE826586E23975F72C9605550F047B3D97E5AC5C40CD05BA457AD7A415FB76FDF76E7AFFD38DBB6AD5393278F57B9B9ABF5EEE452F238CB9727EA695DAE8F9B3D37FBF1EDF38D8DD5FA32B90FDFE92A2A729DD7E5E8D132B3A1BF44C5C78FF09A2623E365AFF323465CE1FCDFF2DCE4B46CDDBEF9E65141BF8EF67D86F1D868EDA8E4AD69690B775B7EA73B10B670B382039023801C01E8C2BCF01DEED69B29E378C3FD49D0555C9C6936B64BF47DAF5E9DA4060FBE40555717388DB0BBF15DE24C2FE7172F96DDC92BD481033B547A7AB26EDA6B6AECADCA3BADEF706F706ED3D8F89173FAC20B637443DCDAF392FB90E9264DBACD6C8697ABACAC65EA8C334EF39A66DFBE6DFABEA50C7D54F5552A2F2FCD6AF8B7398F6DE8DDCB577ADDB7FD3F19FAE06FCBF56969E6DD07880BFE750C93863BD0D8B09BDB3AE3C47C87BB3D4D37DFE16605072047003902D0C579E128E5C79B9A22B3C619817F93DC6CFCFE2FE8AAAD2D54CB973FA71F63FEFC87CC663B5F1FA57BEEDC19FA7A7773FAB233BD9C4F4E7E4A1D39B2CB6C6AB79A0DF7227D59636395757472F7AEE905056FF87DBCE30D77CBCF4BEEE3E187EFD18F6197BB715ED16C5AFBB16B6A0AD4E1C3A5CEF390EBAAAADE71AEF3BCEFF8F8E1BAD136F416EEFFD0A7FBF63D4BCD9831B95DAF631737DCAD8D0DDF26B7AD5B9403FDF497BFA39407D37473947256700072049023006190177E87BBE5AD963E0D774DD065E8EF6A175A4D6A9E4A49711FFCACA9A9DAB9DEDD701F9F7ED830F919AD652A23E325959AFA8CDEE5DCBE4EEE43FE6665BDE2F7F18E37DCEEF32ED747D6AEE0BB9B3D2FCFC7B52FF377BFF5F5EF5B5BB5B758DF01DFA69F875C2EBBBCCBF36DE9FF97FFA53DAF9DEFFD84F1D8F0D774B7D6ECB6F63BDBADFD4E7720430C7E879B151C801C01E4084058E46580599F04D9507494ECC61E13893348A98F83AAC6C64AD5D0506136B14B75C374F87089FE9B97B7DA99C6DDE42EF53A5F52F2A63EED72B9B72C9795BDADCF37357DE44C5350906636BCE5EAE69B7FA6E6CE7D5025263E6236C4EFAAA953FF534D9B36519F962A2C5CAB4E3BED1475ECD85EAFE76638BB94DFAA6BE3C654ABA17FA7D9FF5157F79E75E0B6FFD4CFC97E2EF26180EFFFE35B86DE6ABE3CE8D7CEDFFD44D058696D0B736BCDB6D1CEA6DBDEAD7D1CCB535670007204902300E191975C23745BC3A421D81AA93348A9EA905753535544DDEF897A9C087C4309B4A5BBADCD76B04DB7FD7834DBACE000E408204700C2282FB2825E6E84662BB7ECA23B21721BEE8FA82EAA087D43912DDDBEBB77DF6904FF3BDBFE9AEE893E8FC377B659C101C811408E0084695EF28D13FFBD6AF9BEF85623B4BBAF7772C35D45755145F01B8AEF4F867936CF6D69B68D566EC74F7FB182039023801C0108F3BCC49875D0ACB81374FF975AF73F28926790521F525D5411FE86E2BB7BB934CB138DE07FEACBF7761DFDFD6FB082039023801C01E42544C61BEE03A8C59C80665EEE7742A4CF20A52AA92EAA287843E9ECDFC5F6B7BB3A58C101C811408E0084715E2659CD71676DE9BED4BABF47A2610629F501D54515256F289DD5747776F30E5670007204902380BC84886CE9962D67F29DEE8E7CDF5ABEB37DD06AE2A36206295541755145D11B4A47770367377216D8003902408E8008CF4B8CE1FEB9B0F276ACD8CBD6B722C37D80B441D13483947A9FEAA28AB23794F61E559C03A4B1C006C81100720444515E6EB31A6FD92D7CB1E1FE09B10BCC3ADDBAFE74AB39970620D1AC6AABD19E6444EED1C85B68B8CBA92EAA287C430976B770762367810D902300E40888D2BC0C30EB01B3D65ACD7783F584E5EFA7666519EE5DD063A2790629F51ED54515A56F286D6DA2879855677DE00516D8003902408E00F2128D0D7719D54515C50149B09AE98416AEFF8C669B0536408E00902380BC4479C3BD97EAA28AF28004DAD2CD6EE42CB0017204801C01E4A5BB34DC7BA82EAA6E1010DFE69A669B0536408E00902380BC740F279F7CD2770D0DC566F3B79B0A717DF555E13E7316B8BAC130B39BEC249A6D16D8003902408E00F2D26D0C1EFCE343F9F94BCD06701715E25ABFFE85B7CD59B0B39B0CB5046B61C04F7FB1C006C8110072049097EEE1AAAB2E5B3767CE54B3012CA5425C63C75E9566B87F768E85019847003902408E00F2126D060CF841EC8001E77CE372EDA0090E6D7DD2A3478F0A7316C4B13000F308204700C811405EA254FFFE3F2C4D4A7A902638843566CC554BCD973E9785019847003902408E00F212DD069D79E669F545452B68864350F9F94BD79BAFF941B32E666100E611408E00902380BC44BFF873CE39FBEF34DD27BED9EED1A3478DD13D8FD4CDC2807904902300E408202FDDB7E93EE9A4EF1F9B37EFBECFF94E77E77F67DBDA8DFCA0D17D7F168B8501F308204700C811405EBAB5413D7B7E2FE7F4D34F3D3C65CA2DBB376D7AF1604343210D733BEAABAFB6EF5BBFFEF9B7E568E4D601D2E43BDB17B33000F308204700C811405EBAB74BCD9A63D656B31AAC194905572EC3FD3BDBF2D35F710C291606CC23801C012047007901C0C2807904801C01E408202F0058188079049023801C01E405000B03308F007204801C01E405000B03E611007204902380BC00606100E611408E0072049017002C0CC03C02C8110072049017002C0C984700C811408E00F2028085019847003902C811405E00B03000F308204700C811405E00B030601E012047003902C80B001606601E01E4082047007901C0C200CC23801C012047007901C0C2807904801C01E408202F0058188079049023801C01E405000B03308F007204902300E405000B03E611007204902380BC00606100E611408E0072049017002C0CC03C02C811408E009017002C0C984700C811408E00F2028085019847003902C811405E00B03000F3082047003902405E00B030601E01E408003902C80B001606601E01E4082047007901C0C200CC23801C01E408007901C0C2807904902300E408202F005818308F7809007204902380BC00606100E611408E0072049017006061C03C02C8110072049017002C0C984700C811408E00F2028085019847003902C811405E00B03000F308204700C811405E00B45B9615FE966A272F130B6C801C012047007901109C2166B95A69B8C7F032B1C006C811007204901700C1CB6EA1D92E32AB172F110B6C801C01204700790110BC212D34DCE37879586003E408003902C80B80F6F3F75D6EF9EE365BB7596003E408003902C80B800EF0F75D6EBEBBCD021B204700C811405E0074824C83ADDB2CB0017204801C01E40540A78BF368B8137839586003E408003902C80B80CE637F979BADDB2CB0017204801C01E40540271AC2C2800536408E00902380BC00E19F2AA57AA7A4A4CC9C3871E2DED8D8D886DEBD7B07FAF92D2A88EAD9B3E777E79F7FFE67C3870FDF68FE1DC9029B1C51E4881C912372448EC81139222F4037B26CD9B27B468E1C591F1313A3E6CC99ADF2F3F35443C357E6B2FA3BAA8325AF635151A14A4C7C4E0D1C38B0B17FFFFE7BCD97FC625670C811458EC811392247E4881C9123F20244B9D4D457D6F7EBD74F2525BDA05CAE467361D2449DC04A4E5EA4FAF4E9F3D5A9A79E7A132B38E4882247E4881C912372448EC8117901A278A17CC10517A8A2A2EDE642E35B2A44555E5EA6FAF6EDFB0FA37BFC7EB8224714392247E4881C912372448EC80BD0AD2C5BB6F41EF904B4A8689BB9B07079D5D2A52FA9316312D4A851D7ABEBAFBF46DD103F52252F4A6A361DD5FE2A2FDFAB4E39E5942F8CE8DF9D4F912372448EC811392247E4881C9123F202741B72208D9123AFA94F4A7ADE3CF98D57AD58BE548DFEF92875EB2D63758D1D73A38A8FBF560D1D7A855AA417CEDF509D548989F33FEFD5AB571E2B38E4882247E4881C912372448EC8117901A2444ACAC29931313F522E57BDB98068F4AA8451F17A817CC30D239DFAD9CFAE53C3875D692E9C639B4D4F75ACCE3EFBEC4FCD5912C70A0E39A2C811392247E4881C912372445E80283071E284BD73E63C692E18BE6E562386C7A91716CC57596F65A8941793F427A0578D18AA2F97D32ED7977E6F47B5AFA64DBB77A7394B1259C1214714392247E4881C912372448EC80B100562638734E4E7E7980B86866675F7DD13D5C1BF7EAAB66E794765FF69835AF56AAA5A9FB9467D5CFDA1FA9FA993D5B7DF7EE9F77654FBEADD77730F98B364272B38E4882247E4881C912372448EC8117901A240EFDEBD5543C3E7E682A1BE593D36EB21555CB445ED28DEAA76EF2AD125A777ECD8AE1E7BEC21BFB7A1DA5F321FCC59E26205871C51E4881C912372448EC81139222F4094BCE928F565B372B9FEAE66CD9AA9A6FC66922A292954E5EFEDD1B56BD70E35EDBEFF56331EBC4F7DFDF5E77E6F4BB5BFA27CA1A6C811392247E4881C912372448EC8117901BA59C35DE7558D8D9FAB75EB5E53B1B13F55D51F55AA07A7DFE755A5A5C56AC8E597AAD757A7AA8686CF9ADD9E6A7FB182438E2872448EC811392247E4881C911720AA16CCFF70EABBEF8EA9B736A4AB614363554D75957AAF6CB7CADDBC5165BEF94795F6FA4A95FACA4BE6423B4DEF8674E59597ABF4F415EADB6FBFF0BA0FAAFDC50A0E39A2C811392247E4881C912372445E80A85A301F736AEB964DFA371965619C97B759BD9991AE17C82B962F512F2F5EA4925E78563D33EF697DA08DC52F2D54D75E33426D7C7B8DD77D50ED2F5670C811458EC811392247E4881C9123F20244D582F9EF4E3D36EB77FA8895B2005E96BA58D792979355F2A205EAF9C479EA7FE73EA99EF8FD236AE68CDFAA279F78D45C2867AADFCDBCDFEB3EA8F6172B38E4882247E4881C912372448EC8117901A26AC1FC8553B260969F8AB8FDB69BD51B69AFEA05B22CA49F9D3F47CD9DF3847AEED9B97AE12C0BEB31A313D4E69CB7AD05F3175427142B38E4882247E4881C912372448EC8117901A26AC17CD4A9BD7BB7A9471F99A17E79FB38BDE0955D8EFC555CDC10F5EB09E3F5A7A2A5A5EF7ADD07D5FE6205871C51E4881C912372448EC81139EA2259D6736EA9761A00825D307FEE55AE6FFEA6BEFCF25395F8DCD32A61D4756AC4F02BD5D0A157A8B82B87A8A1E602F99AAB87AB07EEBF471D3BF6173DADEFEDA9F6172B38E4882247E4881C912372448EC851171962B87F3BBCA5867B0CED1310F482F9081526C50A0E39A2C81139A2C811392247E4A80B65B7D06C1799D58BF609087AC1FC191526C50A0E39A2C81139A2C811392247E4A80B0D69A1E11E47EB04B46BC17C980A938AE2958004EB7F4B204714392247E4881C912372448EC29ABFEF72CB77B7D9BA0DB46FC1FC372A4C2A4A5770E2CDFAC2AC24EBEF187244912372448EC811392247E4286CF9FB2E37DFDD06DABF603E44854945E10A4EBCCF4A8D6C51F82C0A17DA8C5F72448EC811392247E4888AA61C651A6CDD063A6BC17C900A938AB2159CF8005B10E2A370CB02E3971C912372448EC81139A2A22947711E0D77B47E050308D582F900152615452B3809ADACC4D8D72790238A1C912372448EC81139224761C9FE2E375BB7818E2D98FF4A854945C90A4E5B575EA269CB02E3971C912372448EC81139A2223D4703CCBACFACB566559B556FFD0F0D667D62B877339F694D07A0ED0BE65A2A4C2A0A5670E283DC5210ECF4E4882247E4882247E4881C91A3CE253FF7956B35D6AA8D956FD6045A29A04D0BE64FA930A9085FC169EF1602B95D5D84AFE4307EC911392247E4881C91232AD27214635676104DB6BFDA6AD605B454408B0BE6FD54985404AFE0747477BC48DF9D8FF14B8EC811392247E4881C519194A3F186FB48FD9ECDB3CB6AC0279B75B1597DAD69FB9835C8BA8DEC6EEEBB255C3EA8626B371078C1FC172A4C2A4257705A3B204DA8EF871C912372448E2872448E287214D818C3FB77B6E574A2E1DEE2DD16FDACE97D7FAB7B32AD15E077C1BC8F0A938AC0159CCE3EBA6BA46E5960FC922372448EC8113922475424E468BC4FA35C69B8B766B787DCAEDCA7E9664B37D07CC1FC499B4BA6DFB66DADAAACFCB33E7DE0C00EBFD3E5E5A5A9112386A8C993FF434D9A749B576DDCB85C65652D532D3DB65C376DDA9D6D7E5EAB5727A9F3CE3B37E0F53535EFEAFBACAFFF40D7860DAFA88103CF73AEDFB76F9BD7F425251B545959B63E2D7F1B1B3F6A56727F0505E9CD9EF7F2E5CF39E7EBEA2A827E7D2368ECF81E60E67B66DD69FD0D86EFED22F1C035E4881C91A310E7883AB1458EC8111595398A31BC772397EF5FF7EDE07DCAEEE6B986F7EEE58368B100AF05F3FFB5A94A4BDFD241BAF9E6517A655F4EDF7BEFAFF5E933CF3C432D5CF88433AD9C97E93C6FDFBFFF3FA96BAF8DD3A71B1BAB544B8F2DD7DD74D30D6D7E6EFDFAFD505D7D756C8BD3486320D35457E7EBFB8F8F1F6E362CA9CEFFE25EC1F77E0E05056FE8BF1327DEA2B66CF9A39E46CE3FF5D4FDEA8E3B7EA172735FD3D39694ACD7D72F58F098BE5E2ECFC858AC2EBAE8427D9B7DFBB6EACB172F9ED3E2738CA0151CDF4FFE65E56499F5FC9705B19213E87691B692438EC811390A618EA8135FE4881C51519923CFC6B8B2139A6DCFA6BBDCA79107707CC15CD36A1D3B56A60374F9E5173B97C9F9CCCC97F5E93D7BB2BCA677370A3FF3BA2C3D7D91B952BECC5C69DE62360A1FAA961E5BAE93C622D0F54D4DD5FA3EEC3AE38CD3D4E8D1239DF3478FEE568585EB9CE94B4A327533515C9CA12EBBECDFF4ED7BF6ECA957E4E5F9D4D7BFEF4CEB727DA4FFCA6532BD3C97C38777AAD4D467D469A79DAAFF87356B92554CCC00E73672BDBC06F6E3CB6DF6EFDFA6FFCAF4F6EBE7FB3AF9FBBF2370E5C6B0B60878EE4ED496951CCF951BBB267A5C1F49DFA12347E4881C85284754688A1C91232AEA7234CEF0FECEF6C59D7CFF171BDEBBAAB36B39707CC1FC718B5557F79E1A30A09FCACA5AAA4E39A5B77AFCF17B556EEEAB3A4C9326DDAA4F9F7B6E7FAFDBF4ED7B96CACE5EAE468DBA4A4D9932DE5C594ED5D39F76DA2966C3B0505557BFA3023D7653937B375369365A7A4EB2ABEDD8B1D739CF65C2849BF469A979F3667ADD7F69E97A6BE57DAB3E9F93B3529FB71B8123474A9D692B2A36E9CB6A6BB7ABBCBCD5CEF5EEC668B19E461EC3F7F9C9F577DD75BBAAACCCD1A71B1B2BF5DF7DFBDCBBE1CA7368EDB58E80159C402B1DFE56565A5AC9F1377DAA9FE923E53B74E4881C91A310E4880A5D91237244455D8E3CB76E279EA0C778C6602B37E06FC15CDD62D5D595E9BF1B37BEA21B829C9C15E6CA6F810E5361E11A555EBE519D77DEFFF3BACDF12D73EEF37979AF59BBB7C6EBF38D8D1FA8408FBD67CF5BD696B973CCA6A1AAD5E72725D3A7A7FFC139BF61C3CB2A26E65F9CF31919296AE0C01FABAAAACDEA924B06A9D9B31F70AE2B2E5EA76F2F5BEC3CEFEF77BF9B6C36347FB69A06F756B659B3A6EAFF3D2D2DC9B97F797D6263FF5D4D9B36D16C0632F5E3C834A9A9F3D459679D6936193BF56DEDD7B1B5FF23440BDC111D58B9490862A5C5DF4A4E5B576E7C5772BA6277BEB6BE56E4881C91A310E4880A5D9123724445558E0618C7B73EBBACF327821CBDDCF327C36268B500BD60FEA84D9599F9923AF9E49374C3B06AD5737A57D2871F9EA2CF7FFFFBBDF45F7B5A77A370833EBD6F5FBED324D8D3343656A8408F2D978F1E7DADB902BF569F6E6AFAB0C5E765DF7F65E526E732D9923862C4E55ED365652DD1BBCC4E9FFE5F6AD2A45B74C9F391DB6664BCE8F7791C3A54E8DCB7FC9586406E234D8CFDFF49B95C95EAC081EDCEF9D2D237F5F3B6EFFBC89112EBE058DB5BFC5F42B460B61F4716D0716DBC4D5B57325A5BC90976E5C6F3F13FEB822D0B6D7DADC81139224721CC1175E28B1C91232AAA72749FC7745927F8F9ACF578AC99B45A805E3057B558070E6C53B9B92BD4B5D7C6AA1B6FBC5A9F9E3BF7011DA479F31E5453A6FC87BE4CCE9794ACD3B7B11B85CACA6C6B65BF526FC992FB90EB1B1BDF57FE1E5BA693CBD3D216E8F3727AC182475A7C7E32CDFCF9339B5D76FBED095E976DDCB8547FD7D4BEFEEAABAF704E6FD8B0D8996EFFFE023DAD5CDED0F09EFE5B5595A3F2F25639CF3B31F121B389D8EEDCA6BE7EAFBEDC7E7DECDBC8DFECEC54E7713233535AFD5F42B860B62BBB954F4683DD8D2ED04A4E8F76AEDCF86ED108E54A4E5B5F2B72448EC8510872E4398FB76D7BC3C986E4CBDF7432DEE443A3C9936F773E203AFE41D1529595F5B2DF0CD5D66ED1B7F57C3CC9A9BFC7282F7F5B5FEF727DA0EAEAF638555DBD597F68D4D2FF218FE3795E325053F3E716FFEF9494275B7D6D1E7EF837CE69CFECECD9B33EA8D7981C45778EDA3206ECE5AD9CCEC959A64FCBD80E741BC9838C33FB7DCCBEADEFF959B3EE09F81EE4F9BE2065BF0F1C39B2A3D50CD925CFD5F379CAEDE5EB53819EB7BC4F1D3DBA531516A6AB2D5B5E57D3A6FD5AFF953DCF5ACB7184E4C8B3099E74829FCFF81036F740A434DC1FB6584D4D1F982B1215CE7959E9902D7437DD74BDB5F06D7E1B690A2EBAE802BDB03B7AB4C45C60BF68ED5E7AB7BEBEB1B15CF97B6CB96CEAD45F39E7ABAA3679340ECD1F47763B95C7F1773FAB563DEB7599AC58FDE427FFDAEC7AF70AC92BCD6E3F6CD865E64236435FB77F7FBEB5F2EF7E3EFDFAF5D5D7D9D3DBFF4F6EEE72E7F695957FD27FB76C59AD2F97D37979AFB6F85A77D182D9F393D1111D5CB9696925A7AA032B371D7D3E27FAB52247E4881C8520475232660C7DA4FF1BCCA6798975A4FFFFD4A7DD47FA7FCC99F6F85E22C76F2F7B56B83FB40A9C217B1CC963D5D5EDB69AD5CC80D33DFEF8547DBAA464AD3A76ACD4B9CDF8F1A39DE98E1C2956E9E92FE84C4816972F9FA7A7B19BFE29537EE964DC5E56C8CABFFC5F9326DDACFFCA5E27717197E8D3521B36BC647D15C5FBF9AC5C39DF39BD66CD1F9A9D6E4B91A3E8CE51A092BDAE92937FAFF6EDCB733E18B54F979767E931EE3EF6C687FABDC91EBF863EB8E5123DE6274CF88593CDDA5AF7F137DCCDAFFF316ABF37C8F2BEA0E035EBB81D795ED3CF9EFD5BAFF741C98BFD18F67D05CAB0DCCEFD215D9AD7F592D3B2B20DFABA279EB857FF6F86FE9A57BA5E36D8CB07C96D7B5FCF30CA51B5C7E5179FE0E733C8E3B13EA5D502F482B9B24D555DEDFE84B1A2E26DBD9093DD42ED85A4AC0C34355538D3BA5772E29DF3870E6DB316D66FE9F38D8DEF29DFC736F4019B7ED1EC71376C48B18EEC7C91AAAFDFE35C2ECFE1ACB3FE3FE7FC912345E6827FB1B9B05E65AD94AFF4BA1F790E2ED7FBE60A47926E74CACAD6EBEFA18E1E7D8DAAA9D9DCECB9A4A53DAF0F5A75ECD84EEB08CBDBF5E3CB69995EFE26253DAAA76F68D86B6DED1BE2F1265360BD69BC63BE193C633655A9ADBEC65DBC60F6FC6434AE133EC1F7B792D391951BDF959C84307AADC81139224721C8913D8E641C7BCE6F590997D3EEA6B8326086A464E559C6978C297F199231BD7AF5737A5CCB74729042F97BEEB9FFACE6CD9BEE35AD64D1BEBDA1B73E3FA14F9F73CE0FACAF63F81F9F727FF6695916C85F79CC0307B6585BF28A9CEB256BF66D25738989BF73CECBD750DCCD7EA55E8ED8B9B9EEBA389591B1C86A74729CFBAAACDCA8FFBFB62CABC851F4BF1FB536FF67CCF82FBDCC96F33236E5AFBC27C875F6FB888C47392F070395F78EB163477A35C376664B4AD6E8F70FFBF2254B9E56175EF8233D4E172C78D83A46C72EEBA7245739CF43C6ACA1F7F0AAB03EB0B5F76AD9A2B321EF6DBECF5DDE5BE472B97FFB83DAECECA53ACB727B7FFFABBD0CB17362BFEFD8B7EDC8EB182663E32B8FF37D4FF0F3E9E3F1580DB45A805E307FD062D5D6E6EB1596A953C73B976DDCF8B2B93232D0392F2B0AF60A837D5E5688A64FBF5337119E25B7B557FE65DAC387B7E99586C2C2B480CF41AE73AF7CE79B0BF9DD7ACBDF534FDDDB6CBAD2D2B5CE279F9E9797976F50DBB6ADD65BE6162C78C8EBBA3D7BDE74DE583CA79715B5BABA5273656593BEECC08177ADEFD05EA7CFDB974B3534D80D448E3E9F9BBB4CFF35F4774F17B6FA1ADBD5868566A82BA983E3AB879F2D0955D6E51D91146EAF15392247E4E8C4E648C6D18001FF64AED4BF641DE9FF1E3D46EC0FABE4B434C59EB7711FE97FA91A356A84D504BCEC71A4FF057AFCF93EAEDC8F64C9F7F18F37EFEEF3FBF7E7390DB1EC21121F3F545F9E9696A84FCB5F799C4387B6361B9FF23C1A1BCBACAD670B3CB67027EB2DF09E99901C1D3952A8CBBD356F9E3E2D39F19CD6F3FE651AFBB47CA0662F2BECD7CBDDA490A3EEFA7ED4521514BCAAF700C9C97945A5A4FC5E8FE163C74AF4873D77DC3146BF3F3435BDDF6C9CC8B4925119CFB2D7D4C285B3AC2DCC6BAD66BAD4EB3632BD9C76B9CAF51897CB5253E7E8C7AAA8C8D2D74976DC1FDC26AAC183CFD3CDBC7D7BFB7EE5BD474E7BFE0FF27EE8DE529DD66C4CCBF3F337D6172F7ED2790FB2970BF23C827DFF89801C85EAA8E9A17E3C20DC1BEE8AA0ABA9A9BC5DB7A35AAE2EFE2474A7B5F5A097355D6B4781EDC81685B6FC2E6A386F51F07DADC81139224727384775753BF5DF8D1B17EBC65A1A827DFB72AD15EBD7CD95F6F5EABCF30678DDE67893EC3E9F97B7C2E3039F0AB3E9DDAB7C1F373737D56AB82B5ABCAF03070AF474F673D8BFFF1D6B97F6479D69CACA32AD2D762BF5636566BAB73A2F5F3ED76C381EB71A919D56E3FE82D9486FB70E34B8C56B3C4BC3613F57B90F399D9DEDDEFAEE6FFC4BC3633F7669E91AE7F2CB2E1B4C8E783F6AD3BCAFAADA681DBBE001675CD6D6E6E9EBE5BCE7B449490FEB0FC3642C27273F667DAD69BCF55DED297A37757B7A7B1CBB1BDB6CFD019A64DAB30CBDFBF76A3DBD8C73F970C9F3F1ED4CC96DE543B561C32EF57AFEF6F3B5EFC3F3B9BA9BE7E3CB94F4F4E7F5E5B7DE7A835E86B8B79EBBF7ACB233E4799B087E3FAA630B37D0A50DF7FB549854172D987DDFAC7D5726EA8C13F39DB9F6ACE474F577E602BD568C5F72448E4294A3CCCC85D691FE5F52AB563D63AECCF7500F3F7CB73EEF3ED2FF4BCEB4679E79BAD9245FAF4FEFDBB7D969B6ED691A1BF728DFC7CDCD7DC5DA0A9CACEEB863B4BAEBAE9BF5F4863E18D9DD5ED31E3D5A68ED365B6CAEE4CBD72DCAF47DDA9593B3D45C79CF6F363EEDC77737D00BADADF4E3F4E96DDB5E6B36FD88113F759EC3E4C9B7EAD3EEA3FC5FEF4C575C9CA6264C18E334239EF76F9FCEC8F80339224701ABBEBE545D7EF9BF39634DC6BF9C2E2B7BD3194BB2C7C439E79CADF6EFFFB3334E644F2D1973C9C9B3F49E53A3475FADB369E8DDB2373B7F65FAD4D4D9D696E9755653FC9ADFB1678F5B3B6315151BF47969BAEDE7664FBB7AF57CAFDBD7D4B8B750CB8700CB97CFD15F535AB2E449E7715B7A3C43EF529EE5DCAFA1BFC695190DEF477C871BE8DA86BB3CE4E5FE847F8E73BEAE6E47ABD3AF59B3C039DFD8B8DB3A90D2ABADDE2E25E5B156A791152ADFFBCEC959D225AF4B0817CC45668D0BB062D3914FF003FDD48ABFA3C206B392D39547856DEDB5EAD431909DBD5867424E1F3DBA3DE074E3C7DFD8624E3CEBC0813CE7FECACA32F44AD4860D8BF4A7FAF6CA5546469233FDB5D75EA16EBC7184B99294A3121367E892D3BED90DC7DC91A3E8CC918C616986EDB129A7E7CE9D666D85BB5F4D99729BD32C9794BCA16F6337DC95956F59DF032D331B82FEFA3E3CC79DE7E3D4D6BEA357B0F7EFCFD5CDBC9D33C9CEE1C35B9CE9E4BEE4B6D2FCA7A7279A2BF9D96AD6ACDF388F252BEB478E6C359B989DCDC6A7DCB7FC3F721F9ED93D76AC485FEE3BBDBB1928F768D6CBF5FF2AFF9F3D9DCBB5D7596ED8CB01DFDBCA73B31F931CF17EE4AF8A8B5F773E0492312CBB7257576FB40EE6B7D76B4CD9E364F1E2DFEBB1276357B2204DBBE4C1D07B6B14389994B127EF0DF65894DBCBFB908CE949936ED265BF1FC9F50D0DA5CEFC91E90A0B57EBAF6F6CDBB6CA6AC2D75BCD7C8ED7FF60E7CED05BD137EAEF72C7C7C739635FEED777ACCBE3C97396BD46E4B9CE9F3FDDDACDFDE968793FE228E540D736DCEF85AC4A4AD2CC2679A55AB060A6F57DB2A5E64AFE0BE602F47C73257EB6B9D0DC642DBC1FF7BA9D5C969CFCA83EED72B9B748C89B80EFFD1716BE662EAC53AC85768AFE74332EEEDFF569295960BB7739F4BE6F59F1AFAB2BD6CF4DCAD0BB43FDD2392DD785E2F509D182B9A52D081DFD24BFB5DF356DED775103196274CDEF9EB6F5B5EA94F95F559565359D2F3BE3A1B434BDD974870EE53B9FDECBB8EEDFFF872A2DED59BD22235992CBDC5BDD0A9DDB24263EA87F3FBBA6E64FCE65329D1C29DCDF73912D18B282E26F8CA6A73F17D6B92347D199A3A6A6BD7AF96F9F9F37EFB7D691FE473A99F12D69AE2513D5D56F9B0DF336B351F88375A4FF49FAFAC6C65DCAF371F7EC59A33FF0928641A691C774370DF96613FEA6B912FE807E4C7B7ACF8C555464EAE9ED3128EF6DBECF47F26CE8ADEC23F57392C7B2F32AF991AC48C3E33B9E258BF6749327DFA24FF7EDDB47CD9871A7DFF1BF72E55CE7B4FC4FF2DE6BE85D65DFB17617CE2247BC1FF9ADDADA3FEBF53143FF4CD7037A9CCAF25B3EDCB2C785E4C877FDECC8912D7A1D4EDE1FE4323B5B727B43EF75B1DC6C6A3738EB70AB573FD3E2D8B31FC3CE983C2F7B1D51C6B1E4F1F887BB81EF471EF3F8876CC7DFB3ECF549C9A0FB03EC04AFFCDA99B11F53FE46F8FB11BFC30D746DC35D16B23A7CB840BFF9373696EA727FD29F637D6AFFA25EB0DA2B089EB7B3177E478EBC6BFD4CC5837EEFDFFDC97EA273DE7D44D7E3D3BA8FE83A459F6E6828515959C9FA3673E7DE67ADE017990BF10CE7F1ECE7D9D4B42724AF8F11DE079768ED13FDD6566E8C76AEE4D8BB118E8BF61CB9B7D4FDD6392F5BAFA401F59CC6E5DA6DAE942FD4A7A5D12E2C5C65AE480C716EE75E0199E5759BFAFA1D5E2B0E999949FA3BB013278ED597D9974BC360DF46569A64D741693A8E6F7978D15A81CAB28E6C1E9EB92347D19D23197FF6789531191B7BB1F33E22E3D473DCB8B7705FE79C3F74C8FE79A30C7DDE7E1F92D3478F6E75DE7FE4C3A9DB6FFF59B371653FB69CAFAD757F775BB22479713706C7A77537DC65D6D1F90B9CC7DEB265458BEF5DF6F481C6B6FCCFFEAE93C7B71B6AC9B8BC0E867310AD32E7FF36F4AEF1779123DE8F02CE777B6CCB7897F71343EF1DB2C7B95EC697E7F4F21D6A199732E653539FD21FD8FA664696FB9EB791B128EF5F77DCF1735DBEEF339595EB9D4CCA07C365656BAD5FCE48759E9F6C9C31F4D6EF857EFF0F3BC30307C6A8CB2E1BE475DDFCF9F77BFD9F72B99D99BBEE1AE74C27CFC3D0BBBEBF1AE9EF4703CC7259CFC7659D3F11FA19EEEF6DDBFF7B0CAD16A017CC7B435AF6C2ACB232D3FA1474A7D50C645B5BF4D2FCDE66F5EA79D6016202DF7743C30E7321BE4E37E67673BE72E51C7DBAA6E66DDDA0F8BBEFB163AFF13A2FF7216F04EE159FFC90BE36613E5E026D5968EBCA4DB02B39F6E38D8BF61C19FA3B6937FABD7CC488CBBC2E938676F4E8ABCC95935FE89593C58B1FD35B9467CC98E85C66E8032D3DE3DC4759D91A7345E5157305668BD9FCFEC6FA5997623DCEED69B2B216398F215B347C1F57AAA969B7932DB9AF70CC1D398ACE1CD5D66ED6CDB3FB4328F76532D62FB9E45F9DF3F23E61BF5FD8E7656BF5F4E91374363C4B6EBB61C31F94BFC795F7A369D37EA51B072977037E83DFE7649F96C771EFD9E1BE5FF92B75F5D597377B5F93EC48032039966924FBF2BE28A7870DBB44E5E62E0938B6B3B35302BE46729DE7FBA8BB393F7EDDA851C3F463B6255FE4A8FBBD1FC9FA982CCFE5BDC05E0EBB9BDC57BCC685E77B85FB83D2D7F569976B97F37E63BF5FD8D314142CF3BACD820533F4F481C65E71F16B4E16E5AF7CC82BEF27723F8307FFD899561ECB1EF3727F921D69B03D7322FFC7C30FFF97DE2B44EAA9A7EE71DEBFECAAA878D3790CCFE7B170E143CEDF28783FCAF518E38927E8319EF1788CADB45980B360DE1392AAABDBAEB7444C9B365E2F186581B86FDF9F546AEA937A2177E44881B5B56BBB9E5ECEDF7AEBF57A1A43EF66FB925E495AB2E4719598385D5F9E97B7D45AF17FD7791CBBD1686C2CB13E897D419F9685AFBB613FFE9C5CAEE3DF0F92DBC88A956C2D2C2E5E65BDA92C0CD9EB633FF7081833B265C17777BA3B8DE07FD7D4DF4ACEC420B660444D8E72735F3657CA7FAAC7DBAA557375B33B63C6AFCD9565F796606916ECB16CE764FFFE6CA76975370FC9FAF632C6251B151519FABE65BA030772BDB2619FB63FF42A2F5FDB6CBC5755AD779A7D5949979CC6C5FD44FF9506DABD05604F58E68E1C759F1C3535ED0AE932BAAB2B94FF2F39EA9EEF47A118A3E198DB13F59CC22C47E33CC6B76CE5EEEC83A75D6C1CDF8A2E3581360B7016CCBB43562ED74E73E57FB373BEB4F4757321576AED7EF7BCD94CE45BDFCFD9EC753BF727A8AF998DC4466B57A5C08FE16E1264F7A645D6F7DD6ED6A7A549B8F9E6915ED3AE5E3DD7FAE4F515B3317851DFBF7D1F7BF6BCE1B1D53134AF8F1139BF57E8FB132D9E2B2B6D59B9315AB95D287F6AA54B735457B74D8F7BFBFC860D49CE18B7B35155956936AF3BFC8E97CCCC05CE7999C6D0C74658EC355D6DED26B3015FA7AAAB37E8FB96F1EEDE7AF18ED578BFE9D1E8B63C3EA74CB945DF6ECB9665619B3B72D4FD7244F17E448EC811396A937C8F86B8D2E8BC9F08939F022B37BCB76EF73200D80BE65D21ABFA7AF76F23DE78E370B32978C96A26DEB476934BD6D31C6F228EDFCED007E578C8393D75EA6D011FC3F3F686FEBEDB227D5A1ECF7D44D7E3D32E5FFEA4DE7D6FDEBCFBF4F9868622EBFB3CEBCDE6E30FD6C1727243F6FA44D00A8EE74AC8188F95958946F03FADE27BBB8EFEDE6A44E7C8D0DF6DFE1F7DBAAE6EABD540BF1470DAD8D88BD4A44963F53897317BC619A706BCEFA626FBEB1B6F5BDF815DEB8C77437F0F4EB64A17ABCB2F1FACEFAF5FBF1FA8FBEFFF9573FF32CDE8D12374BE7EF2930BC23677E4881C51BC1F91238A1CF91563B8F70AF16C8C3BDA744BB3EDB9BBBA1CE760102D16E0B5602E0D59353616793410A5D6D6B575D681645E719AF0BCBC97BD6E77BCE12E55478FBA0F3C73CA29279B0DC996668F61E823BAC69A2BFC0BAD2D6DE3F469F7115D2738D3D5D6FE49B95C3BF4CFBEC83435351BACA3CF96EAC6C3D0DF215A19D2D727C25670FCADE474C6968AAE38FA6B58E4E8C891779C2CC8F96DDB9659CDE7E680E3E5E187EF341BE82CA7DC1F5E2D6A76BFAB56CD562B573EA5EAEBB7E9CB0A0A969A0DF2F3BA41974C55576736BB7F791E9E8F6FE803B23D1CF0B9844BEEC851F7CE11C5FB113962FC92A316C9CF7679EEFA2D5BBADBBB7BB9DCCE73CB36BB92035DBD606E68701F855CBEAF6AAF98CB0AB87BAB5B966E0872725EF4BBC092EF81CAC171EC662423E33927DC070E6C0AB8A093C7696D613861C2CF9DE7274754BEFDF678E73AF7EEB0ACE0846025A7B35796222A477636D2D3E7A9A6A6127D991CDB60D8B07F6F71BC48D3EC7B59565652B3690F1FCEF5D87A5EAA9B683B3B923B43EFCE9DE6F731162C98AE1B7543FF26E9EFDB348EBB3277E4A8FBE688E2FD881C912372D426937C9A6E392D0752EBD7C6DBCB74CFF8DC87D423B456409834DCB2554BCE7B6EE99606DADF6DA4F990EBA74DFB0FBFD7FBDBCAEDB9A0F3DDDAE76F1A791EB2C5EFBCF3FE456F7DF3DD221FAA2DDD11BA82636F09E8C86E7791B8DB5EA7E5A8B4F435FDDD6A7BECC9DF59B3EE723E886A69BCD8BB94BB77FB5E68ED9A9DE9777AF9B04A1E4BFE0E1CF823AFEB240332FE03E53629E941EB006B7F6CD338EECADC91A3EE99238AF72372448EC85150C65B635DF934DE5956432E5BAFEDDDCD65B7F141D66DDE30DCBB8D7BDEAECEBA0D80EEB660B6B71476741A16CC41ADA404BB4520D20E481336390AA7B11B4EB92347E4882247E48822476D1263787FFFBA3DB5D5E03BDB000B6616CC2113EC6E7891BCDB1E392247E4881C912372448EA868C8D16D56E3ED0AB2D19E647034728005330BE6B05DC91962B877411A478E2872448EC811392247E4881C75B901663D60D65AB33E31ABC1FA1FE4EFA7867B77F399867BCB380016CC2C98BB5082B5F292D0C2F59F45C9CA0D392247E4881C912372448EA868CE110016CC2C982368CB42B4ECB6478EC811392247E4881C91238A861B000B6616CC61B392138D2B37E4881C912372448EC81139A268B801B06066C1DCA52B394951BA72438EC811392247E4881C91238A861B000B6616CC5D26C1FADF12C811458EC811392247E4881C91230034DC140BE6CED5871C51E4881C912372448EC811390240C34DB160063922472047E408E4882247005830B3600639A2C81139A2C811C8113902C0829962C14C8E28720472448E408EC8110016CC140B669023720472448E408E2872048005330B66902372448EC811458EC811458E00B060A6583093238A1C811C912390237204800533C58219E4881C811C912390238A1C0160C1CC8219E4881C811C51E4881C51E408000B668A053339A2C81118BFE408E4881C01882E279F7CD2770D0D852C14C3A0BEFA6AFB3E7396B81895E4882247E48822472047E4084014183CF8C787F2F397B0600C835ABFFEF9B7CD59B29351498E2872448E28720472448E004481ABAEBA6CDD9C3953593086418D1D7B559A394B121995E4882247E48822472047E40840141830E007B103069CF38DCBB5838563D7D6273D7AF4A83067491CA3921C51E4881C319EC911C81139021025FAF7FF616952D2832C1CBBB0C68CB96AA9392B72198DE4882247E4881C91239023720420BA0C3AF3CCD3EA8B8A56B090EC82CACF5FBADE9C0707CDBA98A1488E2872448EC811390239224700A24FFC39E79CFD7716CEA15F28F7E8D1A3C67CFDC73004C911458E408EC811C811390210C50BE7934EFAFEB179F3EEFB9CEFFE9CF8EFF658BB1B1D64A14C8E28720472448E408EC81180EE6150CF9EDFCB39FDF4530F4F9972CBEE4D9B5E3CC8EF3976DEEF31CA4F44C8512BAD0369C8777BD8DD881C51E408E4881C811C912300DDCCA566CD316BAB590D6629AAC3E532DCBFC7283F11C1512BC911458E408EC811C8113902000000000000000000000000000000000000000000000000000000000000000000000000000000000000000000000000000000A2DFFF0FF0398BADE63642580000000049454E44AE426082, '0');
INSERT INTO `act_ge_bytearray` VALUES ('646da8ee760f4cd3b31bd019f239e40a', '1', 'source-extra', null, 0x89504E470D0A1A0A0000000D49484452000001D6000000CE080600000083E82318000000206348524D00007A26000080840000FA00000080E8000075300000EA6000003A98000017709CBA513C0000000467414D410000B18E7CFB5193000000017352474200AECE1CE900000006624B474400FF00FF00FFA0BDA793000000097048597300000EC400000EC401952B0E1B00001B544944415478DAEDDD097854D5DDC7F1937D012A2ABB51912A6015A5C24B414410702904291215954DA96DA954ECAB822C6A5C289597F7C505052C289480207B09A86C6245403082B2485548140209228248082164DEF39FB9C14BB6B973E7CE16BE9FE739CF6C772664989CDFFCCF3DF75CA500000000000000000000000000000000000000000000000000000000000000000000000000000000000000000000000000000000000000000000000000000000000000000000000000000000000000000000000000000000000000000000000000000000000000000000000000000000000000000000000000000000000000000000000000000000000000000000000000000000000000000000000000000000000000000000000000000000000000000000000000000000000000000000000000000000000000000000000000000000000000000000000000000000000000000000000000000000000000000000000000000000000000000000000000000000000000000000000000000000000000000000000002288AB700C1E672B9125F7BEDE5211F7FBCB9EFAE5DFF69F6F9E7DB120B0B0B7963FC141313E36ADCB8D1F70D1AD4D994977778FCEEDDDFBCCFBB0210ACA8E6A64D7BFD4F1919B3FE373B3B2779D0A007D40D37B4576DDBFE462526265616C3155CAFEA3E3BDB548F4BF972B275EB2EB56E5D969A3A7541D1B163C7BFD8BFFF605FFDD0763E7900C18A6A68EAD4D7178F1EFD54CFE1C31F574386FC59C5C6C65555D75A0CD7732F40AD5E4E9C384B3DF9E4CB278A8A8AEE2928285AC22710088E18DE02042B54FFFEF7177ACE9DFB964A4B4B53D1D1DE3E7A51A6EF7D51157C178CF2E1BBA12FDBFAF37D34BCBEA7B669D342A5A6768C9B3DFB9DEE050585DBF45D5FF249040856540332FCAB2BD5472554DBB66D5B417856D4AC8462949700F51680569F6FF5F50215E4F6D5AB77A1EAD6AD43C2F4E98BBB15179F5EA6EF3AC82712205811C164A2D2A38F3EBA7AD0A007E2A452F516AA9999CBD4A8514FAA499326A9050B16AAE4E464D5BC79738B81E87405EAF4F34213B4F5EA5DA01212E20BDE7F7FF37525252533F85402042B2298EED41F59B6EC9DEE1919334CC3BF6587793D2D3DFD19B572E52AB577EF5EF5D9679FA91F7F3CA6B2B2B2D4B7DFEE559D3BDF14C1EF42E82BD7EBAF6F99F4D24B1971274E9CDCA06FEEE3930910AC885075EAD47DAD6BD72E0D3A75EA5449B5EA919999A9162F5EAC962F5FEE0ED6A2A22275F4E85175E0C0011DACDFA8860D1BA9ABAFBE4A31DFCEBEDCDCFC2F376DDA96ACAFAEE4DD0002279AB70081B46BD7AE6672488DB7EA6DC68C19EE2AB5B8B8B8DC63FBF6E5AA0103EE0FDB6A3052A4A5DD7C91BEE8C43B0104562C6F010249167F90E3547FE6AA300CF3F2F2D4FEFDFB55FDFAF5DDFB54F3F3F2556252A27295B8546A8F5477F056CCC59B6C519B365737D417757927008215114C162DF02CFE5051A0FE7C9F3B509B3557B367CF564D9A34A9B0A22548FD939898C0DF3C10040C0523045CEAECC50C5C6AE0C001EE003EEFBCF3CA6DBD6AF52AD5AAD57511FEFB02205801C783C55541B87A5A6A6A7775D5D5BF529DBB74568527CF5E37F8F1C71F57D3A74FABE4759C082E57909E47C002042B1084703D72E4073576ECDFD58E1D3BD5B4A9D35462C2D9EB065F7CF1C5FAF1716AEFDE7D5E82AAAAE50EBDFD5BAA7ABED5D75316B70740B0028E87ABE7FA9B6FCE50BD7BDFA5AE68D6DC3D0CDCA851A372CFBAEAAAABD4A5975EA6EEEED3574D7B63868DF0723AE85C3EDE1F4EEF3D804063220382D4A9479D75FDA79F7E5283073FA49AFCF20AB570F112151B1BAB2EBA28450D1A3448DD7EFBEDAA458B16EEADF7ECD92387ECA8C7860D57F7F5EBA7468D1CA126BE3A450D79E80F36ABD573ED4B0C002A5654E38EDED3D9E7E4E4A8D4D49EAA6FBF816AD8F027DCA12AAEB9E61A357FD12255BF5143F5495696DAB8E963D55057B019B3DF72CF1A96ED5E18F73F2AEB932D6ACEDC851643D4D733C3843A00ED0E37076AFF33002A56847DC5FADBDFA6BAABD44B2EB9B4DC96321C7CD75D7757F96A2FBEFCB2EA91DA5DF5B9BB97F27EBE56BB41E754105BDDFF6A773B0054AC38E72B56599A3026C6FE77BAD20AD7FF93A0BB1CFABDA81C0110AC0851A8CAE5B5D7B6509B376D3AF368C6CC99965EA5F2EDAC84AA13E10800042BC230605BB7BE4E6DDBF6F9997B67CDCAB0F4ECF2DBB9BC84AA53E169F7B9BE1E0E449003042BE073C5AA74B0B6529F667DEAF0EB2B0B55ABCB46F0FAF2F3ED06A6DDE369ED5E020824262F21C8012BA792BB40EDDCB94375FBEDADEEDB07F3F3CF5CAF8A79BB3D7B767B09303B616A2734018060458802D5C3333B78DFBEAF6C3EDFDB6D5F2734D90D515FAB43021A205801478335CA81407179B9CF4EA8066B98D8E98076EAE703205823254A5CAEC4952B570E58BE7CF9BD5F7EF965CB2FBEF822F9BBEFBE8B9515871212125C75EAD43975D14517E5D6AD5B77FDE9D3A79F7BF7DD77FF73EE54AD4A593B41B9AF8B2504BB7A0DE6A136FEAE6B4CC022B2FBD12D5BB6FC7AFDFAF5358B8B8BA3F4FDEEC76362625C975D76D9C166CD9AAD0AA77E94600DC007E1D9679F7DBD73E7CEF7ECDDBB37B653A74EEAFEFBEF57575F7DB54A494951356BD694E5FCA20E1D3A14BF7DFBF6CB56AF5E7DD9D2A54BEF6DDAB4E9B7870F1F7E5EDF3FB57A57ACFE74F4761655702A687DD9C6A93004CEDD7E343535F51D5D8074AC5DBB76D44D37DDA4FEF8C73FAA471F7D54B569D3C6BD125B6E6EAECACECE8ED297F5376EDC789FF4A37ADB63858585F374FB7D28FFFD51FC173A67FEFCF90F4C9A34E9B5FCFCFC84B163C7AADB6EBBCDB49841D5F4372D356AD4A8D3FBF7EFFF2A2F2FAF87BEEBEBEAF33772CCC78FA0DD59B44E87AACBC6634E3EC7F9D78C8ABA96BF7B84B51123463C3165CA94313A1CA31F7BEC31B9ED3E57B315D2EF8E1933C65554545478EAD4A9DFE9BB5684E27788E1BFD191E4884D4E4E5EF5D4534F0DEDDFBF7FECF4E9D355F3E6CD5574B4F5A3992EBFFC72F94616AD3F4075366CD8F0A0AE6CF30B0A0A3EAD066F4F7A7AFA083FBFCBB92CDCE7F2F1312787897DF91D9CAC527D0FE4679E992C579EE1AF16E1D88F7EAE4D9B36ED9EAE5DBB466DDEBC59DD7CF3CD968B13D1A143073572E4C8A81D3B76C4EDDCB9B3AFEE4F2F2E2E2EFE57B07F178E6375E0C3A08374BDAE546F5AB46891926F58BE7C10CA1A3264887AFFFDF793F46BBC7CFEF9E73F544DDEA532D77D6D153DB7EC7D55FDAC8AAE073268ED8428FB48413FBA7AF5EAABA64E9DAA962C5962B94AADC89C3973546666A67C8B1F58BB76ED47A858238C54AAE3C78F6FAFC3D0BD1FD5090D1A345069696971FA9BDB8DBA6ADDABEFFABCFA54ACCA62F5EAF2F1B1404E680AF68212567E2F5F0FEFF1A0624538F7A31B376E54B23FB5ACAD5BB7AA575F7D553DFDF4D3EAA1871E524F3EF9A40CF9AAA54B97AAAFBEFA4AFDE217BF70CF6131BBE28A2B54DFBE7DA3DF78E38D1B82DD8F52B1FA41F6A94E9830E1A6B7DE7A4B356EDCD8D1D796D75BB16245CDA4A4A457F4CDE6915FB1BA2AE9FCBD55A9CA8F0AD6EA75ABA1EAC43E4F5F02D74EB51A892761C7B94C87E4B071E3C655D88FCAB9989B356BE63E47734242827AEEB9E7D40F3FFCE07EECD8B163EA95575E714F649209A2B2DDF6EDDB2BEC47F57327EA9BDD08D6F01FBA48D4FFA99364965ADBB66D03F2335AB66CA9FEF6B7BF25C4C5C5BD598DDE39657F28D85B9856149C4E54AF5683D2E96362ED56AB4044F5A36365DF68D97E74D5AA55EEEA550275F4E8D1EE264759940E11CBA53C4776BFC91C9556AD5AB9F7C966666696EB477BF5EA951415153587600D73CF3FFFFCB4EFBFFF3E5EF68906D2238F3C9254AF5EBDCBF4D5BED5334CFDD9DECAFED640846A20C2D489D0E4701E44165D89BE575454143DB3CC99AB2454070F1EAC64DECAB061C3DC976632242C6B02E87E58656464A8E2E262F5CF7FFE53AD5CB952FDE52F7F2917AEBA1A8E8F8D8D95449E44B086F1B7AC356BD6DC2553BBFDD9C16ED51B6FBC71BEAE5A43359169B46E326DDD8F639EBD556556C25629EF43C2566EFB3224EC2D74FD3DDED5C9251481C8EA1FA41FFDF7BFFFDD412A4E39BEBF940CFFF6EBD74F49D84A459A9A9AAADAB76F7FD673D3D3D3DDE1FBDE7BEFA943870EA97FFCE31FEE49A332CF45F6BB3EF8E083E586859F7DF6595DB44605A54021586D909540B2B3B363E538D560B8E5965BE2939292A46A6D1C825FF739DDE4EBA2ECD890AF95F24BD774B66AF56776B09D40552A38C7BBFA3A94EC4B2853AD222C94F60F877DED1F468F1E3DE2F8F1E351729C6A992A56D5AE5DDB1DB0478E1C715F9761E0B224546FBDF55619D53B337149B697894EF5EAD593E1DFB3B67FE289276275B026E9ABF711AC614896D7F265F10727E80F509EBE480BE1AF2D7F2CF26DEF1DDD6486DD0CE38FC842C96EB522B553D13A79088E1387E6F87ADC2BD52AAA855AA6FEE15B2BFDC3CE9D3B6F978AD43CEA27A178F2E449F5F8E38FAB050B16A8C9932757FA0365B857AA59B3891327AA59B366B98783E3E2E294CC32366BDAB4E9417D7173A0DF0C9634B441D6FE955968C1D4BB77EFDAF3E6CDEBA8AF8E0F83B7A0B66EFD8D7642B7B9BA2D91CFBA6EC5D6AB2B3BECAC1FECED7620263439FD989367DA0102EA7C53FF50A0DBDB15F50F3A409B0C1D3AF4AC274A98CA30EE030F3CE06E95916A56943DC4D15CD94AF52AAF679E14959E9E5ED4A74F9F0B09D630240BEACB4CB3606ADDBA75B2BE6819866F870CAD0C34DA51DDDED56DBA6E6B752B0C6CC7EEEBF1AC5585642043355CAA57021641976CEA1F8E18FD8354B36B2BEA47D7AE5DEB3EA4C61BA956BD8D1ADE70C30DEECA3514FD28C16A839CA54616710826FDEDAEAEF16D2F3D8CDF9AF374BBDB6862F7D91DBA3F4BD43AB96084AF15AB9D5075224C9D5DC1292767FF992FEEFC15230464A4AB8FD1F4E73147EDDDBBD77DA84CA94F3EF9C4D2E18BB27F75D0A041556E23A12D43CB66F5EBD7977EB488600D4332CDDB3C8B2D18DE7EFBEDD2FFAFA723E8ADFA65602A263BC77E06BA620D5445EBDCACE2E9D39796DE789ABF62849A9CFAED99679E396BA5A5C2C242959494E4F9903EFDB47BF66F59B28DCC089676CF3DF794DB562EE5752B62F4DBF1046B18AA51A3864B4EFD16CC70BDE38E3B0EE90F8B7CE31B13E45FD74A275CFA0DB0EC07768F6E4D2AEFF0ED2E69E86BB5EA64C5EA5445EBE404286B813B70600FDDE14C91AB2C698860F60F278D3FF67281260BEC98C944265959A9AAC318E5B1D2F3B1564482559A0470AD5AB5CE7AECC081033279A91EC11A86E424E5797979F1E6218C40D31F2699CE2EFB2CD3C3E40F47262DC9ACF204D31F8CEC4359A5DB2CE5D9975258751238714E567F02D6D7B0B51BC0BE84AAD58AD4F7094B8D1B373CD3F7F0578C00F70F3F1AFD42A2D14794EB1FE2E3E30B929393CFFA76DDBA756BF74C5E5961C95F320C5C761FEEF6EDDB8FEB8B53046B186AD8B0E1B7FA3FEDF26006EBAA55AB647FE5E910FFEA3F19DF3C6B28CFA4A5D2FB2444E71A7F34479C0950BB01EB2D30AB63F5EAF431B1802D3279514EEC224379BFF0D63FD4AC59F3F87BEFBD57B34B972E675E400275DDBA75EE4B595149167F90E354AD7AF1C517DDC7BD0E1C38F0CCEB98CD9E3DFB90B2748820C11A74F5EAD5FB60F5EAD597A7A505EFB052FD81909EF18310FFEA354D7F2CF3755BA63C53E80B7D0F412B1399FC190EF62750ED86A795E705A27A25441116CEF3A57FA855ABD6AE356BD6B436DFD7BB776FF7021152B59E3E7DDABDA2922FFAF4E9E33E5C67EEDCB92A3B3B5BC9B9B1CDDE79E79D0BA4702558C3506E6EEE585DB1DE5F5C5C1C1DA445220A376CD82067B809E5F959E59BE65A654C95AFB83275AAE274B25AB51BA881AC647D1DB6B63B8189E35911BEFD435454D483F9F9F959E67E54866E6BD4A8E19E642415ABAFFDAB1CAD214B1A0E183040EDDEBDBBEC0CE3C283070F36D2977F0EF49BC1CA4B36646565ED4E4C4CCC7EF7DD7783F2F35E7BEDB50525252572AC444E087EDD2775EBA79BECA09335C216FB1EAA2E875B55AF5DD1FD65EF53CADEF28756EEB7FBB8D34149A822BCFB879C9C9CADC9C9C9E5FA515970FF830F3E701F7AE34EEC2347DC8BED5746867FF7EDDB77E6B6AC11BC62C50AB570E1C272FDA8CBE5CAD2575710AC614A7FD31A316CD8B06239AB42A0BF090E1D3AF457FA724A887E55F9446728AFC3BD81AA4EBD05B4B218A67603B5B28073FA701C7F42951045C8F8D53F483FFAF0C30F9F9619BCA59A376FEE5E805F16E2972161590CE2A38F3E3AEB79E6C370EAD4A9E31EFE95BE584255D6089621E432AB3205B51F25586D3A7AF4E8BCC3870F7F21DF9602A967CF9E0BF4074666B2CD89EC772CD095AA2FD56A55D5A7D5EAD56E756A351C55801F03C2A31FD5D56661E9F1A8A5BA76EDAA264D9AA47AF4E8A1C68D1B576E417DF371AA7DFBF6750F19F7EFDFDF7D3ED6091326945B435887EC1619720E563F4AB0FA57B5DE3E66CC981365177A76CACA952BFFA575D7571F5496D6E08DB450F52788ABDAD66AC0FA7A8274274E3D17E82161AA57449653A74E755FB264896BF6ECD9E5C2F5C30F3F742FCA2F43C1D264C9C3D2EA562EA5EF1D3F7EBCFAFAEBAF65179DFB7CAC6543F595575E59B363C70E59677D64B0FAD118FE5BFD22FB1272162F5E7C5B5A5A5A9C4CF376CACE9D3B3F6ADFBE7D3397CBF584BEB92682DFA3F4F4F4FF56FE2D67A82C86442016E8B7129876AB532782D397DF43BEE9BFEEBEE04F1761E41B5D715EB068D1A2369D3B778EBAE4924BCE3C20C3BCB2DEAFACCEB46DDB36F5E69B6F2A59B85F867D5F78E105B565CB1655B76E5D25A79E93DB72BA38B365CB967DD2AF5FBFDFE8AB729A9C9782F50B312BD84FFA5BD3ACD3A74F27B469D3E6255D5DD6B4B2CEA5954AF5B6DB6E6B5952522267BBCFA81EEF942BC8AFE7B2B07D3002D5DF505536B6A74A4564D14139343A3ABA4EC78E1DFBE8308C2E7BAE6B992DECEB894F264F9EBC7AF0E0C152A9AED66D48307F1F2A5607E800DC525050903D73E6CC5BF437AFE276EDDAC5EB0F89AD0AB877EFDE73468E1CD95157AA72FEA389D5E0EDD115EB5FAB7838CAA1107639785F381D8EE3E44A4E54AC08E3AFDE2ED742DD7E9A376F5E3B27FAD1F1E3C7DFAAAFBFA5DB9DC1FE5D0856E76CD795EB9CB56BD7B6D2DF9492AFBCF2CA98A64D9BC6592D7CF573E65F7FFDF56AC78E1DB262496FE559A5A43A3086828355ADDA1D0E7622507D09CF60052DC18A88B2A1B41F9D3061C285B2267B972E5DACE654E1F0E1C35774EFDEFDA4D18FF6D06D5A287E0986829D95A33F145DF2F3F3D37AF6EC39382929A9C58D37DEF8DDBDF7DE5BB355AB56F12929290DE4C0E763C78EE51F3870E0A8FEF07C95919111B37EFDFA66FA7929FAF9AF2ACFD06F71F57A5B5C21785DBB6B0A077B78D8DF5065B212AA673FFAE38F3F8E1F3B76ECEF758B6DD4A8D1D15EBD7A15DF79E79DEABAEBAEAB2BFDE8912347F2B76CD9725CF7A187962D5B5657F7BBD28776D04D56F67F3394FD28C11A18F3F50763BEFEB695B27CF9F234DDDAEBFB64E92E99CE26EB54CAD25FA78C5E50C6FF07ABD02CFE10E26075E2EC367643D6A9094CC108524215E7A4C75C2ED763FAB26D6E6EEEF0891327B6D2AD96A91F95E509EB28CFDAE59B75BB5F857ED957823508643990178D06C72A59A766070733500955C026399EB15724FD830956847180062A64033543D8E950B573C61C00042BCEC1608DF2E3B976B70F66C006B37A25548170C3CA4BBEF93FDDEAFAB0BD9CE8F7612FDB34D1ED4F5EB619A73CA76CBB46B776C67D72A0D785911BB4769631B4F23A953D56D1FD95DD6767017F2782945005A858CF0DB288E551E37A911168DFEBF66BDDA6EB966B3C26EB686D33AEF7D4ED6563FBA615BCA684E3F9A6DBB25A7437D3EDFACA33ABAD9404A89CE330C5086B719FF29C4038022BD660BF7E20AA553B21EA4B45EA6D5B42152058239704E900E3FA72D3FD1284DF996E679AAE4BA8261AEF6F9C516DCA924CB23461896EB262C25DA6ED7F657AED56BA9D3055B3721ED68B8CCAF7986E3F188F951897F2F8AEC808D628075EC39F6D033D1CEC64F56AF57100046BE4892E534D966A6CBA2EC1776D998AB34079CEFB9767DC27E15CBAE8437FDDFE4BB73DC6ED2BD5CFC3BA172BCF390D95F1B8B45E46587733AADD16C6BF4B86A54728CFE2D2B9E75EE5EAB2B94D20D61476BA4A25540182B5FA2A2953A9969261DED203900F18C1365C3739916EE930AE04DFD7CA338C6B3E5FA15C97FDAA838DDB278D6A547437056B29A97E7FA73CC3C759C6E33394E760E801E75EA0DAF9394EADC86427500955806045593269E8F232E12843B05B94677F6B89F15E4AA5BAC3084019B2FD8DF17869E56B26A1DBD5B87E89E9BA793B5940FA01DD1A19612A156BBCE9F185E7E67F87CBCF6D9CDEBFEA6FD8DAD9570B205C312BD83B39C9788AA9722D6DD79A4253C824A73146F53ACAA832657FE90AE3F17D655E37DFF45A39A6EB25A66D3ED66D90FA79C8388283D0C966E5F5AB7ABCA2FBCBDEE7CFEDCAAEFB7B0E570054AC91AFAEC55093001DA83C4B6BFDC708D1BB95673671E970F17915BCF7A5FB6E1B9BAEE799B629ACE4E7B533FDDFC9C427196E2E8AAC0A33CAE6F3FCA96803B52293DDAA93A15F80603DF7C8A4213941EE8DBAC919742F353D56C3747D8B11AC7B8DDBEFEBF688F29CF6ADA911B46583F57ED3F554F5F37E5CF3FEDC0BCB84B254C17F309E2B811D6FBC7E8AA9328EA02A36D0AFE1EF70B03F816A276C19FA0508D6EAADA16EEB9567E2911C562343B7DF981E5F64BA5E620AD59A46104F36C24FDEE395BA3D54C5CFAAACDA94A1E64146708B0F75DBAE3CC3CD2F1855B1D850FD433450216B274C9D0854AA5480603DF71C309AD85CC1E3B32A79DE4F65AACE9DBAB5F7F2B31EA9E231F3F904BF533F1F3BBBD36811549D06EB38D65054AB4E57AF000856202495AB3F338443391C4C950A5457CC0A46402524C4BB0A0B0B95F33383EDCC100EF6FAC156670807C7891327655746319F4A806045046BD224E5E0C68D9F395CA15A0D5A2703D65BE02A0BB7AB7A5EE0AD58B141F6CF6FE5530910AC886075EAD45EB76E5D56002B5465615BABE16B27607DB91D9A402D356DDA921FF5C55A3E9500C18A08969DBD7FDC9429734F1517173B109476AA5427168B702A6043BA2F3567D9B28F645193057C2A018215116CDFBEBC4D2525259F4F9C38CB8710F5C69F7DAE4E04ACAF811BFAD5937AF4F8EB4AFDFFB05F5FDDC8A712205811E1F6EFFFAE6F7AFAAB051B376E55D56B3838FC0355AC5DFBE992CCCC0F7B28CFE90A0104580C6F0182E0D0C993459B962E5DDBB34387EB1253521AF8F87497C3DB07F3F09BD0876A972E7F6AE172B9FEAC6FAEE3A30810ACA83EF61C3F7EE293993397FE2E3636F678BB76D724454787FAC4E7FE84697807AA96D3A3C75FE78D1AF56A67235433F90802C111C55B80206B1E1313F3525252C2AFEFBDB7DBBE3BEEE8DAB063C7560D1213131C7869A7178BB012A8E113A6729CAA1C5223B37F65A292B14F55867FB7F3B1030856547F2D75EBAD5B27DD5A2BCF0906E01F997A2D3BB2D72ACFEC5F262A01000000000000000000000000000000000000000000000000000000000000000000000000000000000000000000000000000000000000000000000000000000000020A8FE1FDD10C4E947C399760000000049454E44AE426082, null);

-- ----------------------------
-- Table structure for act_ge_property
-- ----------------------------
DROP TABLE IF EXISTS `act_ge_property`;
CREATE TABLE `act_ge_property` (
  `NAME_` varchar(64) COLLATE utf8_bin NOT NULL,
  `VALUE_` varchar(300) COLLATE utf8_bin DEFAULT NULL,
  `REV_` int(11) DEFAULT NULL,
  PRIMARY KEY (`NAME_`)
) ENGINE=InnoDB DEFAULT CHARSET=utf8 COLLATE=utf8_bin;

-- ----------------------------
-- Records of act_ge_property
-- ----------------------------
INSERT INTO `act_ge_property` VALUES ('next.dbid', '1', '1');
INSERT INTO `act_ge_property` VALUES ('schema.history', 'create(5.15.1)', '1');
INSERT INTO `act_ge_property` VALUES ('schema.version', '5.15.1', '1');

-- ----------------------------
-- Table structure for act_hi_actinst
-- ----------------------------
DROP TABLE IF EXISTS `act_hi_actinst`;
CREATE TABLE `act_hi_actinst` (
  `ID_` varchar(64) COLLATE utf8_bin NOT NULL,
  `PROC_DEF_ID_` varchar(64) COLLATE utf8_bin NOT NULL,
  `PROC_INST_ID_` varchar(64) COLLATE utf8_bin NOT NULL,
  `EXECUTION_ID_` varchar(64) COLLATE utf8_bin NOT NULL,
  `ACT_ID_` varchar(255) COLLATE utf8_bin NOT NULL,
  `TASK_ID_` varchar(64) COLLATE utf8_bin DEFAULT NULL,
  `CALL_PROC_INST_ID_` varchar(64) COLLATE utf8_bin DEFAULT NULL,
  `ACT_NAME_` varchar(255) COLLATE utf8_bin DEFAULT NULL,
  `ACT_TYPE_` varchar(255) COLLATE utf8_bin NOT NULL,
  `ASSIGNEE_` varchar(255) COLLATE utf8_bin DEFAULT NULL,
  `START_TIME_` datetime NOT NULL,
  `END_TIME_` datetime DEFAULT NULL,
  `DURATION_` bigint(20) DEFAULT NULL,
  `TENANT_ID_` varchar(255) COLLATE utf8_bin DEFAULT '',
  PRIMARY KEY (`ID_`),
  KEY `ACT_IDX_HI_ACT_INST_START` (`START_TIME_`),
  KEY `ACT_IDX_HI_ACT_INST_END` (`END_TIME_`),
  KEY `ACT_IDX_HI_ACT_INST_PROCINST` (`PROC_INST_ID_`,`ACT_ID_`),
  KEY `ACT_IDX_HI_ACT_INST_EXEC` (`EXECUTION_ID_`,`ACT_ID_`)
) ENGINE=InnoDB DEFAULT CHARSET=utf8 COLLATE=utf8_bin;

-- ----------------------------
-- Records of act_hi_actinst
-- ----------------------------

-- ----------------------------
-- Table structure for act_hi_attachment
-- ----------------------------
DROP TABLE IF EXISTS `act_hi_attachment`;
CREATE TABLE `act_hi_attachment` (
  `ID_` varchar(64) COLLATE utf8_bin NOT NULL,
  `REV_` int(11) DEFAULT NULL,
  `USER_ID_` varchar(255) COLLATE utf8_bin DEFAULT NULL,
  `NAME_` varchar(255) COLLATE utf8_bin DEFAULT NULL,
  `DESCRIPTION_` varchar(4000) COLLATE utf8_bin DEFAULT NULL,
  `TYPE_` varchar(255) COLLATE utf8_bin DEFAULT NULL,
  `TASK_ID_` varchar(64) COLLATE utf8_bin DEFAULT NULL,
  `PROC_INST_ID_` varchar(64) COLLATE utf8_bin DEFAULT NULL,
  `URL_` varchar(4000) COLLATE utf8_bin DEFAULT NULL,
  `CONTENT_ID_` varchar(64) COLLATE utf8_bin DEFAULT NULL,
  PRIMARY KEY (`ID_`)
) ENGINE=InnoDB DEFAULT CHARSET=utf8 COLLATE=utf8_bin;

-- ----------------------------
-- Records of act_hi_attachment
-- ----------------------------

-- ----------------------------
-- Table structure for act_hi_comment
-- ----------------------------
DROP TABLE IF EXISTS `act_hi_comment`;
CREATE TABLE `act_hi_comment` (
  `ID_` varchar(64) COLLATE utf8_bin NOT NULL,
  `TYPE_` varchar(255) COLLATE utf8_bin DEFAULT NULL,
  `TIME_` datetime NOT NULL,
  `USER_ID_` varchar(255) COLLATE utf8_bin DEFAULT NULL,
  `TASK_ID_` varchar(64) COLLATE utf8_bin DEFAULT NULL,
  `PROC_INST_ID_` varchar(64) COLLATE utf8_bin DEFAULT NULL,
  `ACTION_` varchar(255) COLLATE utf8_bin DEFAULT NULL,
  `MESSAGE_` varchar(4000) COLLATE utf8_bin DEFAULT NULL,
  `FULL_MSG_` longblob,
  PRIMARY KEY (`ID_`)
) ENGINE=InnoDB DEFAULT CHARSET=utf8 COLLATE=utf8_bin;

-- ----------------------------
-- Records of act_hi_comment
-- ----------------------------

-- ----------------------------
-- Table structure for act_hi_detail
-- ----------------------------
DROP TABLE IF EXISTS `act_hi_detail`;
CREATE TABLE `act_hi_detail` (
  `ID_` varchar(64) COLLATE utf8_bin NOT NULL,
  `TYPE_` varchar(255) COLLATE utf8_bin NOT NULL,
  `PROC_INST_ID_` varchar(64) COLLATE utf8_bin DEFAULT NULL,
  `EXECUTION_ID_` varchar(64) COLLATE utf8_bin DEFAULT NULL,
  `TASK_ID_` varchar(64) COLLATE utf8_bin DEFAULT NULL,
  `ACT_INST_ID_` varchar(64) COLLATE utf8_bin DEFAULT NULL,
  `NAME_` varchar(255) COLLATE utf8_bin NOT NULL,
  `VAR_TYPE_` varchar(255) COLLATE utf8_bin DEFAULT NULL,
  `REV_` int(11) DEFAULT NULL,
  `TIME_` datetime NOT NULL,
  `BYTEARRAY_ID_` varchar(64) COLLATE utf8_bin DEFAULT NULL,
  `DOUBLE_` double DEFAULT NULL,
  `LONG_` bigint(20) DEFAULT NULL,
  `TEXT_` varchar(4000) COLLATE utf8_bin DEFAULT NULL,
  `TEXT2_` varchar(4000) COLLATE utf8_bin DEFAULT NULL,
  PRIMARY KEY (`ID_`),
  KEY `ACT_IDX_HI_DETAIL_PROC_INST` (`PROC_INST_ID_`),
  KEY `ACT_IDX_HI_DETAIL_ACT_INST` (`ACT_INST_ID_`),
  KEY `ACT_IDX_HI_DETAIL_TIME` (`TIME_`),
  KEY `ACT_IDX_HI_DETAIL_NAME` (`NAME_`),
  KEY `ACT_IDX_HI_DETAIL_TASK_ID` (`TASK_ID_`)
) ENGINE=InnoDB DEFAULT CHARSET=utf8 COLLATE=utf8_bin;

-- ----------------------------
-- Records of act_hi_detail
-- ----------------------------

-- ----------------------------
-- Table structure for act_hi_identitylink
-- ----------------------------
DROP TABLE IF EXISTS `act_hi_identitylink`;
CREATE TABLE `act_hi_identitylink` (
  `ID_` varchar(64) COLLATE utf8_bin NOT NULL,
  `GROUP_ID_` varchar(255) COLLATE utf8_bin DEFAULT NULL,
  `TYPE_` varchar(255) COLLATE utf8_bin DEFAULT NULL,
  `USER_ID_` varchar(255) COLLATE utf8_bin DEFAULT NULL,
  `TASK_ID_` varchar(64) COLLATE utf8_bin DEFAULT NULL,
  `PROC_INST_ID_` varchar(64) COLLATE utf8_bin DEFAULT NULL,
  PRIMARY KEY (`ID_`),
  KEY `ACT_IDX_HI_IDENT_LNK_USER` (`USER_ID_`),
  KEY `ACT_IDX_HI_IDENT_LNK_TASK` (`TASK_ID_`),
  KEY `ACT_IDX_HI_IDENT_LNK_PROCINST` (`PROC_INST_ID_`)
) ENGINE=InnoDB DEFAULT CHARSET=utf8 COLLATE=utf8_bin;

-- ----------------------------
-- Records of act_hi_identitylink
-- ----------------------------

-- ----------------------------
-- Table structure for act_hi_procinst
-- ----------------------------
DROP TABLE IF EXISTS `act_hi_procinst`;
CREATE TABLE `act_hi_procinst` (
  `ID_` varchar(64) COLLATE utf8_bin NOT NULL,
  `PROC_INST_ID_` varchar(64) COLLATE utf8_bin NOT NULL,
  `BUSINESS_KEY_` varchar(255) COLLATE utf8_bin DEFAULT NULL,
  `PROC_DEF_ID_` varchar(64) COLLATE utf8_bin NOT NULL,
  `START_TIME_` datetime NOT NULL,
  `END_TIME_` datetime DEFAULT NULL,
  `DURATION_` bigint(20) DEFAULT NULL,
  `START_USER_ID_` varchar(255) COLLATE utf8_bin DEFAULT NULL,
  `START_ACT_ID_` varchar(255) COLLATE utf8_bin DEFAULT NULL,
  `END_ACT_ID_` varchar(255) COLLATE utf8_bin DEFAULT NULL,
  `SUPER_PROCESS_INSTANCE_ID_` varchar(64) COLLATE utf8_bin DEFAULT NULL,
  `DELETE_REASON_` varchar(4000) COLLATE utf8_bin DEFAULT NULL,
  `TENANT_ID_` varchar(255) COLLATE utf8_bin DEFAULT '',
  PRIMARY KEY (`ID_`),
  UNIQUE KEY `PROC_INST_ID_` (`PROC_INST_ID_`),
  KEY `ACT_IDX_HI_PRO_INST_END` (`END_TIME_`),
  KEY `ACT_IDX_HI_PRO_I_BUSKEY` (`BUSINESS_KEY_`)
) ENGINE=InnoDB DEFAULT CHARSET=utf8 COLLATE=utf8_bin;

-- ----------------------------
-- Records of act_hi_procinst
-- ----------------------------

-- ----------------------------
-- Table structure for act_hi_taskinst
-- ----------------------------
DROP TABLE IF EXISTS `act_hi_taskinst`;
CREATE TABLE `act_hi_taskinst` (
  `ID_` varchar(64) COLLATE utf8_bin NOT NULL,
  `PROC_DEF_ID_` varchar(64) COLLATE utf8_bin DEFAULT NULL,
  `TASK_DEF_KEY_` varchar(255) COLLATE utf8_bin DEFAULT NULL,
  `PROC_INST_ID_` varchar(64) COLLATE utf8_bin DEFAULT NULL,
  `EXECUTION_ID_` varchar(64) COLLATE utf8_bin DEFAULT NULL,
  `NAME_` varchar(255) COLLATE utf8_bin DEFAULT NULL,
  `PARENT_TASK_ID_` varchar(64) COLLATE utf8_bin DEFAULT NULL,
  `DESCRIPTION_` varchar(4000) COLLATE utf8_bin DEFAULT NULL,
  `OWNER_` varchar(255) COLLATE utf8_bin DEFAULT NULL,
  `ASSIGNEE_` varchar(255) COLLATE utf8_bin DEFAULT NULL,
  `START_TIME_` datetime NOT NULL,
  `CLAIM_TIME_` datetime DEFAULT NULL,
  `END_TIME_` datetime DEFAULT NULL,
  `DURATION_` bigint(20) DEFAULT NULL,
  `DELETE_REASON_` varchar(4000) COLLATE utf8_bin DEFAULT NULL,
  `PRIORITY_` int(11) DEFAULT NULL,
  `DUE_DATE_` datetime DEFAULT NULL,
  `FORM_KEY_` varchar(255) COLLATE utf8_bin DEFAULT NULL,
  `CATEGORY_` varchar(255) COLLATE utf8_bin DEFAULT NULL,
  `TENANT_ID_` varchar(255) COLLATE utf8_bin DEFAULT '',
  PRIMARY KEY (`ID_`)
) ENGINE=InnoDB DEFAULT CHARSET=utf8 COLLATE=utf8_bin;

-- ----------------------------
-- Records of act_hi_taskinst
-- ----------------------------

-- ----------------------------
-- Table structure for act_hi_varinst
-- ----------------------------
DROP TABLE IF EXISTS `act_hi_varinst`;
CREATE TABLE `act_hi_varinst` (
  `ID_` varchar(64) COLLATE utf8_bin NOT NULL,
  `PROC_INST_ID_` varchar(64) COLLATE utf8_bin DEFAULT NULL,
  `EXECUTION_ID_` varchar(64) COLLATE utf8_bin DEFAULT NULL,
  `TASK_ID_` varchar(64) COLLATE utf8_bin DEFAULT NULL,
  `NAME_` varchar(255) COLLATE utf8_bin NOT NULL,
  `VAR_TYPE_` varchar(100) COLLATE utf8_bin DEFAULT NULL,
  `REV_` int(11) DEFAULT NULL,
  `BYTEARRAY_ID_` varchar(64) COLLATE utf8_bin DEFAULT NULL,
  `DOUBLE_` double DEFAULT NULL,
  `LONG_` bigint(20) DEFAULT NULL,
  `TEXT_` varchar(4000) COLLATE utf8_bin DEFAULT NULL,
  `TEXT2_` varchar(4000) COLLATE utf8_bin DEFAULT NULL,
  `CREATE_TIME_` datetime DEFAULT NULL,
  `LAST_UPDATED_TIME_` datetime DEFAULT NULL,
  PRIMARY KEY (`ID_`),
  KEY `ACT_IDX_HI_PROCVAR_PROC_INST` (`PROC_INST_ID_`),
  KEY `ACT_IDX_HI_PROCVAR_NAME_TYPE` (`NAME_`,`VAR_TYPE_`)
) ENGINE=InnoDB DEFAULT CHARSET=utf8 COLLATE=utf8_bin;

-- ----------------------------
-- Records of act_hi_varinst
-- ----------------------------

-- ----------------------------
-- Table structure for act_id_group
-- ----------------------------
DROP TABLE IF EXISTS `act_id_group`;
CREATE TABLE `act_id_group` (
  `ID_` varchar(64) COLLATE utf8_bin NOT NULL,
  `REV_` int(11) DEFAULT NULL,
  `NAME_` varchar(255) COLLATE utf8_bin DEFAULT NULL,
  `TYPE_` varchar(255) COLLATE utf8_bin DEFAULT NULL,
  PRIMARY KEY (`ID_`)
) ENGINE=InnoDB DEFAULT CHARSET=utf8 COLLATE=utf8_bin;

-- ----------------------------
-- Records of act_id_group
-- ----------------------------

-- ----------------------------
-- Table structure for act_id_info
-- ----------------------------
DROP TABLE IF EXISTS `act_id_info`;
CREATE TABLE `act_id_info` (
  `ID_` varchar(64) COLLATE utf8_bin NOT NULL,
  `REV_` int(11) DEFAULT NULL,
  `USER_ID_` varchar(64) COLLATE utf8_bin DEFAULT NULL,
  `TYPE_` varchar(64) COLLATE utf8_bin DEFAULT NULL,
  `KEY_` varchar(255) COLLATE utf8_bin DEFAULT NULL,
  `VALUE_` varchar(255) COLLATE utf8_bin DEFAULT NULL,
  `PASSWORD_` longblob,
  `PARENT_ID_` varchar(255) COLLATE utf8_bin DEFAULT NULL,
  PRIMARY KEY (`ID_`)
) ENGINE=InnoDB DEFAULT CHARSET=utf8 COLLATE=utf8_bin;

-- ----------------------------
-- Records of act_id_info
-- ----------------------------

-- ----------------------------
-- Table structure for act_id_membership
-- ----------------------------
DROP TABLE IF EXISTS `act_id_membership`;
CREATE TABLE `act_id_membership` (
  `USER_ID_` varchar(64) COLLATE utf8_bin NOT NULL,
  `GROUP_ID_` varchar(64) COLLATE utf8_bin NOT NULL,
  PRIMARY KEY (`USER_ID_`,`GROUP_ID_`),
  KEY `ACT_FK_MEMB_GROUP` (`GROUP_ID_`),
  CONSTRAINT `ACT_FK_MEMB_GROUP` FOREIGN KEY (`GROUP_ID_`) REFERENCES `act_id_group` (`ID_`),
  CONSTRAINT `ACT_FK_MEMB_USER` FOREIGN KEY (`USER_ID_`) REFERENCES `act_id_user` (`ID_`)
) ENGINE=InnoDB DEFAULT CHARSET=utf8 COLLATE=utf8_bin;

-- ----------------------------
-- Records of act_id_membership
-- ----------------------------

-- ----------------------------
-- Table structure for act_id_user
-- ----------------------------
DROP TABLE IF EXISTS `act_id_user`;
CREATE TABLE `act_id_user` (
  `ID_` varchar(64) COLLATE utf8_bin NOT NULL,
  `REV_` int(11) DEFAULT NULL,
  `FIRST_` varchar(255) COLLATE utf8_bin DEFAULT NULL,
  `LAST_` varchar(255) COLLATE utf8_bin DEFAULT NULL,
  `EMAIL_` varchar(255) COLLATE utf8_bin DEFAULT NULL,
  `PWD_` varchar(255) COLLATE utf8_bin DEFAULT NULL,
  `PICTURE_ID_` varchar(64) COLLATE utf8_bin DEFAULT NULL,
  PRIMARY KEY (`ID_`)
) ENGINE=InnoDB DEFAULT CHARSET=utf8 COLLATE=utf8_bin;

-- ----------------------------
-- Records of act_id_user
-- ----------------------------

-- ----------------------------
-- Table structure for act_re_deployment
-- ----------------------------
DROP TABLE IF EXISTS `act_re_deployment`;
CREATE TABLE `act_re_deployment` (
  `ID_` varchar(64) COLLATE utf8_bin NOT NULL,
  `NAME_` varchar(255) COLLATE utf8_bin DEFAULT NULL,
  `CATEGORY_` varchar(255) COLLATE utf8_bin DEFAULT NULL,
  `TENANT_ID_` varchar(255) COLLATE utf8_bin DEFAULT '',
  `DEPLOY_TIME_` timestamp NOT NULL DEFAULT CURRENT_TIMESTAMP ON UPDATE CURRENT_TIMESTAMP,
  PRIMARY KEY (`ID_`)
) ENGINE=InnoDB DEFAULT CHARSET=utf8 COLLATE=utf8_bin;

-- ----------------------------
-- Records of act_re_deployment
-- ----------------------------
INSERT INTO `act_re_deployment` VALUES ('dcee0532335047d8991736839740b6e2', 'SpringAutoDeployment', null, '', '2015-12-02 21:32:52');

-- ----------------------------
-- Table structure for act_re_model
-- ----------------------------
DROP TABLE IF EXISTS `act_re_model`;
CREATE TABLE `act_re_model` (
  `ID_` varchar(64) COLLATE utf8_bin NOT NULL,
  `REV_` int(11) DEFAULT NULL,
  `NAME_` varchar(255) COLLATE utf8_bin DEFAULT NULL,
  `KEY_` varchar(255) COLLATE utf8_bin DEFAULT NULL,
  `CATEGORY_` varchar(255) COLLATE utf8_bin DEFAULT NULL,
  `CREATE_TIME_` timestamp NULL DEFAULT NULL,
  `LAST_UPDATE_TIME_` timestamp NULL DEFAULT NULL,
  `VERSION_` int(11) DEFAULT NULL,
  `META_INFO_` varchar(4000) COLLATE utf8_bin DEFAULT NULL,
  `DEPLOYMENT_ID_` varchar(64) COLLATE utf8_bin DEFAULT NULL,
  `EDITOR_SOURCE_VALUE_ID_` varchar(64) COLLATE utf8_bin DEFAULT NULL,
  `EDITOR_SOURCE_EXTRA_VALUE_ID_` varchar(64) COLLATE utf8_bin DEFAULT NULL,
  `TENANT_ID_` varchar(255) COLLATE utf8_bin DEFAULT '',
  PRIMARY KEY (`ID_`),
  KEY `ACT_FK_MODEL_SOURCE` (`EDITOR_SOURCE_VALUE_ID_`),
  KEY `ACT_FK_MODEL_SOURCE_EXTRA` (`EDITOR_SOURCE_EXTRA_VALUE_ID_`),
  KEY `ACT_FK_MODEL_DEPLOYMENT` (`DEPLOYMENT_ID_`),
  CONSTRAINT `ACT_FK_MODEL_DEPLOYMENT` FOREIGN KEY (`DEPLOYMENT_ID_`) REFERENCES `act_re_deployment` (`ID_`),
  CONSTRAINT `ACT_FK_MODEL_SOURCE` FOREIGN KEY (`EDITOR_SOURCE_VALUE_ID_`) REFERENCES `act_ge_bytearray` (`ID_`),
  CONSTRAINT `ACT_FK_MODEL_SOURCE_EXTRA` FOREIGN KEY (`EDITOR_SOURCE_EXTRA_VALUE_ID_`) REFERENCES `act_ge_bytearray` (`ID_`)
) ENGINE=InnoDB DEFAULT CHARSET=utf8 COLLATE=utf8_bin;

-- ----------------------------
-- Records of act_re_model
-- ----------------------------
INSERT INTO `act_re_model` VALUES ('643c7b8366024cb88037fdcac9487968', '5', 'test_au', 'test_au', '1', '2015-12-02 20:20:40', '2015-12-02 20:28:41', '1', '{\"name\":\"test_au\",\"revision\":1,\"description\":\"\"}', null, '2328b1ee554e49cdb9bffb31c9c59592', '646da8ee760f4cd3b31bd019f239e40a', '');

-- ----------------------------
-- Table structure for act_re_procdef
-- ----------------------------
DROP TABLE IF EXISTS `act_re_procdef`;
CREATE TABLE `act_re_procdef` (
  `ID_` varchar(64) COLLATE utf8_bin NOT NULL,
  `REV_` int(11) DEFAULT NULL,
  `CATEGORY_` varchar(255) COLLATE utf8_bin DEFAULT NULL,
  `NAME_` varchar(255) COLLATE utf8_bin DEFAULT NULL,
  `KEY_` varchar(255) COLLATE utf8_bin NOT NULL,
  `VERSION_` int(11) NOT NULL,
  `DEPLOYMENT_ID_` varchar(64) COLLATE utf8_bin DEFAULT NULL,
  `RESOURCE_NAME_` varchar(4000) COLLATE utf8_bin DEFAULT NULL,
  `DGRM_RESOURCE_NAME_` varchar(4000) COLLATE utf8_bin DEFAULT NULL,
  `DESCRIPTION_` varchar(4000) COLLATE utf8_bin DEFAULT NULL,
  `HAS_START_FORM_KEY_` tinyint(4) DEFAULT NULL,
  `SUSPENSION_STATE_` int(11) DEFAULT NULL,
  `TENANT_ID_` varchar(255) COLLATE utf8_bin DEFAULT '',
  PRIMARY KEY (`ID_`),
  UNIQUE KEY `ACT_UNIQ_PROCDEF` (`KEY_`,`VERSION_`,`TENANT_ID_`)
) ENGINE=InnoDB DEFAULT CHARSET=utf8 COLLATE=utf8_bin;

-- ----------------------------
-- Records of act_re_procdef
-- ----------------------------
INSERT INTO `act_re_procdef` VALUES ('test_audit:1:f10c303422a8471f9648c7c3eb415b6b', '1', 'http://www.activiti.org/test', '', 'test_audit', '1', 'dcee0532335047d8991736839740b6e2', 'test_audit.bpmn20.xml', 'test_audit.png', null, '1', '1', '');

-- ----------------------------
-- Table structure for act_ru_event_subscr
-- ----------------------------
DROP TABLE IF EXISTS `act_ru_event_subscr`;
CREATE TABLE `act_ru_event_subscr` (
  `ID_` varchar(64) COLLATE utf8_bin NOT NULL,
  `REV_` int(11) DEFAULT NULL,
  `EVENT_TYPE_` varchar(255) COLLATE utf8_bin NOT NULL,
  `EVENT_NAME_` varchar(255) COLLATE utf8_bin DEFAULT NULL,
  `EXECUTION_ID_` varchar(64) COLLATE utf8_bin DEFAULT NULL,
  `PROC_INST_ID_` varchar(64) COLLATE utf8_bin DEFAULT NULL,
  `ACTIVITY_ID_` varchar(64) COLLATE utf8_bin DEFAULT NULL,
  `CONFIGURATION_` varchar(255) COLLATE utf8_bin DEFAULT NULL,
  `CREATED_` timestamp NOT NULL DEFAULT CURRENT_TIMESTAMP,
  `PROC_DEF_ID_` varchar(64) COLLATE utf8_bin DEFAULT NULL,
  `TENANT_ID_` varchar(255) COLLATE utf8_bin DEFAULT '',
  PRIMARY KEY (`ID_`),
  KEY `ACT_IDX_EVENT_SUBSCR_CONFIG_` (`CONFIGURATION_`),
  KEY `ACT_FK_EVENT_EXEC` (`EXECUTION_ID_`),
  CONSTRAINT `ACT_FK_EVENT_EXEC` FOREIGN KEY (`EXECUTION_ID_`) REFERENCES `act_ru_execution` (`ID_`)
) ENGINE=InnoDB DEFAULT CHARSET=utf8 COLLATE=utf8_bin;

-- ----------------------------
-- Records of act_ru_event_subscr
-- ----------------------------

-- ----------------------------
-- Table structure for act_ru_execution
-- ----------------------------
DROP TABLE IF EXISTS `act_ru_execution`;
CREATE TABLE `act_ru_execution` (
  `ID_` varchar(64) COLLATE utf8_bin NOT NULL,
  `REV_` int(11) DEFAULT NULL,
  `PROC_INST_ID_` varchar(64) COLLATE utf8_bin DEFAULT NULL,
  `BUSINESS_KEY_` varchar(255) COLLATE utf8_bin DEFAULT NULL,
  `PARENT_ID_` varchar(64) COLLATE utf8_bin DEFAULT NULL,
  `PROC_DEF_ID_` varchar(64) COLLATE utf8_bin DEFAULT NULL,
  `SUPER_EXEC_` varchar(64) COLLATE utf8_bin DEFAULT NULL,
  `ACT_ID_` varchar(255) COLLATE utf8_bin DEFAULT NULL,
  `IS_ACTIVE_` tinyint(4) DEFAULT NULL,
  `IS_CONCURRENT_` tinyint(4) DEFAULT NULL,
  `IS_SCOPE_` tinyint(4) DEFAULT NULL,
  `IS_EVENT_SCOPE_` tinyint(4) DEFAULT NULL,
  `SUSPENSION_STATE_` int(11) DEFAULT NULL,
  `CACHED_ENT_STATE_` int(11) DEFAULT NULL,
  `TENANT_ID_` varchar(255) COLLATE utf8_bin DEFAULT '',
  PRIMARY KEY (`ID_`),
  KEY `ACT_IDX_EXEC_BUSKEY` (`BUSINESS_KEY_`),
  KEY `ACT_FK_EXE_PROCINST` (`PROC_INST_ID_`),
  KEY `ACT_FK_EXE_PARENT` (`PARENT_ID_`),
  KEY `ACT_FK_EXE_SUPER` (`SUPER_EXEC_`),
  KEY `ACT_FK_EXE_PROCDEF` (`PROC_DEF_ID_`),
  CONSTRAINT `ACT_FK_EXE_PARENT` FOREIGN KEY (`PARENT_ID_`) REFERENCES `act_ru_execution` (`ID_`),
  CONSTRAINT `ACT_FK_EXE_PROCDEF` FOREIGN KEY (`PROC_DEF_ID_`) REFERENCES `act_re_procdef` (`ID_`),
  CONSTRAINT `ACT_FK_EXE_PROCINST` FOREIGN KEY (`PROC_INST_ID_`) REFERENCES `act_ru_execution` (`ID_`) ON DELETE CASCADE ON UPDATE CASCADE,
  CONSTRAINT `ACT_FK_EXE_SUPER` FOREIGN KEY (`SUPER_EXEC_`) REFERENCES `act_ru_execution` (`ID_`)
) ENGINE=InnoDB DEFAULT CHARSET=utf8 COLLATE=utf8_bin;

-- ----------------------------
-- Records of act_ru_execution
-- ----------------------------

-- ----------------------------
-- Table structure for act_ru_identitylink
-- ----------------------------
DROP TABLE IF EXISTS `act_ru_identitylink`;
CREATE TABLE `act_ru_identitylink` (
  `ID_` varchar(64) COLLATE utf8_bin NOT NULL,
  `REV_` int(11) DEFAULT NULL,
  `GROUP_ID_` varchar(255) COLLATE utf8_bin DEFAULT NULL,
  `TYPE_` varchar(255) COLLATE utf8_bin DEFAULT NULL,
  `USER_ID_` varchar(255) COLLATE utf8_bin DEFAULT NULL,
  `TASK_ID_` varchar(64) COLLATE utf8_bin DEFAULT NULL,
  `PROC_INST_ID_` varchar(64) COLLATE utf8_bin DEFAULT NULL,
  `PROC_DEF_ID_` varchar(64) COLLATE utf8_bin DEFAULT NULL,
  PRIMARY KEY (`ID_`),
  KEY `ACT_IDX_IDENT_LNK_USER` (`USER_ID_`),
  KEY `ACT_IDX_IDENT_LNK_GROUP` (`GROUP_ID_`),
  KEY `ACT_IDX_ATHRZ_PROCEDEF` (`PROC_DEF_ID_`),
  KEY `ACT_FK_TSKASS_TASK` (`TASK_ID_`),
  KEY `ACT_FK_IDL_PROCINST` (`PROC_INST_ID_`),
  CONSTRAINT `ACT_FK_ATHRZ_PROCEDEF` FOREIGN KEY (`PROC_DEF_ID_`) REFERENCES `act_re_procdef` (`ID_`),
  CONSTRAINT `ACT_FK_IDL_PROCINST` FOREIGN KEY (`PROC_INST_ID_`) REFERENCES `act_ru_execution` (`ID_`),
  CONSTRAINT `ACT_FK_TSKASS_TASK` FOREIGN KEY (`TASK_ID_`) REFERENCES `act_ru_task` (`ID_`)
) ENGINE=InnoDB DEFAULT CHARSET=utf8 COLLATE=utf8_bin;

-- ----------------------------
-- Records of act_ru_identitylink
-- ----------------------------

-- ----------------------------
-- Table structure for act_ru_job
-- ----------------------------
DROP TABLE IF EXISTS `act_ru_job`;
CREATE TABLE `act_ru_job` (
  `ID_` varchar(64) COLLATE utf8_bin NOT NULL,
  `REV_` int(11) DEFAULT NULL,
  `TYPE_` varchar(255) COLLATE utf8_bin NOT NULL,
  `LOCK_EXP_TIME_` timestamp NULL DEFAULT NULL,
  `LOCK_OWNER_` varchar(255) COLLATE utf8_bin DEFAULT NULL,
  `EXCLUSIVE_` tinyint(1) DEFAULT NULL,
  `EXECUTION_ID_` varchar(64) COLLATE utf8_bin DEFAULT NULL,
  `PROCESS_INSTANCE_ID_` varchar(64) COLLATE utf8_bin DEFAULT NULL,
  `PROC_DEF_ID_` varchar(64) COLLATE utf8_bin DEFAULT NULL,
  `RETRIES_` int(11) DEFAULT NULL,
  `EXCEPTION_STACK_ID_` varchar(64) COLLATE utf8_bin DEFAULT NULL,
  `EXCEPTION_MSG_` varchar(4000) COLLATE utf8_bin DEFAULT NULL,
  `DUEDATE_` timestamp NULL DEFAULT NULL,
  `REPEAT_` varchar(255) COLLATE utf8_bin DEFAULT NULL,
  `HANDLER_TYPE_` varchar(255) COLLATE utf8_bin DEFAULT NULL,
  `HANDLER_CFG_` varchar(4000) COLLATE utf8_bin DEFAULT NULL,
  `TENANT_ID_` varchar(255) COLLATE utf8_bin DEFAULT '',
  PRIMARY KEY (`ID_`),
  KEY `ACT_FK_JOB_EXCEPTION` (`EXCEPTION_STACK_ID_`),
  CONSTRAINT `ACT_FK_JOB_EXCEPTION` FOREIGN KEY (`EXCEPTION_STACK_ID_`) REFERENCES `act_ge_bytearray` (`ID_`)
) ENGINE=InnoDB DEFAULT CHARSET=utf8 COLLATE=utf8_bin;

-- ----------------------------
-- Records of act_ru_job
-- ----------------------------

-- ----------------------------
-- Table structure for act_ru_task
-- ----------------------------
DROP TABLE IF EXISTS `act_ru_task`;
CREATE TABLE `act_ru_task` (
  `ID_` varchar(64) COLLATE utf8_bin NOT NULL,
  `REV_` int(11) DEFAULT NULL,
  `EXECUTION_ID_` varchar(64) COLLATE utf8_bin DEFAULT NULL,
  `PROC_INST_ID_` varchar(64) COLLATE utf8_bin DEFAULT NULL,
  `PROC_DEF_ID_` varchar(64) COLLATE utf8_bin DEFAULT NULL,
  `NAME_` varchar(255) COLLATE utf8_bin DEFAULT NULL,
  `PARENT_TASK_ID_` varchar(64) COLLATE utf8_bin DEFAULT NULL,
  `DESCRIPTION_` varchar(4000) COLLATE utf8_bin DEFAULT NULL,
  `TASK_DEF_KEY_` varchar(255) COLLATE utf8_bin DEFAULT NULL,
  `OWNER_` varchar(255) COLLATE utf8_bin DEFAULT NULL,
  `ASSIGNEE_` varchar(255) COLLATE utf8_bin DEFAULT NULL,
  `DELEGATION_` varchar(64) COLLATE utf8_bin DEFAULT NULL,
  `PRIORITY_` int(11) DEFAULT NULL,
  `CREATE_TIME_` timestamp NOT NULL DEFAULT CURRENT_TIMESTAMP ON UPDATE CURRENT_TIMESTAMP,
  `DUE_DATE_` datetime DEFAULT NULL,
  `CATEGORY_` varchar(255) COLLATE utf8_bin DEFAULT NULL,
  `SUSPENSION_STATE_` int(11) DEFAULT NULL,
  `TENANT_ID_` varchar(255) COLLATE utf8_bin DEFAULT '',
  PRIMARY KEY (`ID_`),
  KEY `ACT_IDX_TASK_CREATE` (`CREATE_TIME_`),
  KEY `ACT_FK_TASK_EXE` (`EXECUTION_ID_`),
  KEY `ACT_FK_TASK_PROCINST` (`PROC_INST_ID_`),
  KEY `ACT_FK_TASK_PROCDEF` (`PROC_DEF_ID_`),
  CONSTRAINT `ACT_FK_TASK_EXE` FOREIGN KEY (`EXECUTION_ID_`) REFERENCES `act_ru_execution` (`ID_`),
  CONSTRAINT `ACT_FK_TASK_PROCDEF` FOREIGN KEY (`PROC_DEF_ID_`) REFERENCES `act_re_procdef` (`ID_`),
  CONSTRAINT `ACT_FK_TASK_PROCINST` FOREIGN KEY (`PROC_INST_ID_`) REFERENCES `act_ru_execution` (`ID_`)
) ENGINE=InnoDB DEFAULT CHARSET=utf8 COLLATE=utf8_bin;

-- ----------------------------
-- Records of act_ru_task
-- ----------------------------

-- ----------------------------
-- Table structure for act_ru_variable
-- ----------------------------
DROP TABLE IF EXISTS `act_ru_variable`;
CREATE TABLE `act_ru_variable` (
  `ID_` varchar(64) COLLATE utf8_bin NOT NULL,
  `REV_` int(11) DEFAULT NULL,
  `TYPE_` varchar(255) COLLATE utf8_bin NOT NULL,
  `NAME_` varchar(255) COLLATE utf8_bin NOT NULL,
  `EXECUTION_ID_` varchar(64) COLLATE utf8_bin DEFAULT NULL,
  `PROC_INST_ID_` varchar(64) COLLATE utf8_bin DEFAULT NULL,
  `TASK_ID_` varchar(64) COLLATE utf8_bin DEFAULT NULL,
  `BYTEARRAY_ID_` varchar(64) COLLATE utf8_bin DEFAULT NULL,
  `DOUBLE_` double DEFAULT NULL,
  `LONG_` bigint(20) DEFAULT NULL,
  `TEXT_` varchar(4000) COLLATE utf8_bin DEFAULT NULL,
  `TEXT2_` varchar(4000) COLLATE utf8_bin DEFAULT NULL,
  PRIMARY KEY (`ID_`),
  KEY `ACT_IDX_VARIABLE_TASK_ID` (`TASK_ID_`),
  KEY `ACT_FK_VAR_EXE` (`EXECUTION_ID_`),
  KEY `ACT_FK_VAR_PROCINST` (`PROC_INST_ID_`),
  KEY `ACT_FK_VAR_BYTEARRAY` (`BYTEARRAY_ID_`),
  CONSTRAINT `ACT_FK_VAR_BYTEARRAY` FOREIGN KEY (`BYTEARRAY_ID_`) REFERENCES `act_ge_bytearray` (`ID_`),
  CONSTRAINT `ACT_FK_VAR_EXE` FOREIGN KEY (`EXECUTION_ID_`) REFERENCES `act_ru_execution` (`ID_`),
  CONSTRAINT `ACT_FK_VAR_PROCINST` FOREIGN KEY (`PROC_INST_ID_`) REFERENCES `act_ru_execution` (`ID_`)
) ENGINE=InnoDB DEFAULT CHARSET=utf8 COLLATE=utf8_bin;

-- ----------------------------
-- Records of act_ru_variable
-- ----------------------------

-- ----------------------------
-- Table structure for cms_article
-- ----------------------------
DROP TABLE IF EXISTS `cms_article`;
CREATE TABLE `cms_article` (
  `id` varchar(64) NOT NULL COMMENT '',
  `category_id` varchar(64) NOT NULL COMMENT '',
  `title` varchar(255) NOT NULL COMMENT '',
  `link` varchar(255) DEFAULT NULL COMMENT '',
  `color` varchar(50) DEFAULT NULL COMMENT '',
  `image` varchar(255) DEFAULT NULL COMMENT '',
  `keywords` varchar(255) DEFAULT NULL COMMENT '',
  `description` varchar(255) DEFAULT NULL COMMENT '',
  `weight` int(11) DEFAULT '0' COMMENT '',
  `weight_date` datetime DEFAULT NULL COMMENT '',
  `hits` int(11) DEFAULT '0' COMMENT '',
  `posid` varchar(10) DEFAULT NULL COMMENT '',
  `custom_content_view` varchar(255) DEFAULT NULL COMMENT '',
  `view_config` text COMMENT '',
  `create_by` varchar(64) DEFAULT NULL COMMENT '',
  `create_date` datetime DEFAULT NULL COMMENT '',
  `update_by` varchar(64) DEFAULT NULL COMMENT '',
  `update_date` datetime DEFAULT NULL COMMENT '',
  `remarks` varchar(255) DEFAULT NULL COMMENT '',
  `del_flag` char(1) NOT NULL DEFAULT '0' COMMENT '',
  PRIMARY KEY (`id`),
  KEY `cms_article_create_by` (`create_by`),
  KEY `cms_article_title` (`title`),
  KEY `cms_article_keywords` (`keywords`),
  KEY `cms_article_del_flag` (`del_flag`),
  KEY `cms_article_weight` (`weight`),
  KEY `cms_article_update_date` (`update_date`),
  KEY `cms_article_category_id` (`category_id`)
) ENGINE=InnoDB DEFAULT CHARSET=utf8 COMMENT='';

-- ----------------------------
-- Records of cms_article
-- ----------------------------
INSERT INTO `cms_article` VALUES ('1', '3', '', null, 'green', null, '1,2', null, '0', null, '0', null, null, null, '1', '2013-05-27 08:00:00', '1', '2013-05-27 08:00:00', null, '0');
INSERT INTO `cms_article` VALUES ('10', '4', '', null, null, null, '1,2', null, '0', null, '0', null, null, null, '1', '2013-05-27 08:00:00', '1', '2013-05-27 08:00:00', null, '0');
INSERT INTO `cms_article` VALUES ('11', '5', '', null, null, null, '1,2', null, '0', null, '0', null, null, null, '1', '2013-05-27 08:00:00', '1', '2013-05-27 08:00:00', null, '0');
INSERT INTO `cms_article` VALUES ('12', '5', '', null, null, null, '1,2', null, '0', null, '0', null, null, null, '1', '2013-05-27 08:00:00', '1', '2013-05-27 08:00:00', null, '0');
INSERT INTO `cms_article` VALUES ('13', '5', '', null, null, null, '1,2', null, '0', null, '0', null, null, null, '1', '2013-05-27 08:00:00', '1', '2013-05-27 08:00:00', null, '0');
INSERT INTO `cms_article` VALUES ('14', '7', '', null, null, null, '1,2', null, '0', null, '0', null, null, null, '1', '2013-05-27 08:00:00', '1', '2013-05-27 08:00:00', null, '0');
INSERT INTO `cms_article` VALUES ('15', '7', '', null, null, null, '1,2', null, '0', null, '0', null, null, null, '1', '2013-05-27 08:00:00', '1', '2013-05-27 08:00:00', null, '0');
INSERT INTO `cms_article` VALUES ('16', '7', '', null, null, null, '1,2', null, '0', null, '0', null, null, null, '1', '2013-05-27 08:00:00', '1', '2013-05-27 08:00:00', null, '0');
INSERT INTO `cms_article` VALUES ('17', '7', '', null, null, null, '1,2', null, '0', null, '0', null, null, null, '1', '2013-05-27 08:00:00', '1', '2013-05-27 08:00:00', null, '0');
INSERT INTO `cms_article` VALUES ('18', '8', '', null, null, null, '1,2', null, '0', null, '0', null, null, null, '1', '2013-05-27 08:00:00', '1', '2013-05-27 08:00:00', null, '0');
INSERT INTO `cms_article` VALUES ('19', '8', '', null, null, null, '1,2', null, '0', null, '0', null, null, null, '1', '2013-05-27 08:00:00', '1', '2013-05-27 08:00:00', null, '0');
INSERT INTO `cms_article` VALUES ('2', '3', '', null, 'red', null, '1,2', null, '0', null, '0', null, null, null, '1', '2013-05-27 08:00:00', '1', '2013-05-27 08:00:00', null, '0');
INSERT INTO `cms_article` VALUES ('20', '8', '', null, null, null, '1,2', null, '0', null, '0', null, null, null, '1', '2013-05-27 08:00:00', '1', '2013-05-27 08:00:00', null, '0');
INSERT INTO `cms_article` VALUES ('21', '8', '', null, null, null, '1,2', null, '0', null, '0', null, null, null, '1', '2013-05-27 08:00:00', '1', '2013-05-27 08:00:00', null, '0');
INSERT INTO `cms_article` VALUES ('22', '9', '', null, null, null, '1,2', null, '0', null, '0', null, null, null, '1', '2013-05-27 08:00:00', '1', '2013-05-27 08:00:00', null, '0');
INSERT INTO `cms_article` VALUES ('23', '9', '', null, null, null, '1,2', null, '0', null, '0', null, null, null, '1', '2013-05-27 08:00:00', '1', '2013-05-27 08:00:00', null, '0');
INSERT INTO `cms_article` VALUES ('24', '9', '', null, null, null, '1,2', null, '0', null, '0', null, null, null, '1', '2013-05-27 08:00:00', '1', '2013-05-27 08:00:00', null, '0');
INSERT INTO `cms_article` VALUES ('25', '9', '', null, null, null, '1,2', null, '0', null, '0', null, null, null, '1', '2013-05-27 08:00:00', '1', '2013-05-27 08:00:00', null, '0');
INSERT INTO `cms_article` VALUES ('26', '9', '', null, null, null, '1,2', null, '0', null, '0', null, null, null, '1', '2013-05-27 08:00:00', '1', '2013-05-27 08:00:00', null, '0');
INSERT INTO `cms_article` VALUES ('27', '11', '', null, null, null, '1,2', null, '0', null, '0', null, null, null, '1', '2013-05-27 08:00:00', '1', '2013-05-27 08:00:00', null, '0');
INSERT INTO `cms_article` VALUES ('28', '11', '', null, null, null, '1,2', null, '0', null, '0', null, null, null, '1', '2013-05-27 08:00:00', '1', '2013-05-27 08:00:00', null, '0');
INSERT INTO `cms_article` VALUES ('29', '11', '', null, null, null, '1,2', null, '0', null, '0', null, null, null, '1', '2013-05-27 08:00:00', '1', '2013-05-27 08:00:00', null, '0');
INSERT INTO `cms_article` VALUES ('3', '3', '', null, null, null, '1,2', null, '0', null, '0', null, null, null, '1', '2013-05-27 08:00:00', '1', '2013-05-27 08:00:00', null, '0');
INSERT INTO `cms_article` VALUES ('30', '11', '', null, null, null, '1,2', null, '0', null, '0', null, null, null, '1', '2013-05-27 08:00:00', '1', '2013-05-27 08:00:00', null, '0');
INSERT INTO `cms_article` VALUES ('31', '11', '', null, null, null, '1,2', null, '0', null, '0', null, null, null, '1', '2013-05-27 08:00:00', '1', '2013-05-27 08:00:00', null, '0');
INSERT INTO `cms_article` VALUES ('32', '12', '', null, null, null, '1,2', null, '0', null, '0', null, null, null, '1', '2013-05-27 08:00:00', '1', '2013-05-27 08:00:00', null, '0');
INSERT INTO `cms_article` VALUES ('33', '12', '', null, null, null, '1,2', null, '0', null, '0', null, null, null, '1', '2013-05-27 08:00:00', '1', '2013-05-27 08:00:00', null, '0');
INSERT INTO `cms_article` VALUES ('34', '12', '', null, null, null, '1,2', null, '0', null, '0', null, null, null, '1', '2013-05-27 08:00:00', '1', '2013-05-27 08:00:00', null, '0');
INSERT INTO `cms_article` VALUES ('35', '12', '', null, null, null, '1,2', null, '0', null, '0', null, null, null, '1', '2013-05-27 08:00:00', '1', '2013-05-27 08:00:00', null, '0');
INSERT INTO `cms_article` VALUES ('36', '12', '', null, null, null, '1,2', null, '0', null, '0', null, null, null, '1', '2013-05-27 08:00:00', '1', '2013-05-27 08:00:00', null, '0');
INSERT INTO `cms_article` VALUES ('37', '13', '', null, null, null, '1,2', null, '0', null, '0', null, null, null, '1', '2013-05-27 08:00:00', '1', '2013-05-27 08:00:00', null, '0');
INSERT INTO `cms_article` VALUES ('38', '13', '', null, null, null, '1,2', null, '0', null, '0', null, null, null, '1', '2013-05-27 08:00:00', '1', '2013-05-27 08:00:00', null, '0');
INSERT INTO `cms_article` VALUES ('39', '13', '', null, null, null, '1,2', null, '0', null, '0', null, null, null, '1', '2013-05-27 08:00:00', '1', '2013-05-27 08:00:00', null, '0');
INSERT INTO `cms_article` VALUES ('4', '3', '', null, 'green', null, '1,2', null, '0', null, '0', null, null, null, '1', '2013-05-27 08:00:00', '1', '2013-05-27 08:00:00', null, '0');
INSERT INTO `cms_article` VALUES ('40', '13', '', null, null, null, '1,2', null, '0', null, '0', null, null, null, '1', '2013-05-27 08:00:00', '1', '2013-05-27 08:00:00', null, '0');
INSERT INTO `cms_article` VALUES ('41', '14', '', null, null, null, '1,2', null, '0', null, '0', null, null, null, '1', '2013-05-27 08:00:00', '1', '2013-05-27 08:00:00', null, '0');
INSERT INTO `cms_article` VALUES ('42', '14', '', null, null, null, '1,2', null, '0', null, '0', null, null, null, '1', '2013-05-27 08:00:00', '1', '2013-05-27 08:00:00', null, '0');
INSERT INTO `cms_article` VALUES ('43', '14', '', null, null, null, '1,2', null, '0', null, '0', null, null, null, '1', '2013-05-27 08:00:00', '1', '2013-05-27 08:00:00', null, '0');
INSERT INTO `cms_article` VALUES ('44', '14', '', null, null, null, '1,2', null, '0', null, '0', null, null, null, '1', '2013-05-27 08:00:00', '1', '2013-05-27 08:00:00', null, '0');
INSERT INTO `cms_article` VALUES ('45', '14', '', null, null, null, '1,2', null, '0', null, '0', null, null, null, '1', '2013-05-27 08:00:00', '1', '2013-05-27 08:00:00', null, '0');
INSERT INTO `cms_article` VALUES ('46', '15', '', null, null, null, '1,2', null, '0', null, '0', null, null, null, '1', '2013-05-27 08:00:00', '1', '2013-05-27 08:00:00', null, '0');
INSERT INTO `cms_article` VALUES ('47', '15', '', null, null, null, '1,2', null, '0', null, '0', null, null, null, '1', '2013-05-27 08:00:00', '1', '2013-05-27 08:00:00', null, '0');
INSERT INTO `cms_article` VALUES ('48', '15', '', null, null, null, '1,2', null, '0', null, '0', null, null, null, '1', '2013-05-27 08:00:00', '1', '2013-05-27 08:00:00', null, '0');
INSERT INTO `cms_article` VALUES ('49', '16', '', null, null, null, '1,2', null, '0', null, '0', null, null, null, '1', '2013-05-27 08:00:00', '1', '2013-05-27 08:00:00', null, '0');
INSERT INTO `cms_article` VALUES ('5', '3', '', null, null, null, '1,2', null, '0', null, '0', null, null, null, '1', '2013-05-27 08:00:00', '1', '2013-05-27 08:00:00', null, '0');
INSERT INTO `cms_article` VALUES ('50', '17', '', null, null, null, '1,2', null, '0', null, '0', null, null, null, '1', '2013-05-27 08:00:00', '1', '2013-05-27 08:00:00', null, '0');
INSERT INTO `cms_article` VALUES ('51', '17', '', null, null, null, '1,2', null, '0', null, '0', null, null, null, '1', '2013-05-27 08:00:00', '1', '2013-05-27 08:00:00', null, '0');
INSERT INTO `cms_article` VALUES ('52', '26', '', null, null, null, '1,2', null, '0', null, '0', null, null, null, '1', '2013-05-27 08:00:00', '1', '2013-05-27 08:00:00', null, '0');
INSERT INTO `cms_article` VALUES ('53', '26', '', null, null, null, '1,2', null, '0', null, '0', null, null, null, '1', '2013-05-27 08:00:00', '1', '2013-05-27 08:00:00', null, '0');
INSERT INTO `cms_article` VALUES ('6', '3', '', null, null, null, '1,2', null, '0', null, '0', null, null, null, '1', '2013-05-27 08:00:00', '1', '2013-05-27 08:00:00', null, '0');
INSERT INTO `cms_article` VALUES ('7', '4', '', null, null, null, '1,2', null, '0', null, '0', null, null, null, '1', '2013-05-27 08:00:00', '1', '2013-05-27 08:00:00', null, '0');
INSERT INTO `cms_article` VALUES ('8', '4', '', null, 'blue', null, '1,2', null, '0', null, '0', null, null, null, '1', '2013-05-27 08:00:00', '1', '2013-05-27 08:00:00', null, '0');
INSERT INTO `cms_article` VALUES ('9', '4', '', null, null, null, '1,2', null, '0', null, '0', null, null, null, '1', '2013-05-27 08:00:00', '1', '2013-05-27 08:00:00', null, '0');

-- ----------------------------
-- Table structure for cms_article_data
-- ----------------------------
DROP TABLE IF EXISTS `cms_article_data`;
CREATE TABLE `cms_article_data` (
  `id` varchar(64) NOT NULL COMMENT '',
  `content` text COMMENT '',
  `copyfrom` varchar(255) DEFAULT NULL COMMENT '',
  `relation` varchar(255) DEFAULT NULL COMMENT '',
  `allow_comment` char(1) DEFAULT NULL COMMENT '',
  PRIMARY KEY (`id`)
) ENGINE=InnoDB DEFAULT CHARSET=utf8 COMMENT='';

-- ----------------------------
-- Records of cms_article_data
-- ----------------------------
INSERT INTO `cms_article_data` VALUES ('1', '', '', '1,2,3', '1');
INSERT INTO `cms_article_data` VALUES ('10', '', '', '1,2,3', '1');
INSERT INTO `cms_article_data` VALUES ('11', '', '', '1,2,3', '1');
INSERT INTO `cms_article_data` VALUES ('12', '', '', '1,2,3', '1');
INSERT INTO `cms_article_data` VALUES ('13', '', '', '1,2,3', '1');
INSERT INTO `cms_article_data` VALUES ('14', '', '', '1,2,3', '1');
INSERT INTO `cms_article_data` VALUES ('15', '', '', '1,2,3', '1');
INSERT INTO `cms_article_data` VALUES ('16', '', '', '1,2,3', '1');
INSERT INTO `cms_article_data` VALUES ('17', '', '', '1,2,3', '1');
INSERT INTO `cms_article_data` VALUES ('18', '', '', '1,2,3', '1');
INSERT INTO `cms_article_data` VALUES ('19', '', '', '1,2,3', '1');
INSERT INTO `cms_article_data` VALUES ('2', '', '', '1,2,3', '1');
INSERT INTO `cms_article_data` VALUES ('20', '', '', '1,2,3', '1');
INSERT INTO `cms_article_data` VALUES ('21', '', '', '1,2,3', '1');
INSERT INTO `cms_article_data` VALUES ('22', '', '', '1,2,3', '1');
INSERT INTO `cms_article_data` VALUES ('23', '', '', '1,2,3', '1');
INSERT INTO `cms_article_data` VALUES ('24', '', '', '1,2,3', '1');
INSERT INTO `cms_article_data` VALUES ('25', '', '', '1,2,3', '1');
INSERT INTO `cms_article_data` VALUES ('26', '', '', '1,2,3', '1');
INSERT INTO `cms_article_data` VALUES ('27', '', '', '1,2,3', '1');
INSERT INTO `cms_article_data` VALUES ('28', '', '', '1,2,3', '1');
INSERT INTO `cms_article_data` VALUES ('29', '', '', '1,2,3', '1');
INSERT INTO `cms_article_data` VALUES ('3', '', '', '1,2,3', '1');
INSERT INTO `cms_article_data` VALUES ('30', '', '', '1,2,3', '1');
INSERT INTO `cms_article_data` VALUES ('31', '', '', '1,2,3', '1');
INSERT INTO `cms_article_data` VALUES ('32', '', '', '1,2,3', '1');
INSERT INTO `cms_article_data` VALUES ('33', '', '', '1,2,3', '1');
INSERT INTO `cms_article_data` VALUES ('34', '', '', '1,2,3', '1');
INSERT INTO `cms_article_data` VALUES ('35', '', '', '1,2,3', '1');
INSERT INTO `cms_article_data` VALUES ('36', '', '', '1,2,3', '1');
INSERT INTO `cms_article_data` VALUES ('37', '', '', '1,2,3', '1');
INSERT INTO `cms_article_data` VALUES ('38', '', '', '1,2,3', '1');
INSERT INTO `cms_article_data` VALUES ('39', '', '', '1,2,3', '1');
INSERT INTO `cms_article_data` VALUES ('4', '', '', '1,2,3', '1');
INSERT INTO `cms_article_data` VALUES ('40', '', '', '1,2,3', '1');
INSERT INTO `cms_article_data` VALUES ('41', '', '', '1,2,3', '1');
INSERT INTO `cms_article_data` VALUES ('42', '', '', '1,2,3', '1');
INSERT INTO `cms_article_data` VALUES ('43', '', '', '1,2,3', '1');
INSERT INTO `cms_article_data` VALUES ('44', '', '', '1,2,3', '1');
INSERT INTO `cms_article_data` VALUES ('45', '', '', '1,2,3', '1');
INSERT INTO `cms_article_data` VALUES ('46', '', '', '1,2,3', '1');
INSERT INTO `cms_article_data` VALUES ('47', '', '', '1,2,3', '1');
INSERT INTO `cms_article_data` VALUES ('48', '', '', '1,2,3', '1');
INSERT INTO `cms_article_data` VALUES ('49', '', '', '1,2,3', '1');
INSERT INTO `cms_article_data` VALUES ('5', '', '', '1,2,3', '1');
INSERT INTO `cms_article_data` VALUES ('50', '', '', '1,2,3', '1');
INSERT INTO `cms_article_data` VALUES ('51', '', '', '1,2,3', '1');
INSERT INTO `cms_article_data` VALUES ('52', '', '', '1,2,3', '1');
INSERT INTO `cms_article_data` VALUES ('53', '', '', '1,2,3', '1');
INSERT INTO `cms_article_data` VALUES ('6', '', '', '1,2,3', '1');
INSERT INTO `cms_article_data` VALUES ('7', '', '', '1,2,3', '1');
INSERT INTO `cms_article_data` VALUES ('8', '', '', '1,2,3', '1');
INSERT INTO `cms_article_data` VALUES ('9', '', '', '1,2,3', '1');

-- ----------------------------
-- Table structure for cms_category
-- ----------------------------
DROP TABLE IF EXISTS `cms_category`;
CREATE TABLE `cms_category` (
  `id` varchar(64) NOT NULL COMMENT '',
  `parent_id` varchar(64) NOT NULL COMMENT '',
  `parent_ids` varchar(2000) NOT NULL COMMENT '',
  `site_id` varchar(64) DEFAULT '1' COMMENT '',
  `office_id` varchar(64) DEFAULT NULL COMMENT '',
  `module` varchar(20) DEFAULT NULL COMMENT '',
  `name` varchar(100) NOT NULL COMMENT '',
  `image` varchar(255) DEFAULT NULL COMMENT '',
  `href` varchar(255) DEFAULT NULL COMMENT '',
  `target` varchar(20) DEFAULT NULL COMMENT '',
  `description` varchar(255) DEFAULT NULL COMMENT '',
  `keywords` varchar(255) DEFAULT NULL COMMENT '',
  `sort` int(11) DEFAULT '30' COMMENT '',
  `in_menu` char(1) DEFAULT '1' COMMENT '',
  `in_list` char(1) DEFAULT '1' COMMENT '',
  `show_modes` char(1) DEFAULT '0' COMMENT '',
  `allow_comment` char(1) DEFAULT NULL COMMENT '',
  `is_audit` char(1) DEFAULT NULL COMMENT '',
  `custom_list_view` varchar(255) DEFAULT NULL COMMENT '',
  `custom_content_view` varchar(255) DEFAULT NULL COMMENT '',
  `view_config` text COMMENT '',
  `create_by` varchar(64) DEFAULT NULL COMMENT '',
  `create_date` datetime DEFAULT NULL COMMENT '',
  `update_by` varchar(64) DEFAULT NULL COMMENT '',
  `update_date` datetime DEFAULT NULL COMMENT '',
  `remarks` varchar(255) DEFAULT NULL COMMENT '',
  `del_flag` char(1) NOT NULL DEFAULT '0' COMMENT '',
  PRIMARY KEY (`id`),
  KEY `cms_category_parent_id` (`parent_id`),
  KEY `cms_category_module` (`module`),
  KEY `cms_category_name` (`name`),
  KEY `cms_category_sort` (`sort`),
  KEY `cms_category_del_flag` (`del_flag`),
  KEY `cms_category_office_id` (`office_id`),
  KEY `cms_category_site_id` (`site_id`)
) ENGINE=InnoDB DEFAULT CHARSET=utf8 COMMENT='';

-- ----------------------------
-- Records of cms_category
-- ----------------------------
INSERT INTO `cms_category` VALUES ('1', '0', '0,', '0', '1', null, '', null, null, null, null, null, '0', '1', '1', '0', '0', '1', null, null, null, '1', '2013-05-27 08:00:00', '1', '2013-05-27 08:00:00', null, '0');
INSERT INTO `cms_category` VALUES ('10', '1', '0,1,', '1', '4', 'article', '', null, null, null, null, null, '20', '1', '1', '0', '1', '0', null, null, null, '1', '2013-05-27 08:00:00', '1', '2013-05-27 08:00:00', null, '0');
INSERT INTO `cms_category` VALUES ('11', '10', '0,1,10,', '1', '4', 'article', '', null, null, null, null, null, '30', '1', '1', '0', '1', '0', null, null, null, '1', '2013-05-27 08:00:00', '1', '2013-05-27 08:00:00', null, '0');
INSERT INTO `cms_category` VALUES ('12', '10', '0,1,10,', '1', '4', 'article', '', null, null, null, null, null, '40', '1', '1', '0', '1', '0', null, null, null, '1', '2013-05-27 08:00:00', '1', '2013-05-27 08:00:00', null, '0');
INSERT INTO `cms_category` VALUES ('13', '10', '0,1,10,', '1', '4', 'article', '', null, null, null, null, null, '50', '1', '1', '0', '1', '0', null, null, null, '1', '2013-05-27 08:00:00', '1', '2013-05-27 08:00:00', null, '0');
INSERT INTO `cms_category` VALUES ('14', '10', '0,1,10,', '1', '4', 'article', '', null, null, null, null, null, '50', '1', '1', '0', '1', '0', null, null, null, '1', '2013-05-27 08:00:00', '1', '2013-05-27 08:00:00', null, '0');
INSERT INTO `cms_category` VALUES ('15', '10', '0,1,10,', '1', '4', 'article', '', null, null, null, null, null, '50', '1', '1', '0', '1', '0', null, null, null, '1', '2013-05-27 08:00:00', '1', '2013-05-27 08:00:00', null, '0');
INSERT INTO `cms_category` VALUES ('16', '10', '0,1,10,', '1', '4', 'article', '', null, null, null, null, null, '50', '1', '1', '0', '1', '0', null, null, null, '1', '2013-05-27 08:00:00', '1', '2013-05-27 08:00:00', null, '0');
INSERT INTO `cms_category` VALUES ('17', '10', '0,1,10,', '1', '4', 'article', '', null, null, null, null, null, '50', '1', '1', '2', '1', '0', null, null, null, '1', '2013-05-27 08:00:00', '1', '2013-05-27 08:00:00', null, '0');
INSERT INTO `cms_category` VALUES ('18', '1', '0,1,', '1', '5', 'link', '', null, null, null, null, null, '90', '1', '1', '0', '1', '0', null, null, null, '1', '2013-05-27 08:00:00', '1', '2013-05-27 08:00:00', null, '0');
INSERT INTO `cms_category` VALUES ('19', '18', '0,1,18,', '1', '5', 'link', '', null, null, null, null, null, '50', '1', '1', '0', '1', '0', null, null, null, '1', '2013-05-27 08:00:00', '1', '2013-05-27 08:00:00', null, '0');
INSERT INTO `cms_category` VALUES ('2', '1', '0,1,', '1', '3', 'article', '', null, null, null, null, null, '10', '1', '1', '0', '0', '1', null, null, null, '1', '2013-05-27 08:00:00', '1', '2013-05-27 08:00:00', null, '0');
INSERT INTO `cms_category` VALUES ('20', '18', '0,1,18,', '1', '5', 'link', '', null, null, null, null, null, '50', '1', '1', '0', '1', '0', null, null, null, '1', '2013-05-27 08:00:00', '1', '2013-05-27 08:00:00', null, '0');
INSERT INTO `cms_category` VALUES ('21', '18', '0,1,18,', '1', '5', 'link', '', null, null, null, null, null, '50', '1', '1', '0', '1', '0', null, null, null, '1', '2013-05-27 08:00:00', '1', '2013-05-27 08:00:00', null, '0');
INSERT INTO `cms_category` VALUES ('22', '18', '0,1,18,', '1', '5', 'link', '', null, null, null, null, null, '50', '1', '1', '0', '1', '0', null, null, null, '1', '2013-05-27 08:00:00', '1', '2013-05-27 08:00:00', null, '0');
INSERT INTO `cms_category` VALUES ('23', '18', '0,1,18,', '1', '5', 'link', '', null, null, null, null, null, '50', '1', '1', '0', '1', '0', null, null, null, '1', '2013-05-27 08:00:00', '1', '2013-05-27 08:00:00', null, '0');
INSERT INTO `cms_category` VALUES ('24', '1', '0,1,', '1', '6', null, '', null, 'http://www.baidu.com', '_blank', null, null, '90', '1', '1', '0', '1', '0', null, null, null, '1', '2013-05-27 08:00:00', '1', '2013-05-27 08:00:00', null, '0');
INSERT INTO `cms_category` VALUES ('25', '1', '0,1,', '1', '6', null, '', null, '/search', null, null, null, '90', '0', '1', '0', '1', '0', null, null, null, '1', '2013-05-27 08:00:00', '1', '2013-05-27 08:00:00', null, '0');
INSERT INTO `cms_category` VALUES ('26', '1', '0,1,', '2', '6', 'article', '', null, null, null, null, null, '90', '1', '1', '0', '1', '0', null, null, null, '1', '2013-05-27 08:00:00', '1', '2013-05-27 08:00:00', null, '0');
INSERT INTO `cms_category` VALUES ('27', '1', '0,1,', '1', '6', null, '', null, '/guestbook', null, null, null, '90', '1', '1', '0', '1', '0', null, null, null, '1', '2013-05-27 08:00:00', '1', '2013-05-27 08:00:00', null, '0');
INSERT INTO `cms_category` VALUES ('3', '2', '0,1,2,', '1', '3', 'article', '', null, null, null, null, null, '30', '1', '1', '0', '0', '1', null, null, null, '1', '2013-05-27 08:00:00', '1', '2013-05-27 08:00:00', null, '0');
INSERT INTO `cms_category` VALUES ('4', '2', '0,1,2,', '1', '3', 'article', '', null, null, null, null, null, '40', '1', '1', '0', '0', '1', null, null, null, '1', '2013-05-27 08:00:00', '1', '2013-05-27 08:00:00', null, '0');
INSERT INTO `cms_category` VALUES ('5', '2', '0,1,2,', '1', '3', 'article', '', null, null, null, null, null, '50', '1', '1', '0', '0', '1', null, null, null, '1', '2013-05-27 08:00:00', '1', '2013-05-27 08:00:00', null, '0');
INSERT INTO `cms_category` VALUES ('6', '1', '0,1,', '1', '3', 'article', '', null, null, null, null, null, '20', '1', '1', '1', '1', '0', null, null, null, '1', '2013-05-27 08:00:00', '1', '2013-05-27 08:00:00', null, '0');
INSERT INTO `cms_category` VALUES ('7', '6', '0,1,6,', '1', '3', 'article', '', null, null, null, null, null, '30', '1', '1', '0', '1', '0', null, null, null, '1', '2013-05-27 08:00:00', '1', '2013-05-27 08:00:00', null, '0');
INSERT INTO `cms_category` VALUES ('8', '6', '0,1,6,', '1', '3', 'article', '', null, null, null, null, null, '40', '1', '1', '0', '1', '0', null, null, null, '1', '2013-05-27 08:00:00', '1', '2013-05-27 08:00:00', null, '0');
INSERT INTO `cms_category` VALUES ('9', '6', '0,1,6,', '1', '3', 'article', '', null, null, null, null, null, '50', '1', '1', '0', '1', '0', null, null, null, '1', '2013-05-27 08:00:00', '1', '2013-05-27 08:00:00', null, '0');

-- ----------------------------
-- Table structure for cms_comment
-- ----------------------------
DROP TABLE IF EXISTS `cms_comment`;
CREATE TABLE `cms_comment` (
  `id` varchar(64) NOT NULL COMMENT '',
  `category_id` varchar(64) NOT NULL COMMENT '',
  `content_id` varchar(64) NOT NULL COMMENT '',
  `title` varchar(255) DEFAULT NULL COMMENT '',
  `content` varchar(255) DEFAULT NULL COMMENT '',
  `name` varchar(100) DEFAULT NULL COMMENT '',
  `ip` varchar(100) DEFAULT NULL COMMENT 'IP',
  `create_date` datetime NOT NULL COMMENT '',
  `audit_user_id` varchar(64) DEFAULT NULL COMMENT '',
  `audit_date` datetime DEFAULT NULL COMMENT '',
  `del_flag` char(1) NOT NULL DEFAULT '0' COMMENT '',
  PRIMARY KEY (`id`),
  KEY `cms_comment_category_id` (`category_id`),
  KEY `cms_comment_content_id` (`content_id`),
  KEY `cms_comment_status` (`del_flag`)
) ENGINE=InnoDB DEFAULT CHARSET=utf8 COMMENT='';

-- ----------------------------
-- Records of cms_comment
-- ----------------------------

-- ----------------------------
-- Table structure for cms_guestbook
-- ----------------------------
DROP TABLE IF EXISTS `cms_guestbook`;
CREATE TABLE `cms_guestbook` (
  `id` varchar(64) NOT NULL COMMENT '',
  `type` char(1) NOT NULL COMMENT '',
  `content` varchar(255) NOT NULL COMMENT '',
  `name` varchar(100) NOT NULL COMMENT '',
  `email` varchar(100) NOT NULL COMMENT '',
  `phone` varchar(100) NOT NULL COMMENT '',
  `workunit` varchar(100) NOT NULL COMMENT '',
  `ip` varchar(100) NOT NULL COMMENT 'IP',
  `create_date` datetime NOT NULL COMMENT '',
  `re_user_id` varchar(64) DEFAULT NULL COMMENT '',
  `re_date` datetime DEFAULT NULL COMMENT '',
  `re_content` varchar(100) DEFAULT NULL COMMENT '',
  `del_flag` char(1) NOT NULL DEFAULT '0' COMMENT '',
  PRIMARY KEY (`id`),
  KEY `cms_guestbook_del_flag` (`del_flag`)
) ENGINE=InnoDB DEFAULT CHARSET=utf8 COMMENT='';

-- ----------------------------
-- Records of cms_guestbook
-- ----------------------------

-- ----------------------------
-- Table structure for cms_link
-- ----------------------------
DROP TABLE IF EXISTS `cms_link`;
CREATE TABLE `cms_link` (
  `id` varchar(64) NOT NULL COMMENT '',
  `category_id` varchar(64) NOT NULL COMMENT '',
  `title` varchar(255) NOT NULL COMMENT '',
  `color` varchar(50) DEFAULT NULL COMMENT '',
  `image` varchar(255) DEFAULT NULL COMMENT '',
  `href` varchar(255) DEFAULT NULL COMMENT '',
  `weight` int(11) DEFAULT '0' COMMENT '',
  `weight_date` datetime DEFAULT NULL COMMENT '',
  `create_by` varchar(64) DEFAULT NULL COMMENT '',
  `create_date` datetime DEFAULT NULL COMMENT '',
  `update_by` varchar(64) DEFAULT NULL COMMENT '',
  `update_date` datetime DEFAULT NULL COMMENT '',
  `remarks` varchar(255) DEFAULT NULL COMMENT '',
  `del_flag` char(1) NOT NULL DEFAULT '0' COMMENT '',
  PRIMARY KEY (`id`),
  KEY `cms_link_category_id` (`category_id`),
  KEY `cms_link_title` (`title`),
  KEY `cms_link_del_flag` (`del_flag`),
  KEY `cms_link_weight` (`weight`),
  KEY `cms_link_create_by` (`create_by`),
  KEY `cms_link_update_date` (`update_date`)
) ENGINE=InnoDB DEFAULT CHARSET=utf8 COMMENT='';

-- ----------------------------
-- Records of cms_link
-- ----------------------------
INSERT INTO `cms_link` VALUES ('1', '19', 'JeeSite', null, null, 'http://thinkgem.github.com/jeesite', '0', null, '1', '2013-05-27 08:00:00', '1', '2013-05-27 08:00:00', null, '0');
INSERT INTO `cms_link` VALUES ('10', '22', '58', null, null, 'http://www.58.com/', '0', null, '1', '2013-05-27 08:00:00', '1', '2013-05-27 08:00:00', null, '0');
INSERT INTO `cms_link` VALUES ('11', '23', '', null, null, 'http://v.360.cn/', '0', null, '1', '2013-05-27 08:00:00', '1', '2013-05-27 08:00:00', null, '0');
INSERT INTO `cms_link` VALUES ('12', '23', '', null, null, 'http://www.ifeng.com/', '0', null, '1', '2013-05-27 08:00:00', '1', '2013-05-27 08:00:00', null, '0');
INSERT INTO `cms_link` VALUES ('2', '19', 'ThinkGem', null, null, 'http://thinkgem.iteye.com/', '0', null, '1', '2013-05-27 08:00:00', '1', '2013-05-27 08:00:00', null, '0');
INSERT INTO `cms_link` VALUES ('3', '19', '', null, null, 'http://www.baidu.com', '0', null, '1', '2013-05-27 08:00:00', '1', '2013-05-27 08:00:00', null, '0');
INSERT INTO `cms_link` VALUES ('4', '19', '', null, null, 'http://www.google.com', '0', null, '1', '2013-05-27 08:00:00', '1', '2013-05-27 08:00:00', null, '0');
INSERT INTO `cms_link` VALUES ('5', '20', '', null, null, 'http://www.sina.com.cn', '0', null, '1', '2013-05-27 08:00:00', '1', '2013-05-27 08:00:00', null, '0');
INSERT INTO `cms_link` VALUES ('6', '20', '', null, null, 'http://www.qq.com/', '0', null, '1', '2013-05-27 08:00:00', '1', '2013-05-27 08:00:00', null, '0');
INSERT INTO `cms_link` VALUES ('7', '21', '', null, null, 'http://www.taobao.com/', '0', null, '1', '2013-05-27 08:00:00', '1', '2013-05-27 08:00:00', null, '0');
INSERT INTO `cms_link` VALUES ('8', '21', '', null, null, 'http://www.xinhuanet.com/', '0', null, '1', '2013-05-27 08:00:00', '1', '2013-05-27 08:00:00', null, '0');
INSERT INTO `cms_link` VALUES ('9', '22', '', null, null, 'http://www.ganji.com/', '0', null, '1', '2013-05-27 08:00:00', '1', '2013-05-27 08:00:00', null, '0');

-- ----------------------------
-- Table structure for cms_site
-- ----------------------------
DROP TABLE IF EXISTS `cms_site`;
CREATE TABLE `cms_site` (
  `id` varchar(64) NOT NULL COMMENT '',
  `name` varchar(100) NOT NULL COMMENT '',
  `title` varchar(100) NOT NULL COMMENT '',
  `logo` varchar(255) DEFAULT NULL COMMENT 'Logo',
  `domain` varchar(255) DEFAULT NULL COMMENT '',
  `description` varchar(255) DEFAULT NULL COMMENT '',
  `keywords` varchar(255) DEFAULT NULL COMMENT '',
  `theme` varchar(255) DEFAULT 'default' COMMENT '',
  `copyright` text COMMENT '',
  `custom_index_view` varchar(255) DEFAULT NULL COMMENT '',
  `create_by` varchar(64) DEFAULT NULL COMMENT '',
  `create_date` datetime DEFAULT NULL COMMENT '',
  `update_by` varchar(64) DEFAULT NULL COMMENT '',
  `update_date` datetime DEFAULT NULL COMMENT '',
  `remarks` varchar(255) DEFAULT NULL COMMENT '',
  `del_flag` char(1) NOT NULL DEFAULT '0' COMMENT '',
  PRIMARY KEY (`id`),
  KEY `cms_site_del_flag` (`del_flag`)
) ENGINE=InnoDB DEFAULT CHARSET=utf8 COMMENT='';

-- ----------------------------
-- Records of cms_site
-- ----------------------------
INSERT INTO `cms_site` VALUES ('1', '', 'JeeSite Web', null, null, 'JeeSite', 'JeeSite', 'basic', 'Copyright &copy; 2012-2013 <a href=\'http://thinkgem.iteye.com\' target=\'_blank\'>ThinkGem</a> - Powered By <a href=\'https://github.com/thinkgem/jeesite\' target=\'_blank\'>JeeSite</a> V1.0', null, '1', '2013-05-27 08:00:00', '1', '2013-05-27 08:00:00', null, '0');
INSERT INTO `cms_site` VALUES ('2', '', 'JeeSite Subsite', null, null, 'JeeSite subsite', 'JeeSite subsite', 'basic', 'Copyright &copy; 2012-2013 <a href=\'http://thinkgem.iteye.com\' target=\'_blank\'>ThinkGem</a> - Powered By <a href=\'https://github.com/thinkgem/jeesite\' target=\'_blank\'>JeeSite</a> V1.0', null, '1', '2013-05-27 08:00:00', '1', '2013-05-27 08:00:00', null, '0');

-- ----------------------------
-- Table structure for gen_scheme
-- ----------------------------
DROP TABLE IF EXISTS `gen_scheme`;
CREATE TABLE `gen_scheme` (
  `id` varchar(64) NOT NULL COMMENT '',
  `name` varchar(200) DEFAULT NULL COMMENT '',
  `category` varchar(2000) DEFAULT NULL COMMENT '',
  `package_name` varchar(500) DEFAULT NULL COMMENT '',
  `module_name` varchar(30) DEFAULT NULL COMMENT '',
  `sub_module_name` varchar(30) DEFAULT NULL COMMENT '',
  `function_name` varchar(500) DEFAULT NULL COMMENT '',
  `function_name_simple` varchar(100) DEFAULT NULL COMMENT '',
  `function_author` varchar(100) DEFAULT NULL COMMENT '',
  `gen_table_id` varchar(200) DEFAULT NULL COMMENT '',
  `create_by` varchar(64) DEFAULT NULL COMMENT '',
  `create_date` datetime DEFAULT NULL COMMENT '',
  `update_by` varchar(64) DEFAULT NULL COMMENT '',
  `update_date` datetime DEFAULT NULL COMMENT '',
  `remarks` varchar(255) DEFAULT NULL COMMENT '',
  `del_flag` char(1) NOT NULL DEFAULT '0' COMMENT '01',
  PRIMARY KEY (`id`),
  KEY `gen_scheme_del_flag` (`del_flag`)
) ENGINE=InnoDB DEFAULT CHARSET=utf8 COMMENT='';

-- ----------------------------
-- Records of gen_scheme
-- ----------------------------
INSERT INTO `gen_scheme` VALUES ('35a13dc260284a728a270db3f382664b', '', 'treeTable', 'com.thinkgem.jeesite.modules', 'test', null, '', '', 'ThinkGem', 'f6e4dafaa72f4c509636484715f33a96', '1', '2013-08-12 13:10:05', '1', '2013-08-12 13:10:05', null, '0');
INSERT INTO `gen_scheme` VALUES ('5c8c81bc5b1e464c82e854c0f9e7a78a', '', 'curd', 'com.thinkgem.jeesite.modules', 'sys', '', '', '', 'dao', '4387ee7419654589a25d03d6c983354f', '1', '2015-12-02 23:07:59', '1', '2015-12-03 07:30:03', '', '0');
INSERT INTO `gen_scheme` VALUES ('9c9de9db6da743bb899036c6546061ac', '', 'curd', 'com.thinkgem.jeesite.modules', 'test', null, '', '', 'ThinkGem', 'aef6f1fc948f4c9ab1c1b780bc471cc2', '1', '2013-08-12 13:10:05', '1', '2013-08-12 13:10:05', null, '0');
INSERT INTO `gen_scheme` VALUES ('e6d905fd236b46d1af581dd32bdfb3b0', '', 'curd_many', 'com.thinkgem.jeesite.modules', 'test', null, '', '', 'ThinkGem', '43d6d5acffa14c258340ce6765e46c6f', '1', '2013-08-12 13:10:05', '1', '2013-08-12 13:10:05', null, '0');

-- ----------------------------
-- Table structure for gen_table
-- ----------------------------
DROP TABLE IF EXISTS `gen_table`;
CREATE TABLE `gen_table` (
  `id` varchar(64) NOT NULL COMMENT '',
  `name` varchar(200) DEFAULT NULL COMMENT '',
  `comments` varchar(500) DEFAULT NULL COMMENT '',
  `class_name` varchar(100) DEFAULT NULL COMMENT '',
  `parent_table` varchar(200) DEFAULT NULL COMMENT '',
  `parent_table_fk` varchar(100) DEFAULT NULL COMMENT '',
  `create_by` varchar(64) DEFAULT NULL COMMENT '',
  `create_date` datetime DEFAULT NULL COMMENT '',
  `update_by` varchar(64) DEFAULT NULL COMMENT '',
  `update_date` datetime DEFAULT NULL COMMENT '',
  `remarks` varchar(255) DEFAULT NULL COMMENT '',
  `del_flag` char(1) NOT NULL DEFAULT '0' COMMENT '01',
  PRIMARY KEY (`id`),
  KEY `gen_table_name` (`name`),
  KEY `gen_table_del_flag` (`del_flag`)
) ENGINE=InnoDB DEFAULT CHARSET=utf8 COMMENT='';

-- ----------------------------
-- Records of gen_table
-- ----------------------------
INSERT INTO `gen_table` VALUES ('4387ee7419654589a25d03d6c983354f', 'sys_datesorces', '', 'SysDatesorces', '', '', '1', '2015-12-02 23:01:30', '1', '2015-12-03 07:29:57', '', '0');
INSERT INTO `gen_table` VALUES ('43d6d5acffa14c258340ce6765e46c6f', 'test_data_main', '', 'TestDataMain', null, null, '1', '2013-08-12 13:10:05', '1', '2013-08-12 13:10:05', null, '0');
INSERT INTO `gen_table` VALUES ('6e05c389f3c6415ea34e55e9dfb28934', 'test_data_child', '', 'TestDataChild', 'test_data_main', 'test_data_main_id', '1', '2013-08-12 13:10:05', '1', '2013-08-12 13:10:05', null, '0');
INSERT INTO `gen_table` VALUES ('aef6f1fc948f4c9ab1c1b780bc471cc2', 'test_data', '', 'TestData', null, null, '1', '2013-08-12 13:10:05', '1', '2013-08-12 13:10:05', null, '0');
INSERT INTO `gen_table` VALUES ('f6e4dafaa72f4c509636484715f33a96', 'test_tree', '', 'TestTree', null, null, '1', '2013-08-12 13:10:05', '1', '2013-08-12 13:10:05', null, '0');

-- ----------------------------
-- Table structure for gen_table_column
-- ----------------------------
DROP TABLE IF EXISTS `gen_table_column`;
CREATE TABLE `gen_table_column` (
  `id` varchar(64) NOT NULL COMMENT '',
  `gen_table_id` varchar(64) DEFAULT NULL COMMENT '',
  `name` varchar(200) DEFAULT NULL COMMENT '',
  `comments` varchar(500) DEFAULT NULL COMMENT '',
  `jdbc_type` varchar(100) DEFAULT NULL COMMENT '',
  `java_type` varchar(500) DEFAULT NULL COMMENT 'JAVA',
  `java_field` varchar(200) DEFAULT NULL COMMENT 'JAVA',
  `is_pk` char(1) DEFAULT NULL COMMENT '',
  `is_null` char(1) DEFAULT NULL COMMENT '',
  `is_insert` char(1) DEFAULT NULL COMMENT '',
  `is_edit` char(1) DEFAULT NULL COMMENT '',
  `is_list` char(1) DEFAULT NULL COMMENT '',
  `is_query` char(1) DEFAULT NULL COMMENT '',
  `query_type` varchar(200) DEFAULT NULL COMMENT 'LIKELIKELIKE',
  `show_type` varchar(200) DEFAULT NULL COMMENT '',
  `dict_type` varchar(200) DEFAULT NULL COMMENT '',
  `settings` varchar(2000) DEFAULT NULL COMMENT 'JSON',
  `sort` decimal(10,0) DEFAULT NULL COMMENT '',
  `create_by` varchar(64) DEFAULT NULL COMMENT '',
  `create_date` datetime DEFAULT NULL COMMENT '',
  `update_by` varchar(64) DEFAULT NULL COMMENT '',
  `update_date` datetime DEFAULT NULL COMMENT '',
  `remarks` varchar(255) DEFAULT NULL COMMENT '',
  `del_flag` char(1) NOT NULL DEFAULT '0' COMMENT '01',
  PRIMARY KEY (`id`),
  KEY `gen_table_column_table_id` (`gen_table_id`),
  KEY `gen_table_column_name` (`name`),
  KEY `gen_table_column_sort` (`sort`),
  KEY `gen_table_column_del_flag` (`del_flag`)
) ENGINE=InnoDB DEFAULT CHARSET=utf8 COMMENT='';

-- ----------------------------
-- Records of gen_table_column
-- ----------------------------
INSERT INTO `gen_table_column` VALUES ('0902a0cb3e8f434280c20e9d771d0658', 'aef6f1fc948f4c9ab1c1b780bc471cc2', 'sex', '', 'char(1)', 'String', 'sex', '0', '1', '1', '1', '1', '1', '=', 'radiobox', 'sex', null, '6', '1', '2013-08-12 13:10:05', '1', '2013-08-12 13:10:05', null, '0');
INSERT INTO `gen_table_column` VALUES ('103fc05c88ff40639875c2111881996a', 'aef6f1fc948f4c9ab1c1b780bc471cc2', 'create_date', '', 'timestamp(6)', 'java.util.Date', 'createDate', '0', '0', '1', '0', '0', '0', '=', 'dateselect', null, null, '9', '1', '2013-08-12 13:10:05', '1', '2013-08-12 13:10:05', null, '0');
INSERT INTO `gen_table_column` VALUES ('12fa38dd986e41908f7fefa5839d1220', '6e05c389f3c6415ea34e55e9dfb28934', 'create_by', '', 'varchar2(64)', 'com.thinkgem.jeesite.modules.modules.sys.entity.User', 'createBy.id', '0', '0', '1', '0', '0', '0', '=', 'input', null, null, '4', '1', '2013-08-12 13:10:05', '1', '2013-08-12 13:10:05', null, '0');
INSERT INTO `gen_table_column` VALUES ('195ee9241f954d008fe01625f4adbfef', 'f6e4dafaa72f4c509636484715f33a96', 'create_by', '', 'varchar2(64)', 'com.thinkgem.jeesite.modules.modules.sys.entity.User', 'createBy.id', '0', '0', '1', '0', '0', '0', '=', 'input', null, null, '6', '1', '2013-08-12 13:10:05', '1', '2013-08-12 13:10:05', null, '0');
INSERT INTO `gen_table_column` VALUES ('19c6478b8ff54c60910c2e4fc3d27503', '43d6d5acffa14c258340ce6765e46c6f', 'id', '', 'varchar2(64)', 'String', 'id', '1', '0', '1', '0', '0', '0', '=', 'input', null, null, '1', '1', '2013-08-12 13:10:05', '1', '2013-08-12 13:10:05', null, '0');
INSERT INTO `gen_table_column` VALUES ('1ac6562f753d4e599693840651ab2bf7', '43d6d5acffa14c258340ce6765e46c6f', 'in_date', '', 'date(7)', 'java.util.Date', 'inDate', '0', '1', '1', '1', '0', '0', '=', 'dateselect', null, null, '7', '1', '2013-08-12 13:10:05', '1', '2013-08-12 13:10:05', null, '0');
INSERT INTO `gen_table_column` VALUES ('1b8eb55f65284fa6b0a5879b6d8ad3ec', 'aef6f1fc948f4c9ab1c1b780bc471cc2', 'in_date', '', 'date(7)', 'java.util.Date', 'inDate', '0', '1', '1', '1', '0', '1', 'between', 'dateselect', null, null, '7', '1', '2013-08-12 13:10:05', '1', '2013-08-12 13:10:05', null, '0');
INSERT INTO `gen_table_column` VALUES ('1d5ca4d114be41e99f8dc42a682ba609', 'aef6f1fc948f4c9ab1c1b780bc471cc2', 'user_id', '', 'varchar2(64)', 'com.thinkgem.jeesite.modules.modules.sys.entity.User', 'user.id|name', '0', '1', '1', '1', '1', '1', '=', 'userselect', null, null, '2', '1', '2013-08-12 13:10:05', '1', '2013-08-12 13:10:05', null, '0');
INSERT INTO `gen_table_column` VALUES ('1d913628850440c582c4edcefdcc8320', '4387ee7419654589a25d03d6c983354f', 'remarks', '', 'varchar(255)', 'String', 'remarks', '0', '1', '1', '1', '1', '0', '=', 'textarea', '', null, '120', '1', '2015-12-02 23:01:31', '1', '2015-12-03 07:29:57', null, '0');
INSERT INTO `gen_table_column` VALUES ('21756504ffdc487eb167a823f89c0c06', '43d6d5acffa14c258340ce6765e46c6f', 'update_by', '', 'varchar2(64)', 'com.thinkgem.jeesite.modules.modules.sys.entity.User', 'updateBy.id', '0', '0', '1', '1', '0', '0', '=', 'input', null, null, '10', '1', '2013-08-12 13:10:05', '1', '2013-08-12 13:10:05', null, '0');
INSERT INTO `gen_table_column` VALUES ('24bbdc0a555e4412a106ab1c5f03008e', 'f6e4dafaa72f4c509636484715f33a96', 'parent_ids', '', 'varchar2(2000)', 'String', 'parentIds', '0', '0', '1', '1', '0', '0', 'like', 'input', null, null, '3', '1', '2013-08-12 13:10:05', '1', '2013-08-12 13:10:05', null, '0');
INSERT INTO `gen_table_column` VALUES ('33152ce420904594b3eac796a27f0560', '6e05c389f3c6415ea34e55e9dfb28934', 'id', '', 'varchar2(64)', 'String', 'id', '1', '0', '1', '0', '0', '0', '=', 'input', null, null, '1', '1', '2013-08-12 13:10:05', '1', '2013-08-12 13:10:05', null, '0');
INSERT INTO `gen_table_column` VALUES ('35af241859624a01917ab64c3f4f0813', 'aef6f1fc948f4c9ab1c1b780bc471cc2', 'del_flag', '01', 'char(1)', 'String', 'delFlag', '0', '0', '1', '0', '0', '0', '=', 'radiobox', 'del_flag', null, '13', '1', '2013-08-12 13:10:05', '1', '2013-08-12 13:10:05', null, '0');
INSERT INTO `gen_table_column` VALUES ('398b4a03f06940bfb979ca574e1911e3', 'aef6f1fc948f4c9ab1c1b780bc471cc2', 'create_by', '', 'varchar2(64)', 'com.thinkgem.jeesite.modules.modules.sys.entity.User', 'createBy.id', '0', '0', '1', '0', '0', '0', '=', 'input', null, null, '8', '1', '2013-08-12 13:10:05', '1', '2013-08-12 13:10:05', null, '0');
INSERT INTO `gen_table_column` VALUES ('3a7cf23ae48a4c849ceb03feffc7a524', '43d6d5acffa14c258340ce6765e46c6f', 'area_id', '', 'nvarchar2(64)', 'com.thinkgem.jeesite.modules.modules.sys.entity.Area', 'area.id|name', '0', '1', '1', '1', '0', '0', '=', 'areaselect', null, null, '4', '1', '2013-08-12 13:10:05', '1', '2013-08-12 13:10:05', null, '0');
INSERT INTO `gen_table_column` VALUES ('3d9c32865bb44e85af73381df0ffbf3d', '43d6d5acffa14c258340ce6765e46c6f', 'update_date', '', 'timestamp(6)', 'java.util.Date', 'updateDate', '0', '0', '1', '1', '1', '0', '=', 'dateselect', null, null, '11', '1', '2013-08-12 13:10:05', '1', '2013-08-12 13:10:05', null, '0');
INSERT INTO `gen_table_column` VALUES ('416c76d2019b4f76a96d8dc3a8faf84c', 'f6e4dafaa72f4c509636484715f33a96', 'update_date', '', 'timestamp(6)', 'java.util.Date', 'updateDate', '0', '0', '1', '1', '1', '0', '=', 'dateselect', null, null, '9', '1', '2013-08-12 13:10:05', '1', '2013-08-12 13:10:05', null, '0');
INSERT INTO `gen_table_column` VALUES ('4489a9c60fc34a8497b0b5aa754c4411', '4387ee7419654589a25d03d6c983354f', 'dbs_url', '', 'varchar(256)', 'String', 'dbsUrl', '0', '0', '1', '1', '1', '1', 'like', 'input', '', null, '50', '1', '2015-12-02 23:01:30', '1', '2015-12-03 07:29:57', null, '0');
INSERT INTO `gen_table_column` VALUES ('46c9b46ff5254a85a18dbc066b37598a', '4387ee7419654589a25d03d6c983354f', 'create_by', '', 'varchar(64)', 'com.thinkgem.jeesite.modules.sys.entity.User', 'createBy.id', '0', '0', '1', '0', '0', '0', '=', 'input', '', null, '80', '1', '2015-12-02 23:01:31', '1', '2015-12-03 07:29:57', null, '0');
INSERT INTO `gen_table_column` VALUES ('46e6d8283270493687085d29efdecb05', 'f6e4dafaa72f4c509636484715f33a96', 'del_flag', '01', 'char(1)', 'String', 'delFlag', '0', '0', '1', '0', '0', '0', '=', 'radiobox', 'del_flag', null, '11', '1', '2013-08-12 13:10:05', '1', '2013-08-12 13:10:05', null, '0');
INSERT INTO `gen_table_column` VALUES ('4a0a1fff86ca46519477d66b82e01991', 'aef6f1fc948f4c9ab1c1b780bc471cc2', 'name', '', 'nvarchar2(100)', 'String', 'name', '0', '1', '1', '1', '1', '1', 'like', 'input', null, null, '5', '1', '2013-08-12 13:10:05', '1', '2013-08-12 13:10:05', null, '0');
INSERT INTO `gen_table_column` VALUES ('4c8ef12cb6924b9ba44048ba9913150b', '43d6d5acffa14c258340ce6765e46c6f', 'create_date', '', 'timestamp(6)', 'java.util.Date', 'createDate', '0', '0', '1', '0', '0', '0', '=', 'dateselect', null, null, '9', '1', '2013-08-12 13:10:05', '1', '2013-08-12 13:10:05', null, '0');
INSERT INTO `gen_table_column` VALUES ('53d65a3d306d4fac9e561db9d3c66912', '6e05c389f3c6415ea34e55e9dfb28934', 'del_flag', '01', 'char(1)', 'String', 'delFlag', '0', '0', '1', '0', '0', '0', '=', 'radiobox', 'del_flag', null, '9', '1', '2013-08-12 13:10:05', '1', '2013-08-12 13:10:05', null, '0');
INSERT INTO `gen_table_column` VALUES ('56fa71c0bd7e4132931874e548dc9ba5', '6e05c389f3c6415ea34e55e9dfb28934', 'update_by', '', 'varchar2(64)', 'com.thinkgem.jeesite.modules.modules.sys.entity.User', 'updateBy.id', '0', '0', '1', '1', '0', '0', '=', 'input', null, null, '6', '1', '2013-08-12 13:10:05', '1', '2013-08-12 13:10:05', null, '0');
INSERT INTO `gen_table_column` VALUES ('578aaf7af28449af8d811aa4544c5a63', '4387ee7419654589a25d03d6c983354f', 'update_by', '', 'varchar(64)', 'com.thinkgem.jeesite.modules.sys.entity.User', 'updateBy.id', '0', '0', '1', '1', '0', '0', '=', 'input', '', null, '100', '1', '2015-12-02 23:01:31', '1', '2015-12-03 07:29:57', null, '0');
INSERT INTO `gen_table_column` VALUES ('5a4a1933c9c844fdba99de043dc8205e', 'aef6f1fc948f4c9ab1c1b780bc471cc2', 'update_by', '', 'varchar2(64)', 'com.thinkgem.jeesite.modules.modules.sys.entity.User', 'updateBy.id', '0', '0', '1', '1', '0', '0', '=', 'input', null, null, '10', '1', '2013-08-12 13:10:05', '1', '2013-08-12 13:10:05', null, '0');
INSERT INTO `gen_table_column` VALUES ('5e5c69bd3eaa4dcc9743f361f3771c08', 'aef6f1fc948f4c9ab1c1b780bc471cc2', 'id', '', 'varchar2(64)', 'String', 'id', '1', '0', '1', '0', '0', '0', '=', 'input', null, null, '1', '1', '2013-08-12 13:10:05', '1', '2013-08-12 13:10:05', null, '0');
INSERT INTO `gen_table_column` VALUES ('633f5a49ec974c099158e7b3e6bfa930', 'f6e4dafaa72f4c509636484715f33a96', 'name', '', 'nvarchar2(100)', 'String', 'name', '0', '0', '1', '1', '1', '1', 'like', 'input', null, null, '4', '1', '2013-08-12 13:10:05', '1', '2013-08-12 13:10:05', null, '0');
INSERT INTO `gen_table_column` VALUES ('652491500f2641ffa7caf95a93e64d34', '6e05c389f3c6415ea34e55e9dfb28934', 'update_date', '', 'timestamp(6)', 'java.util.Date', 'updateDate', '0', '0', '1', '1', '1', '0', '=', 'dateselect', null, null, '7', '1', '2013-08-12 13:10:05', '1', '2013-08-12 13:10:05', null, '0');
INSERT INTO `gen_table_column` VALUES ('6763ff6dc7cd4c668e76cf9b697d3ff6', 'f6e4dafaa72f4c509636484715f33a96', 'sort', '', 'number(10)', 'Integer', 'sort', '0', '0', '1', '1', '1', '0', '=', 'input', null, null, '5', '1', '2013-08-12 13:10:05', '1', '2013-08-12 13:10:05', null, '0');
INSERT INTO `gen_table_column` VALUES ('67d0331f809a48ee825602659f0778e8', '43d6d5acffa14c258340ce6765e46c6f', 'name', '', 'nvarchar2(100)', 'String', 'name', '0', '1', '1', '1', '1', '1', 'like', 'input', null, null, '5', '1', '2013-08-12 13:10:05', '1', '2013-08-12 13:10:05', null, '0');
INSERT INTO `gen_table_column` VALUES ('68345713bef3445c906f70e68f55de38', '6e05c389f3c6415ea34e55e9dfb28934', 'test_data_main_id', '', 'varchar2(64)', 'String', 'testDataMain.id', '0', '1', '1', '1', '0', '0', '=', 'input', null, null, '2', '1', '2013-08-12 13:10:05', '1', '2013-08-12 13:10:05', null, '0');
INSERT INTO `gen_table_column` VALUES ('707feef8450b445fa8699eaf4be0acac', '4387ee7419654589a25d03d6c983354f', 'dbs_name', '', 'varchar(64)', 'String', 'dbsName', '0', '1', '1', '1', '1', '1', 'like', 'input', '', null, '30', '1', '2015-12-02 23:01:30', '1', '2015-12-03 07:29:57', null, '0');
INSERT INTO `gen_table_column` VALUES ('71ea4bc10d274911b405f3165fc1bb1a', 'aef6f1fc948f4c9ab1c1b780bc471cc2', 'area_id', '', 'nvarchar2(64)', 'com.thinkgem.jeesite.modules.modules.sys.entity.Area', 'area.id|name', '0', '1', '1', '1', '1', '1', '=', 'areaselect', null, null, '4', '1', '2013-08-12 13:10:05', '1', '2013-08-12 13:10:05', null, '0');
INSERT INTO `gen_table_column` VALUES ('7947f962ad834888a8ab2e6e8503577e', '4387ee7419654589a25d03d6c983354f', 'create_date', '', 'datetime', 'java.util.Date', 'createDate', '0', '0', '1', '0', '0', '0', '=', 'dateselect', '', null, '90', '1', '2015-12-02 23:01:31', '1', '2015-12-03 07:29:57', null, '0');
INSERT INTO `gen_table_column` VALUES ('7f871058d94c4d9a89084be7c9ce806d', '6e05c389f3c6415ea34e55e9dfb28934', 'remarks', '', 'nvarchar2(255)', 'String', 'remarks', '0', '1', '1', '1', '1', '0', '=', 'input', null, null, '8', '1', '2013-08-12 13:10:05', '1', '2013-08-12 13:10:05', null, '0');
INSERT INTO `gen_table_column` VALUES ('819b17699fbf408bbc87ea74ecd4efbd', '4387ee7419654589a25d03d6c983354f', 'dbs_type', '', 'varchar(4)', 'String', 'dbsType', '0', '0', '1', '1', '1', '1', '=', 'select', 'sys_resour', null, '20', '1', '2015-12-02 23:01:30', '1', '2015-12-03 07:29:57', null, '0');
INSERT INTO `gen_table_column` VALUES ('8a8885f1d3594d5d82728cebcdfeeb6b', '4387ee7419654589a25d03d6c983354f', 'dbs_user_name', '', 'varchar(64)', 'String', 'dbsUserName', '0', '0', '1', '1', '0', '0', '=', 'input', '', null, '60', '1', '2015-12-02 23:01:30', '1', '2015-12-03 07:29:57', null, '0');
INSERT INTO `gen_table_column` VALUES ('8b48774cfe184913b8b5eb17639cf12d', '43d6d5acffa14c258340ce6765e46c6f', 'create_by', '', 'varchar2(64)', 'com.thinkgem.jeesite.modules.modules.sys.entity.User', 'createBy.id', '0', '0', '1', '0', '0', '0', '=', 'input', null, null, '8', '1', '2013-08-12 13:10:05', '1', '2013-08-12 13:10:05', null, '0');
INSERT INTO `gen_table_column` VALUES ('8b7cf0525519474ebe1de9e587eb7067', '6e05c389f3c6415ea34e55e9dfb28934', 'create_date', '', 'timestamp(6)', 'java.util.Date', 'createDate', '0', '0', '1', '0', '0', '0', '=', 'dateselect', null, null, '5', '1', '2013-08-12 13:10:05', '1', '2013-08-12 13:10:05', null, '0');
INSERT INTO `gen_table_column` VALUES ('8b9de88df53e485d8ef461c4b1824bc1', '43d6d5acffa14c258340ce6765e46c6f', 'user_id', '', 'varchar2(64)', 'com.thinkgem.jeesite.modules.modules.sys.entity.User', 'user.id|name', '0', '1', '1', '1', '1', '1', '=', 'userselect', null, null, '2', '1', '2013-08-12 13:10:05', '1', '2013-08-12 13:10:05', null, '0');
INSERT INTO `gen_table_column` VALUES ('8da38dbe5fe54e9bb1f9682c27fbf403', 'aef6f1fc948f4c9ab1c1b780bc471cc2', 'remarks', '', 'nvarchar2(255)', 'String', 'remarks', '0', '1', '1', '1', '1', '0', '=', 'textarea', null, null, '12', '1', '2013-08-12 13:10:05', '1', '2013-08-12 13:10:05', null, '0');
INSERT INTO `gen_table_column` VALUES ('92481c16a0b94b0e8bba16c3c54eb1e4', 'f6e4dafaa72f4c509636484715f33a96', 'create_date', '', 'timestamp(6)', 'java.util.Date', 'createDate', '0', '0', '1', '0', '0', '0', '=', 'dateselect', null, null, '7', '1', '2013-08-12 13:10:05', '1', '2013-08-12 13:10:05', null, '0');
INSERT INTO `gen_table_column` VALUES ('9a012c1d2f934dbf996679adb7cc827a', 'f6e4dafaa72f4c509636484715f33a96', 'parent_id', '', 'varchar2(64)', 'This', 'parent.id|name', '0', '0', '1', '1', '0', '0', '=', 'treeselect', null, null, '2', '1', '2013-08-12 13:10:05', '1', '2013-08-12 13:10:05', null, '0');
INSERT INTO `gen_table_column` VALUES ('ad3bf0d4b44b4528a5211a66af88f322', 'aef6f1fc948f4c9ab1c1b780bc471cc2', 'office_id', '', 'varchar2(64)', 'com.thinkgem.jeesite.modules.modules.sys.entity.Office', 'office.id|name', '0', '1', '1', '1', '1', '1', '=', 'officeselect', null, null, '3', '1', '2013-08-12 13:10:05', '1', '2013-08-12 13:10:05', null, '0');
INSERT INTO `gen_table_column` VALUES ('bb1256a8d1b741f6936d8fed06f45eed', 'f6e4dafaa72f4c509636484715f33a96', 'update_by', '', 'varchar2(64)', 'com.thinkgem.jeesite.modules.modules.sys.entity.User', 'updateBy.id', '0', '0', '1', '1', '0', '0', '=', 'input', null, null, '8', '1', '2013-08-12 13:10:05', '1', '2013-08-12 13:10:05', null, '0');
INSERT INTO `gen_table_column` VALUES ('c79650269fe24699a81997e993442a68', '4387ee7419654589a25d03d6c983354f', 'dbs_driver_class_name', '', 'varchar(256)', 'String', 'dbsDriverClassName', '0', '0', '1', '1', '1', '0', '=', 'input', '', null, '40', '1', '2015-12-02 23:01:30', '1', '2015-12-03 07:29:57', null, '0');
INSERT INTO `gen_table_column` VALUES ('ca68a2d403f0449cbaa1d54198c6f350', '43d6d5acffa14c258340ce6765e46c6f', 'office_id', '', 'varchar2(64)', 'com.thinkgem.jeesite.modules.modules.sys.entity.Office', 'office.id|name', '0', '1', '1', '1', '0', '0', '=', 'officeselect', null, null, '3', '1', '2013-08-12 13:10:05', '1', '2013-08-12 13:10:05', null, '0');
INSERT INTO `gen_table_column` VALUES ('cb9c0ec3da26432d9cbac05ede0fd1d0', '43d6d5acffa14c258340ce6765e46c6f', 'remarks', '', 'nvarchar2(255)', 'String', 'remarks', '0', '1', '1', '1', '1', '0', '=', 'textarea', null, null, '12', '1', '2013-08-12 13:10:05', '1', '2013-08-12 13:10:05', null, '0');
INSERT INTO `gen_table_column` VALUES ('cc38cc7ed5e748968fc644004aee624e', '4387ee7419654589a25d03d6c983354f', 'del_flag', '', 'char(1)', 'String', 'delFlag', '0', '0', '1', '0', '0', '0', '=', 'radiobox', 'del_flag', null, '130', '1', '2015-12-02 23:01:31', '1', '2015-12-03 07:29:57', null, '0');
INSERT INTO `gen_table_column` VALUES ('cfcfa06ea61749c9b4c4dbc507e0e580', 'f6e4dafaa72f4c509636484715f33a96', 'id', '', 'varchar2(64)', 'String', 'id', '1', '0', '1', '0', '0', '0', '=', 'input', null, null, '1', '1', '2013-08-12 13:10:05', '1', '2013-08-12 13:10:05', null, '0');
INSERT INTO `gen_table_column` VALUES ('d5c2d932ae904aa8a9f9ef34cd36fb0b', '43d6d5acffa14c258340ce6765e46c6f', 'sex', '', 'char(1)', 'String', 'sex', '0', '1', '1', '1', '0', '1', '=', 'select', 'sex', null, '6', '1', '2013-08-12 13:10:05', '1', '2013-08-12 13:10:05', null, '0');
INSERT INTO `gen_table_column` VALUES ('e64050a2ebf041faa16f12dda5dcf784', '6e05c389f3c6415ea34e55e9dfb28934', 'name', '', 'nvarchar2(100)', 'String', 'name', '0', '1', '1', '1', '1', '1', 'like', 'input', null, null, '3', '1', '2013-08-12 13:10:05', '1', '2013-08-12 13:10:05', null, '0');
INSERT INTO `gen_table_column` VALUES ('e66e937e85a0467aba8bcbcd39e326da', '4387ee7419654589a25d03d6c983354f', 'update_date', '', 'datetime', 'java.util.Date', 'updateDate', '0', '0', '1', '1', '1', '0', '=', 'dateselect', '', null, '110', '1', '2015-12-02 23:01:31', '1', '2015-12-03 07:29:57', null, '0');
INSERT INTO `gen_table_column` VALUES ('e8d11127952d4aa288bb3901fc83127f', '43d6d5acffa14c258340ce6765e46c6f', 'del_flag', '01', 'char(1)', 'String', 'delFlag', '0', '0', '1', '0', '0', '0', '=', 'radiobox', 'del_flag', null, '13', '1', '2013-08-12 13:10:05', '1', '2013-08-12 13:10:05', null, '0');
INSERT INTO `gen_table_column` VALUES ('eb2e5afd13f147a990d30e68e7f64e12', 'aef6f1fc948f4c9ab1c1b780bc471cc2', 'update_date', '', 'timestamp(6)', 'java.util.Date', 'updateDate', '0', '0', '1', '1', '1', '0', '=', 'dateselect', null, null, '11', '1', '2013-08-12 13:10:05', '1', '2013-08-12 13:10:05', null, '0');
INSERT INTO `gen_table_column` VALUES ('f331b9c9060f4ead8e5017d43e1b2549', '4387ee7419654589a25d03d6c983354f', 'dbs_password', '', 'varchar(32)', 'String', 'dbsPassword', '0', '0', '1', '1', '0', '0', '=', 'input', '', null, '70', '1', '2015-12-02 23:01:31', '1', '2015-12-03 07:29:57', null, '0');
INSERT INTO `gen_table_column` VALUES ('f5ed8c82bad0413fbfcccefa95931358', 'f6e4dafaa72f4c509636484715f33a96', 'remarks', '', 'nvarchar2(255)', 'String', 'remarks', '0', '1', '1', '1', '1', '0', '=', 'textarea', null, null, '10', '1', '2013-08-12 13:10:05', '1', '2013-08-12 13:10:05', null, '0');
INSERT INTO `gen_table_column` VALUES ('fea32f54094e456aa79f7dc959e25393', '4387ee7419654589a25d03d6c983354f', 'id', '', 'varchar(64)', 'String', 'id', '1', '0', '1', '0', '0', '0', '=', 'input', '', null, '10', '1', '2015-12-02 23:01:30', '1', '2015-12-03 07:29:57', null, '0');

-- ----------------------------
-- Table structure for gen_template
-- ----------------------------
DROP TABLE IF EXISTS `gen_template`;
CREATE TABLE `gen_template` (
  `id` varchar(64) NOT NULL COMMENT '',
  `name` varchar(200) DEFAULT NULL COMMENT '',
  `category` varchar(2000) DEFAULT NULL COMMENT '',
  `file_path` varchar(500) DEFAULT NULL COMMENT '',
  `file_name` varchar(200) DEFAULT NULL COMMENT '',
  `content` text COMMENT '',
  `create_by` varchar(64) DEFAULT NULL COMMENT '',
  `create_date` datetime DEFAULT NULL COMMENT '',
  `update_by` varchar(64) DEFAULT NULL COMMENT '',
  `update_date` datetime DEFAULT NULL COMMENT '',
  `remarks` varchar(255) DEFAULT NULL COMMENT '',
  `del_flag` char(1) NOT NULL DEFAULT '0' COMMENT '01',
  PRIMARY KEY (`id`),
  KEY `gen_template_del_falg` (`del_flag`)
) ENGINE=InnoDB DEFAULT CHARSET=utf8 COMMENT='';

-- ----------------------------
-- Records of gen_template
-- ----------------------------

-- ----------------------------
-- Table structure for oa_leave
-- ----------------------------
DROP TABLE IF EXISTS `oa_leave`;
CREATE TABLE `oa_leave` (
  `id` varchar(64) NOT NULL COMMENT '',
  `process_instance_id` varchar(64) DEFAULT NULL COMMENT '',
  `start_time` datetime DEFAULT NULL COMMENT '',
  `end_time` datetime DEFAULT NULL COMMENT '',
  `leave_type` varchar(20) DEFAULT NULL COMMENT '',
  `reason` varchar(255) DEFAULT NULL COMMENT '',
  `apply_time` datetime DEFAULT NULL COMMENT '',
  `reality_start_time` datetime DEFAULT NULL COMMENT '',
  `reality_end_time` datetime DEFAULT NULL COMMENT '',
  `create_by` varchar(64) NOT NULL COMMENT '',
  `create_date` datetime NOT NULL COMMENT '',
  `update_by` varchar(64) NOT NULL COMMENT '',
  `update_date` datetime NOT NULL COMMENT '',
  `remarks` varchar(255) DEFAULT NULL COMMENT '',
  `del_flag` char(1) NOT NULL DEFAULT '0' COMMENT '',
  PRIMARY KEY (`id`),
  KEY `oa_leave_create_by` (`create_by`),
  KEY `oa_leave_process_instance_id` (`process_instance_id`),
  KEY `oa_leave_del_flag` (`del_flag`)
) ENGINE=InnoDB DEFAULT CHARSET=utf8 COMMENT='';

-- ----------------------------
-- Records of oa_leave
-- ----------------------------

-- ----------------------------
-- Table structure for oa_notify
-- ----------------------------
DROP TABLE IF EXISTS `oa_notify`;
CREATE TABLE `oa_notify` (
  `id` varchar(64) NOT NULL COMMENT '',
  `type` char(1) DEFAULT NULL COMMENT '',
  `title` varchar(200) DEFAULT NULL COMMENT '',
  `content` varchar(2000) DEFAULT NULL COMMENT '',
  `files` varchar(2000) DEFAULT NULL COMMENT '',
  `status` char(1) DEFAULT NULL COMMENT '',
  `create_by` varchar(64) NOT NULL COMMENT '',
  `create_date` datetime NOT NULL COMMENT '',
  `update_by` varchar(64) NOT NULL COMMENT '',
  `update_date` datetime NOT NULL COMMENT '',
  `remarks` varchar(255) DEFAULT NULL COMMENT '',
  `del_flag` char(1) NOT NULL DEFAULT '0' COMMENT '',
  PRIMARY KEY (`id`),
  KEY `oa_notify_del_flag` (`del_flag`)
) ENGINE=InnoDB DEFAULT CHARSET=utf8 COMMENT='';

-- ----------------------------
-- Records of oa_notify
-- ----------------------------

-- ----------------------------
-- Table structure for oa_notify_record
-- ----------------------------
DROP TABLE IF EXISTS `oa_notify_record`;
CREATE TABLE `oa_notify_record` (
  `id` varchar(64) NOT NULL COMMENT '',
  `oa_notify_id` varchar(64) DEFAULT NULL COMMENT 'ID',
  `user_id` varchar(64) DEFAULT NULL COMMENT '',
  `read_flag` char(1) DEFAULT '0' COMMENT '',
  `read_date` date DEFAULT NULL COMMENT '',
  PRIMARY KEY (`id`),
  KEY `oa_notify_record_notify_id` (`oa_notify_id`),
  KEY `oa_notify_record_user_id` (`user_id`),
  KEY `oa_notify_record_read_flag` (`read_flag`)
) ENGINE=InnoDB DEFAULT CHARSET=utf8 COMMENT='';

-- ----------------------------
-- Records of oa_notify_record
-- ----------------------------

-- ----------------------------
-- Table structure for oa_test_audit
-- ----------------------------
DROP TABLE IF EXISTS `oa_test_audit`;
CREATE TABLE `oa_test_audit` (
  `id` varchar(64) NOT NULL COMMENT '',
  `PROC_INS_ID` varchar(64) DEFAULT NULL COMMENT 'ID',
  `USER_ID` varchar(64) DEFAULT NULL COMMENT '',
  `OFFICE_ID` varchar(64) DEFAULT NULL COMMENT '',
  `POST` varchar(255) DEFAULT NULL COMMENT '',
  `AGE` char(1) DEFAULT NULL COMMENT '',
  `EDU` varchar(255) DEFAULT NULL COMMENT '',
  `CONTENT` varchar(255) DEFAULT NULL COMMENT '',
  `OLDA` varchar(255) DEFAULT NULL COMMENT ' ',
  `OLDB` varchar(255) DEFAULT NULL COMMENT ' ',
  `OLDC` varchar(255) DEFAULT NULL COMMENT ' ',
  `NEWA` varchar(255) DEFAULT NULL COMMENT ' ',
  `NEWB` varchar(255) DEFAULT NULL COMMENT ' ',
  `NEWC` varchar(255) DEFAULT NULL COMMENT ' ',
  `ADD_NUM` varchar(255) DEFAULT NULL COMMENT '',
  `EXE_DATE` varchar(255) DEFAULT NULL COMMENT '',
  `HR_TEXT` varchar(255) DEFAULT NULL COMMENT '',
  `LEAD_TEXT` varchar(255) DEFAULT NULL COMMENT '',
  `MAIN_LEAD_TEXT` varchar(255) DEFAULT NULL COMMENT '',
  `create_by` varchar(64) NOT NULL COMMENT '',
  `create_date` datetime NOT NULL COMMENT '',
  `update_by` varchar(64) NOT NULL COMMENT '',
  `update_date` datetime NOT NULL COMMENT '',
  `remarks` varchar(255) DEFAULT NULL COMMENT '',
  `del_flag` char(1) NOT NULL DEFAULT '0' COMMENT '',
  PRIMARY KEY (`id`),
  KEY `OA_TEST_AUDIT_del_flag` (`del_flag`)
) ENGINE=InnoDB DEFAULT CHARSET=utf8 COMMENT='';

-- ----------------------------
-- Records of oa_test_audit
-- ----------------------------

-- ----------------------------
-- Table structure for sys_area
-- ----------------------------
DROP TABLE IF EXISTS `sys_area`;
CREATE TABLE `sys_area` (
  `id` varchar(64) NOT NULL COMMENT '',
  `parent_id` varchar(64) NOT NULL COMMENT '',
  `parent_ids` varchar(2000) NOT NULL COMMENT '',
  `name` varchar(100) NOT NULL COMMENT '',
  `sort` decimal(10,0) NOT NULL COMMENT '',
  `code` varchar(100) DEFAULT NULL COMMENT '',
  `type` char(1) DEFAULT NULL COMMENT '',
  `create_by` varchar(64) NOT NULL COMMENT '',
  `create_date` datetime NOT NULL COMMENT '',
  `update_by` varchar(64) NOT NULL COMMENT '',
  `update_date` datetime NOT NULL COMMENT '',
  `remarks` varchar(255) DEFAULT NULL COMMENT '',
  `del_flag` char(1) NOT NULL DEFAULT '0' COMMENT '',
  PRIMARY KEY (`id`),
  KEY `sys_area_parent_id` (`parent_id`),
  KEY `sys_area_del_flag` (`del_flag`)
) ENGINE=InnoDB DEFAULT CHARSET=utf8 COMMENT='';

-- ----------------------------
-- Records of sys_area
-- ----------------------------
INSERT INTO `sys_area` VALUES ('1', '0', '0,', '', '10', '100000', '1', '1', '2013-05-27 08:00:00', '1', '2013-05-27 08:00:00', null, '0');
INSERT INTO `sys_area` VALUES ('2', '1', '0,1,', '', '20', '110000', '2', '1', '2013-05-27 08:00:00', '1', '2013-05-27 08:00:00', null, '0');
INSERT INTO `sys_area` VALUES ('3', '2', '0,1,2,', '', '30', '110101', '3', '1', '2013-05-27 08:00:00', '1', '2013-05-27 08:00:00', null, '0');
INSERT INTO `sys_area` VALUES ('308d231da7114ee88cabaeb920f40760', '99a9f4b14de84a2d9778a0785bc859df', '0,1,99a9f4b14de84a2d9778a0785bc859df,', '', '30', '020', '3', '1', '2015-12-02 20:33:36', '1', '2015-12-02 20:33:36', '', '0');
INSERT INTO `sys_area` VALUES ('4', '3', '0,1,2,3,', '', '40', '110102', '4', '1', '2013-05-27 08:00:00', '1', '2013-05-27 08:00:00', null, '0');
INSERT INTO `sys_area` VALUES ('5', '3', '0,1,2,3,', '', '50', '110104', '4', '1', '2013-05-27 08:00:00', '1', '2013-05-27 08:00:00', null, '0');
INSERT INTO `sys_area` VALUES ('6', '3', '0,1,2,3,', '', '60', '110105', '4', '1', '2013-05-27 08:00:00', '1', '2013-05-27 08:00:00', null, '0');
INSERT INTO `sys_area` VALUES ('99a9f4b14de84a2d9778a0785bc859df', '1', '0,1,', '', '30', '', '2', '1', '2015-12-02 20:33:13', '1', '2015-12-02 20:33:13', '', '0');
INSERT INTO `sys_area` VALUES ('e6a9942c4c044093af32987e9119f1e8', '308d231da7114ee88cabaeb920f40760', '0,1,99a9f4b14de84a2d9778a0785bc859df,308d231da7114ee88cabaeb920f40760,', '', '30', '', '4', '1', '2015-12-02 20:33:58', '1', '2015-12-02 20:33:58', '', '0');

-- ----------------------------
-- Table structure for sys_datesorces
-- ----------------------------
DROP TABLE IF EXISTS `sys_datesorces`;
CREATE TABLE `sys_datesorces` (
  `id` varchar(64) NOT NULL COMMENT '',
  `dbs_type` varchar(4) NOT NULL COMMENT '',
  `dbs_name` varchar(64) DEFAULT NULL COMMENT '',
  `dbs_driver_class_name` varchar(256) NOT NULL,
  `dbs_url` varchar(256) NOT NULL,
  `dbs_user_name` varchar(64) NOT NULL,
  `dbs_password` varchar(32) NOT NULL,
  `create_by` varchar(64) NOT NULL COMMENT '',
  `create_date` datetime NOT NULL COMMENT '',
  `update_by` varchar(64) NOT NULL COMMENT '',
  `update_date` datetime NOT NULL COMMENT '',
  `remarks` varchar(255) DEFAULT NULL COMMENT '',
  `del_flag` char(1) NOT NULL DEFAULT '0' COMMENT '',
  PRIMARY KEY (`id`)
) ENGINE=InnoDB DEFAULT CHARSET=utf8 ROW_FORMAT=DYNAMIC COMMENT='';

-- ----------------------------
-- Records of sys_datesorces
-- ----------------------------

-- ----------------------------
-- Table structure for sys_dict
-- ----------------------------
DROP TABLE IF EXISTS `sys_dict`;
CREATE TABLE `sys_dict` (
  `id` varchar(64) NOT NULL COMMENT '',
  `value` varchar(100) NOT NULL COMMENT '',
  `label` varchar(100) NOT NULL COMMENT '',
  `type` varchar(100) NOT NULL COMMENT '',
  `description` varchar(100) NOT NULL COMMENT '',
  `sort` decimal(10,0) NOT NULL COMMENT '',
  `parent_id` varchar(64) DEFAULT '0' COMMENT '',
  `create_by` varchar(64) NOT NULL COMMENT '',
  `create_date` datetime NOT NULL COMMENT '',
  `update_by` varchar(64) NOT NULL COMMENT '',
  `update_date` datetime NOT NULL COMMENT '',
  `remarks` varchar(255) DEFAULT NULL COMMENT '',
  `del_flag` char(1) NOT NULL DEFAULT '0' COMMENT '',
  PRIMARY KEY (`id`),
  KEY `sys_dict_value` (`value`),
  KEY `sys_dict_label` (`label`),
  KEY `sys_dict_del_flag` (`del_flag`)
) ENGINE=InnoDB DEFAULT CHARSET=utf8 COMMENT='';

-- ----------------------------
-- Records of sys_dict
-- ----------------------------
INSERT INTO `sys_dict` VALUES ('02c130be8add4ce88f527cdf2b6a46cb', '0', '', 'sys_resour', '', '1', '0', '1', '2015-12-02 23:03:13', '1', '2015-12-02 23:03:13', '', '0');
INSERT INTO `sys_dict` VALUES ('1', '0', '', 'del_flag', '', '10', '0', '1', '2013-05-27 08:00:00', '1', '2013-05-27 08:00:00', null, '0');
INSERT INTO `sys_dict` VALUES ('10', 'yellow', '', 'color', '', '40', '0', '1', '2013-05-27 08:00:00', '1', '2013-05-27 08:00:00', null, '0');
INSERT INTO `sys_dict` VALUES ('100', 'java.util.Date', 'Date', 'gen_java_type', 'Java\0\0', '50', '0', '1', '2013-10-28 08:00:00', '1', '2013-10-28 08:00:00', null, '1');
INSERT INTO `sys_dict` VALUES ('101', 'com.thinkgem.jeesite.modules.sys.entity.User', 'User', 'gen_java_type', 'Java\0\0', '60', '0', '1', '2013-10-28 08:00:00', '1', '2013-10-28 08:00:00', null, '1');
INSERT INTO `sys_dict` VALUES ('102', 'com.thinkgem.jeesite.modules.sys.entity.Office', 'Office', 'gen_java_type', 'Java\0\0', '70', '0', '1', '2013-10-28 08:00:00', '1', '2013-10-28 08:00:00', null, '1');
INSERT INTO `sys_dict` VALUES ('103', 'com.thinkgem.jeesite.modules.sys.entity.Area', 'Area', 'gen_java_type', 'Java\0\0', '80', '0', '1', '2013-10-28 08:00:00', '1', '2013-10-28 08:00:00', null, '1');
INSERT INTO `sys_dict` VALUES ('104', 'Custom', 'Custom', 'gen_java_type', 'Java\0\0', '90', '0', '1', '2013-10-28 08:00:00', '1', '2013-10-28 08:00:00', null, '1');
INSERT INTO `sys_dict` VALUES ('105', '1', '\0\0\0\0', 'oa_notify_type', '', '10', '0', '1', '2013-11-08 08:00:00', '1', '2013-11-08 08:00:00', null, '0');
INSERT INTO `sys_dict` VALUES ('106', '2', '\0\0\0\0', 'oa_notify_type', '', '20', '0', '1', '2013-11-08 08:00:00', '1', '2013-11-08 08:00:00', null, '0');
INSERT INTO `sys_dict` VALUES ('107', '3', '\0\0\0\0', 'oa_notify_type', '', '30', '0', '1', '2013-11-08 08:00:00', '1', '2013-11-08 08:00:00', null, '0');
INSERT INTO `sys_dict` VALUES ('108', '0', '', 'oa_notify_status', '', '10', '0', '1', '2013-11-08 08:00:00', '1', '2013-11-08 08:00:00', null, '0');
INSERT INTO `sys_dict` VALUES ('109', '1', '', 'oa_notify_status', '', '20', '0', '1', '2013-11-08 08:00:00', '1', '2013-11-08 08:00:00', null, '0');
INSERT INTO `sys_dict` VALUES ('11', 'orange', '', 'color', '', '50', '0', '1', '2013-05-27 08:00:00', '1', '2013-05-27 08:00:00', null, '0');
INSERT INTO `sys_dict` VALUES ('110', '0', '', 'oa_notify_read', '', '10', '0', '1', '2013-11-08 08:00:00', '1', '2013-11-08 08:00:00', null, '0');
INSERT INTO `sys_dict` VALUES ('111', '1', '', 'oa_notify_read', '', '20', '0', '1', '2013-11-08 08:00:00', '1', '2013-11-08 08:00:00', null, '0');
INSERT INTO `sys_dict` VALUES ('12', 'default', '', 'theme', '', '10', '0', '1', '2013-05-27 08:00:00', '1', '2013-05-27 08:00:00', null, '0');
INSERT INTO `sys_dict` VALUES ('13', 'cerulean', '', 'theme', '', '20', '0', '1', '2013-05-27 08:00:00', '1', '2013-05-27 08:00:00', null, '0');
INSERT INTO `sys_dict` VALUES ('14', 'readable', '', 'theme', '', '30', '0', '1', '2013-05-27 08:00:00', '1', '2013-05-27 08:00:00', null, '0');
INSERT INTO `sys_dict` VALUES ('15', 'united', '', 'theme', '', '40', '0', '1', '2013-05-27 08:00:00', '1', '2013-05-27 08:00:00', null, '0');
INSERT INTO `sys_dict` VALUES ('16', 'flat', 'Flat', 'theme', '', '60', '0', '1', '2013-05-27 08:00:00', '1', '2013-05-27 08:00:00', null, '0');
INSERT INTO `sys_dict` VALUES ('17', '1', '', 'sys_area_type', '', '10', '0', '1', '2013-05-27 08:00:00', '1', '2013-05-27 08:00:00', null, '0');
INSERT INTO `sys_dict` VALUES ('18', '2', '', 'sys_area_type', '', '20', '0', '1', '2013-05-27 08:00:00', '1', '2013-05-27 08:00:00', null, '0');
INSERT INTO `sys_dict` VALUES ('19', '3', '', 'sys_area_type', '', '30', '0', '1', '2013-05-27 08:00:00', '1', '2013-05-27 08:00:00', null, '0');
INSERT INTO `sys_dict` VALUES ('2', '1', '', 'del_flag', '', '20', '0', '1', '2013-05-27 08:00:00', '1', '2013-05-27 08:00:00', null, '0');
INSERT INTO `sys_dict` VALUES ('20', '4', '', 'sys_area_type', '', '40', '0', '1', '2013-05-27 08:00:00', '1', '2013-05-27 08:00:00', null, '0');
INSERT INTO `sys_dict` VALUES ('21', '1', '', 'sys_office_type', '', '60', '0', '1', '2013-05-27 08:00:00', '1', '2013-05-27 08:00:00', null, '0');
INSERT INTO `sys_dict` VALUES ('22', '2', '', 'sys_office_type', '', '70', '0', '1', '2013-05-27 08:00:00', '1', '2013-05-27 08:00:00', null, '0');
INSERT INTO `sys_dict` VALUES ('23', '3', '', 'sys_office_type', '', '80', '0', '1', '2013-05-27 08:00:00', '1', '2013-05-27 08:00:00', null, '0');
INSERT INTO `sys_dict` VALUES ('24', '4', '', 'sys_office_type', '', '90', '0', '1', '2013-05-27 08:00:00', '1', '2013-05-27 08:00:00', null, '0');
INSERT INTO `sys_dict` VALUES ('25', '1', '', 'sys_office_common', '', '30', '0', '1', '2013-05-27 08:00:00', '1', '2013-05-27 08:00:00', null, '0');
INSERT INTO `sys_dict` VALUES ('26', '2', '', 'sys_office_common', '', '40', '0', '1', '2013-05-27 08:00:00', '1', '2013-05-27 08:00:00', null, '0');
INSERT INTO `sys_dict` VALUES ('27', '3', '', 'sys_office_common', '', '50', '0', '1', '2013-05-27 08:00:00', '1', '2013-05-27 08:00:00', null, '0');
INSERT INTO `sys_dict` VALUES ('28', '1', '', 'sys_office_grade', '', '10', '0', '1', '2013-05-27 08:00:00', '1', '2013-05-27 08:00:00', null, '0');
INSERT INTO `sys_dict` VALUES ('29', '2', '', 'sys_office_grade', '', '20', '0', '1', '2013-05-27 08:00:00', '1', '2013-05-27 08:00:00', null, '0');
INSERT INTO `sys_dict` VALUES ('3', '1', '', 'show_hide', '/', '10', '0', '1', '2013-05-27 08:00:00', '1', '2013-05-27 08:00:00', null, '0');
INSERT INTO `sys_dict` VALUES ('30', '3', '', 'sys_office_grade', '', '30', '0', '1', '2013-05-27 08:00:00', '1', '2013-05-27 08:00:00', null, '0');
INSERT INTO `sys_dict` VALUES ('31', '4', '', 'sys_office_grade', '', '40', '0', '1', '2013-05-27 08:00:00', '1', '2013-05-27 08:00:00', null, '0');
INSERT INTO `sys_dict` VALUES ('32', '1', '', 'sys_data_scope', '', '10', '0', '1', '2013-05-27 08:00:00', '1', '2013-05-27 08:00:00', null, '0');
INSERT INTO `sys_dict` VALUES ('33', '2', '', 'sys_data_scope', '', '20', '0', '1', '2013-05-27 08:00:00', '1', '2013-05-27 08:00:00', null, '0');
INSERT INTO `sys_dict` VALUES ('34', '3', '', 'sys_data_scope', '', '30', '0', '1', '2013-05-27 08:00:00', '1', '2013-05-27 08:00:00', null, '0');
INSERT INTO `sys_dict` VALUES ('35', '4', '', 'sys_data_scope', '', '40', '0', '1', '2013-05-27 08:00:00', '1', '2013-05-27 08:00:00', null, '0');
INSERT INTO `sys_dict` VALUES ('36', '5', '', 'sys_data_scope', '', '50', '0', '1', '2013-05-27 08:00:00', '1', '2013-05-27 08:00:00', null, '0');
INSERT INTO `sys_dict` VALUES ('37', '8', '', 'sys_data_scope', '', '90', '0', '1', '2013-05-27 08:00:00', '1', '2013-05-27 08:00:00', null, '0');
INSERT INTO `sys_dict` VALUES ('38', '9', '', 'sys_data_scope', '', '100', '0', '1', '2013-05-27 08:00:00', '1', '2013-05-27 08:00:00', null, '0');
INSERT INTO `sys_dict` VALUES ('39', '1', '', 'sys_user_type', '', '10', '0', '1', '2013-05-27 08:00:00', '1', '2013-05-27 08:00:00', null, '0');
INSERT INTO `sys_dict` VALUES ('4', '0', '', 'show_hide', '/', '20', '0', '1', '2013-05-27 08:00:00', '1', '2013-05-27 08:00:00', null, '0');
INSERT INTO `sys_dict` VALUES ('40', '2', '', 'sys_user_type', '', '20', '0', '1', '2013-05-27 08:00:00', '1', '2013-05-27 08:00:00', null, '0');
INSERT INTO `sys_dict` VALUES ('41', '3', '', 'sys_user_type', '', '30', '0', '1', '2013-05-27 08:00:00', '1', '2013-05-27 08:00:00', null, '0');
INSERT INTO `sys_dict` VALUES ('42', 'basic', '', 'cms_theme', '', '10', '0', '1', '2013-05-27 08:00:00', '1', '2013-05-27 08:00:00', null, '0');
INSERT INTO `sys_dict` VALUES ('43', 'blue', '', 'cms_theme', '', '20', '0', '1', '2013-05-27 08:00:00', '1', '2013-05-27 08:00:00', null, '1');
INSERT INTO `sys_dict` VALUES ('44', 'red', '', 'cms_theme', '', '30', '0', '1', '2013-05-27 08:00:00', '1', '2013-05-27 08:00:00', null, '1');
INSERT INTO `sys_dict` VALUES ('45', 'article', '', 'cms_module', '', '10', '0', '1', '2013-05-27 08:00:00', '1', '2013-05-27 08:00:00', null, '0');
INSERT INTO `sys_dict` VALUES ('46', 'picture', '', 'cms_module', '', '20', '0', '1', '2013-05-27 08:00:00', '1', '2013-05-27 08:00:00', null, '1');
INSERT INTO `sys_dict` VALUES ('47', 'download', '', 'cms_module', '', '30', '0', '1', '2013-05-27 08:00:00', '1', '2013-05-27 08:00:00', null, '1');
INSERT INTO `sys_dict` VALUES ('48', 'link', '', 'cms_module', '', '40', '0', '1', '2013-05-27 08:00:00', '1', '2013-05-27 08:00:00', null, '0');
INSERT INTO `sys_dict` VALUES ('49', 'special', '', 'cms_module', '', '50', '0', '1', '2013-05-27 08:00:00', '1', '2013-05-27 08:00:00', null, '1');
INSERT INTO `sys_dict` VALUES ('5', '1', '', 'yes_no', '/', '10', '0', '1', '2013-05-27 08:00:00', '1', '2013-05-27 08:00:00', null, '0');
INSERT INTO `sys_dict` VALUES ('50', '0', '', 'cms_show_modes', '', '10', '0', '1', '2013-05-27 08:00:00', '1', '2013-05-27 08:00:00', null, '0');
INSERT INTO `sys_dict` VALUES ('51', '1', '', 'cms_show_modes', '', '20', '0', '1', '2013-05-27 08:00:00', '1', '2013-05-27 08:00:00', null, '0');
INSERT INTO `sys_dict` VALUES ('52', '2', '', 'cms_show_modes', '', '30', '0', '1', '2013-05-27 08:00:00', '1', '2013-05-27 08:00:00', null, '0');
INSERT INTO `sys_dict` VALUES ('53', '0', '', 'cms_del_flag', '', '10', '0', '1', '2013-05-27 08:00:00', '1', '2013-05-27 08:00:00', null, '0');
INSERT INTO `sys_dict` VALUES ('54', '1', '', 'cms_del_flag', '', '20', '0', '1', '2013-05-27 08:00:00', '1', '2013-05-27 08:00:00', null, '0');
INSERT INTO `sys_dict` VALUES ('55', '2', '', 'cms_del_flag', '', '15', '0', '1', '2013-05-27 08:00:00', '1', '2013-05-27 08:00:00', null, '0');
INSERT INTO `sys_dict` VALUES ('56', '1', '', 'cms_posid', '', '10', '0', '1', '2013-05-27 08:00:00', '1', '2013-05-27 08:00:00', null, '0');
INSERT INTO `sys_dict` VALUES ('57', '2', '', 'cms_posid', '', '20', '0', '1', '2013-05-27 08:00:00', '1', '2013-05-27 08:00:00', null, '0');
INSERT INTO `sys_dict` VALUES ('58', '1', '', 'cms_guestbook', '', '10', '0', '1', '2013-05-27 08:00:00', '1', '2013-05-27 08:00:00', null, '0');
INSERT INTO `sys_dict` VALUES ('59', '2', '', 'cms_guestbook', '', '20', '0', '1', '2013-05-27 08:00:00', '1', '2013-05-27 08:00:00', null, '0');
INSERT INTO `sys_dict` VALUES ('6', '0', '', 'yes_no', '/', '20', '0', '1', '2013-05-27 08:00:00', '1', '2013-05-27 08:00:00', null, '0');
INSERT INTO `sys_dict` VALUES ('60', '3', '', 'cms_guestbook', '', '30', '0', '1', '2013-05-27 08:00:00', '1', '2013-05-27 08:00:00', null, '0');
INSERT INTO `sys_dict` VALUES ('61', '4', '', 'cms_guestbook', '', '40', '0', '1', '2013-05-27 08:00:00', '1', '2013-05-27 08:00:00', null, '0');
INSERT INTO `sys_dict` VALUES ('62', '1', '', 'oa_leave_type', '', '10', '0', '1', '2013-05-27 08:00:00', '1', '2013-05-27 08:00:00', null, '0');
INSERT INTO `sys_dict` VALUES ('63', '2', '', 'oa_leave_type', '', '20', '0', '1', '2013-05-27 08:00:00', '1', '2013-05-27 08:00:00', null, '0');
INSERT INTO `sys_dict` VALUES ('64', '3', '', 'oa_leave_type', '', '30', '0', '1', '2013-05-27 08:00:00', '1', '2013-05-27 08:00:00', null, '0');
INSERT INTO `sys_dict` VALUES ('65', '4', '', 'oa_leave_type', '', '40', '0', '1', '2013-05-27 08:00:00', '1', '2013-05-27 08:00:00', null, '0');
INSERT INTO `sys_dict` VALUES ('66', '5', '', 'oa_leave_type', '', '60', '0', '1', '2013-05-27 08:00:00', '1', '2013-05-27 08:00:00', null, '0');
INSERT INTO `sys_dict` VALUES ('67', '1', '', 'sys_log_type', '', '30', '0', '1', '2013-06-03 08:00:00', '1', '2013-06-03 08:00:00', null, '0');
INSERT INTO `sys_dict` VALUES ('68', '2', '', 'sys_log_type', '', '40', '0', '1', '2013-06-03 08:00:00', '1', '2013-06-03 08:00:00', null, '0');
INSERT INTO `sys_dict` VALUES ('69', 'leave', '', 'act_type', '', '10', '0', '1', '2013-06-03 08:00:00', '1', '2015-12-02 20:15:27', '', '0');
INSERT INTO `sys_dict` VALUES ('7', 'red', '', 'color', '', '10', '0', '1', '2013-05-27 08:00:00', '1', '2013-05-27 08:00:00', null, '0');
INSERT INTO `sys_dict` VALUES ('70', 'test_audit', '', 'act_type', '', '20', '0', '1', '2013-06-03 08:00:00', '1', '2013-06-03 08:00:00', null, '0');
INSERT INTO `sys_dict` VALUES ('71', '1', '1', 'act_category', '', '10', '0', '1', '2013-06-03 08:00:00', '1', '2013-06-03 08:00:00', null, '0');
INSERT INTO `sys_dict` VALUES ('72', '2', '2', 'act_category', '', '20', '0', '1', '2013-06-03 08:00:00', '1', '2013-06-03 08:00:00', null, '0');
INSERT INTO `sys_dict` VALUES ('73', 'crud', '', 'gen_category', '', '10', '0', '1', '2013-10-28 08:00:00', '1', '2013-10-28 08:00:00', null, '1');
INSERT INTO `sys_dict` VALUES ('74', 'crud_many', '', 'gen_category', '', '20', '0', '1', '2013-10-28 08:00:00', '1', '2013-10-28 08:00:00', null, '1');
INSERT INTO `sys_dict` VALUES ('75', 'tree', '', 'gen_category', '', '30', '0', '1', '2013-10-28 08:00:00', '1', '2013-10-28 08:00:00', null, '1');
INSERT INTO `sys_dict` VALUES ('76', '=', '=', 'gen_query_type', '', '10', '0', '1', '2013-10-28 08:00:00', '1', '2013-10-28 08:00:00', null, '1');
INSERT INTO `sys_dict` VALUES ('77', '!=', '!=', 'gen_query_type', '', '20', '0', '1', '2013-10-28 08:00:00', '1', '2013-10-28 08:00:00', null, '1');
INSERT INTO `sys_dict` VALUES ('78', '&gt;', '&gt;', 'gen_query_type', '', '30', '0', '1', '2013-10-28 08:00:00', '1', '2013-10-28 08:00:00', null, '1');
INSERT INTO `sys_dict` VALUES ('79', '&lt;', '&lt;', 'gen_query_type', '', '40', '0', '1', '2013-10-28 08:00:00', '1', '2013-10-28 08:00:00', null, '1');
INSERT INTO `sys_dict` VALUES ('8', 'green', '', 'color', '', '20', '0', '1', '2013-05-27 08:00:00', '1', '2013-05-27 08:00:00', null, '0');
INSERT INTO `sys_dict` VALUES ('80', 'between', 'Between', 'gen_query_type', '', '50', '0', '1', '2013-10-28 08:00:00', '1', '2013-10-28 08:00:00', null, '1');
INSERT INTO `sys_dict` VALUES ('81', 'like', 'Like', 'gen_query_type', '', '60', '0', '1', '2013-10-28 08:00:00', '1', '2013-10-28 08:00:00', null, '1');
INSERT INTO `sys_dict` VALUES ('82', 'left_like', 'Left Like', 'gen_query_type', '', '70', '0', '1', '2013-10-28 08:00:00', '1', '2013-10-28 08:00:00', null, '1');
INSERT INTO `sys_dict` VALUES ('83', 'right_like', 'Right Like', 'gen_query_type', '', '80', '0', '1', '2013-10-28 08:00:00', '1', '2013-10-28 08:00:00', null, '1');
INSERT INTO `sys_dict` VALUES ('84', 'input', '', 'gen_show_type', '', '10', '0', '1', '2013-10-28 08:00:00', '1', '2013-10-28 08:00:00', null, '1');
INSERT INTO `sys_dict` VALUES ('85', 'textarea', '', 'gen_show_type', '', '20', '0', '1', '2013-10-28 08:00:00', '1', '2013-10-28 08:00:00', null, '1');
INSERT INTO `sys_dict` VALUES ('86', 'select', '', 'gen_show_type', '', '30', '0', '1', '2013-10-28 08:00:00', '1', '2013-10-28 08:00:00', null, '1');
INSERT INTO `sys_dict` VALUES ('87', 'checkbox', '', 'gen_show_type', '', '40', '0', '1', '2013-10-28 08:00:00', '1', '2013-10-28 08:00:00', null, '1');
INSERT INTO `sys_dict` VALUES ('88', 'radiobox', '', 'gen_show_type', '', '50', '0', '1', '2013-10-28 08:00:00', '1', '2013-10-28 08:00:00', null, '1');
INSERT INTO `sys_dict` VALUES ('89', 'dateselect', '', 'gen_show_type', '', '60', '0', '1', '2013-10-28 08:00:00', '1', '2013-10-28 08:00:00', null, '1');
INSERT INTO `sys_dict` VALUES ('9', 'blue', '', 'color', '', '30', '0', '1', '2013-05-27 08:00:00', '1', '2013-05-27 08:00:00', null, '0');
INSERT INTO `sys_dict` VALUES ('90', 'userselect', '\0', 'gen_show_type', '', '70', '0', '1', '2013-10-28 08:00:00', '1', '2013-10-28 08:00:00', null, '1');
INSERT INTO `sys_dict` VALUES ('91', 'officeselect', '', 'gen_show_type', '', '80', '0', '1', '2013-10-28 08:00:00', '1', '2013-10-28 08:00:00', null, '1');
INSERT INTO `sys_dict` VALUES ('92', 'areaselect', '', 'gen_show_type', '', '90', '0', '1', '2013-10-28 08:00:00', '1', '2013-10-28 08:00:00', null, '1');
INSERT INTO `sys_dict` VALUES ('93', 'String', 'String', 'gen_java_type', 'Java', '10', '0', '1', '2013-10-28 08:00:00', '1', '2013-10-28 08:00:00', null, '1');
INSERT INTO `sys_dict` VALUES ('94', 'Long', 'Long', 'gen_java_type', 'Java', '20', '0', '1', '2013-10-28 08:00:00', '1', '2013-10-28 08:00:00', null, '1');
INSERT INTO `sys_dict` VALUES ('95', 'dao', '', 'gen_category', '\0\0\0\0\0\0', '40', '0', '1', '2013-10-28 08:00:00', '1', '2013-10-28 08:00:00', null, '1');
INSERT INTO `sys_dict` VALUES ('95e30afdbef246c3aab0d2a001122982', '1', '', 'sys_resour', '', '11', '0', '1', '2015-12-02 23:03:45', '1', '2015-12-02 23:03:45', '', '0');
INSERT INTO `sys_dict` VALUES ('96', '1', '', 'sex', '', '10', '0', '1', '2013-10-28 08:00:00', '1', '2013-10-28 08:00:00', null, '0');
INSERT INTO `sys_dict` VALUES ('97', '2', '', 'sex', '', '20', '0', '1', '2013-10-28 08:00:00', '1', '2013-10-28 08:00:00', null, '0');
INSERT INTO `sys_dict` VALUES ('98', 'Integer', 'Integer', 'gen_java_type', 'Java\0\0', '30', '0', '1', '2013-10-28 08:00:00', '1', '2013-10-28 08:00:00', null, '1');
INSERT INTO `sys_dict` VALUES ('99', 'Double', 'Double', 'gen_java_type', 'Java\0\0', '40', '0', '1', '2013-10-28 08:00:00', '1', '2013-10-28 08:00:00', null, '1');

-- ----------------------------
-- Table structure for sys_log
-- ----------------------------
DROP TABLE IF EXISTS `sys_log`;
CREATE TABLE `sys_log` (
  `id` varchar(64) NOT NULL COMMENT '',
  `type` char(1) DEFAULT '1' COMMENT '',
  `title` varchar(255) DEFAULT '' COMMENT '',
  `create_by` varchar(64) DEFAULT NULL COMMENT '',
  `create_date` datetime DEFAULT NULL COMMENT '',
  `remote_addr` varchar(255) DEFAULT NULL COMMENT 'IP',
  `user_agent` varchar(255) DEFAULT NULL COMMENT '',
  `request_uri` varchar(255) DEFAULT NULL COMMENT 'URI',
  `method` varchar(5) DEFAULT NULL COMMENT '',
  `params` text COMMENT '',
  `exception` text COMMENT '',
  PRIMARY KEY (`id`),
  KEY `sys_log_create_by` (`create_by`),
  KEY `sys_log_request_uri` (`request_uri`),
  KEY `sys_log_type` (`type`),
  KEY `sys_log_create_date` (`create_date`)
) ENGINE=InnoDB DEFAULT CHARSET=utf8 COMMENT='';

-- ----------------------------
-- Records of sys_log
-- ----------------------------
INSERT INTO `sys_log` VALUES ('003904b847eb4aa0997b81437ed8ab7b', '1', '--', '1', '2015-12-03 07:31:47', '0:0:0:0:0:0:0:1', 'Mozilla/5.0 (Windows NT 10.0; WOW64) AppleWebKit/537.36 (KHTML, like Gecko) Chrome/46.0.2490.86 Safari/537.36', '/jeesite/a/sys/sysDatesorces/', 'POST', 'pageNo=1&pageSize=30&dbsType=&dbsName=&dbsUrl=', '');
INSERT INTO `sys_log` VALUES ('007c7ced55024f7ba008e04318b807a9', '1', '', '87060c4c39be40d5bc9ce07afe705be6', '2015-12-03 07:37:38', '0:0:0:0:0:0:0:1', 'Mozilla/5.0 (Windows NT 10.0; WOW64) AppleWebKit/537.36 (KHTML, like Gecko) Chrome/46.0.2490.86 Safari/537.36', '/jeesite/a', 'GET', 'login=', '');
INSERT INTO `sys_log` VALUES ('0092a81b35eb4ff3b320b45502e424ca', '1', '---', '1', '2015-12-02 21:23:16', '0:0:0:0:0:0:0:1', 'Mozilla/5.0 (Windows NT 10.0; WOW64) AppleWebKit/537.36 (KHTML, like Gecko) Chrome/46.0.2490.86 Safari/537.36', '/jeesite/a/sys/office/save', 'POST', 'id=&parent.id=b5e6470db07445b08e5b792fdfa18bfe&parent.name=&area.id=308d231da7114ee88cabaeb920f40760&area.name=&name=&code=0200001&type=1&grade=1&useable=1&primaryPerson.id=7c63751ac8b64dad9cde14e9f5d5f639&office.primaryPerson.name=ceshi&deputyPerson.id=7c63751ac8b64dad9cde14e9f5d5f639&office.deputyPerson.name=ceshi&address=&zipCode=&master=&phone=&fax=&email=&remarks=&childDeptList=1&_childDeptList=on', '');
INSERT INTO `sys_log` VALUES ('00acf052399e4083bd6fee0c9986f713', '1', '--', '1', '2015-12-02 21:27:21', '0:0:0:0:0:0:0:1', 'Mozilla/5.0 (Windows NT 10.0; WOW64) AppleWebKit/537.36 (KHTML, like Gecko) Chrome/46.0.2490.86 Safari/537.36', '/jeesite/a/sys/role/', 'GET', 'repage=', '');
INSERT INTO `sys_log` VALUES ('00c9c734ba49423d84c8af0533175785', '1', '---', '1', '2015-12-03 07:36:21', '0:0:0:0:0:0:0:1', 'Mozilla/5.0 (Windows NT 10.0; WOW64) AppleWebKit/537.36 (KHTML, like Gecko) Chrome/46.0.2490.86 Safari/537.36', '/jeesite/a/sys/menu/save', 'POST', 'id=16&parent.id=14&parent.name=&name=&href=&target=&icon= icon-book&sort=40&isShow=0&permission=sys:area:edit&remarks=', '');
INSERT INTO `sys_log` VALUES ('0147ddcba22d4744a8038ac41f3ef6d8', '1', '--', '1', '2015-12-02 21:27:07', '0:0:0:0:0:0:0:1', 'Mozilla/5.0 (Windows NT 10.0; WOW64) AppleWebKit/537.36 (KHTML, like Gecko) Chrome/46.0.2490.86 Safari/537.36', '/jeesite/a/sys/role/', 'GET', 'repage=', '');
INSERT INTO `sys_log` VALUES ('0182f173621249279d12d7c4e5741002', '1', '---', '87060c4c39be40d5bc9ce07afe705be6', '2015-12-03 07:38:13', '0:0:0:0:0:0:0:1', 'Mozilla/5.0 (Windows NT 10.0; WOW64) AppleWebKit/537.36 (KHTML, like Gecko) Chrome/46.0.2490.86 Safari/537.36', '/jeesite/a/sys/office/form', 'GET', 'parent.id=b5e6470db07445b08e5b792fdfa18bfe', '');
INSERT INTO `sys_log` VALUES ('018360c7ff3c483ab2cdea5d3a0d466b', '1', '---', '1', '2015-12-02 21:10:27', '0:0:0:0:0:0:0:1', 'Mozilla/5.0 (Windows NT 10.0; WOW64) AppleWebKit/537.36 (KHTML, like Gecko) Chrome/46.0.2490.86 Safari/537.36', '/jeesite/a/sys/office/form', 'GET', 'parent.id=', '');
INSERT INTO `sys_log` VALUES ('01c8a62ccfee4d0cb8e3b7c99017e2d6', '1', '---', '1', '2015-12-02 21:25:30', '0:0:0:0:0:0:0:1', 'Mozilla/5.0 (Windows NT 10.0; WOW64) AppleWebKit/537.36 (KHTML, like Gecko) Chrome/46.0.2490.86 Safari/537.36', '/jeesite/a/sys/office/list', 'GET', 'id=b5e6470db07445b08e5b792fdfa18bfe&parentIds=0,b5e6470db07445b08e5b792fdfa18bfe,', '');
INSERT INTO `sys_log` VALUES ('022d23f6690b40f2ba652c63a72769fa', '1', '---', '1', '2015-12-02 21:11:19', '0:0:0:0:0:0:0:1', 'Mozilla/5.0 (Windows NT 10.0; WOW64) AppleWebKit/537.36 (KHTML, like Gecko) Chrome/46.0.2490.86 Safari/537.36', '/jeesite/a/sys/office/list', 'GET', 'id=&parentIds=0,', '');
INSERT INTO `sys_log` VALUES ('02d11e1cd13c4ad590d64c58d63a3e27', '1', '---', '87060c4c39be40d5bc9ce07afe705be6', '2015-12-03 07:38:37', '0:0:0:0:0:0:0:1', 'Mozilla/5.0 (Windows NT 10.0; WOW64) AppleWebKit/537.36 (KHTML, like Gecko) Chrome/46.0.2490.86 Safari/537.36', '/jeesite/a/sys/office/list', 'GET', 'id=&parentIds=0,b5e6470db07445b08e5b792fdfa18bfe,', '');
INSERT INTO `sys_log` VALUES ('03b8e138e9e44285ad55c27a33d60cc0', '1', '-', '1', '2015-12-02 21:31:51', '0:0:0:0:0:0:0:1', 'Mozilla/5.0 (Windows NT 10.0; WOW64; Trident/7.0; rv:11.0) like Gecko', '/jeesite/a/cms/none/', 'GET', 'category.id=25', '');
INSERT INTO `sys_log` VALUES ('03f8468001ca4399822fc448b30dd545', '1', '--', '1', '2015-12-03 07:14:36', '0:0:0:0:0:0:0:1', 'Mozilla/5.0 (Windows NT 10.0; WOW64) AppleWebKit/537.36 (KHTML, like Gecko) Chrome/46.0.2490.86 Safari/537.36', '/jeesite/a/sys/sysDatesorces/', 'GET', 'tabPageId=jerichotabiframe_2', '');
INSERT INTO `sys_log` VALUES ('04f55c5de4534a73ab76121b199332dd', '1', '---', '1', '2015-12-02 21:23:38', '0:0:0:0:0:0:0:1', 'Mozilla/5.0 (Windows NT 10.0; WOW64) AppleWebKit/537.36 (KHTML, like Gecko) Chrome/46.0.2490.86 Safari/537.36', '/jeesite/a/sys/user/list', 'GET', 'office.id=5392344d45ea4e9ba473919e7bba2fe8&office.name=', '');
INSERT INTO `sys_log` VALUES ('0654cf3c67744768a4b8d4a72c771e68', '1', '---', 'a8b3597b9fd84408ba5380f3d2d1778c', '2015-12-02 21:18:11', '0:0:0:0:0:0:0:1', 'Mozilla/5.0 (Windows NT 10.0; WOW64) AppleWebKit/537.36 (KHTML, like Gecko) Chrome/46.0.2490.86 Safari/537.36', '/jeesite/a/sys/user/delete', 'GET', 'id=8', '');
INSERT INTO `sys_log` VALUES ('0713dd95b99e40bc825a96c9f54184d5', '1', '--', '1', '2015-12-02 20:15:10', '0:0:0:0:0:0:0:1', 'Mozilla/5.0 (Windows NT 10.0; WOW64) AppleWebKit/537.36 (KHTML, like Gecko) Chrome/46.0.2490.86 Safari/537.36', '/jeesite/a/sys/dict/', 'GET', 'tabPageId=jerichotabiframe_9', '');
INSERT INTO `sys_log` VALUES ('073d280c11a149b28167bbe711d901de', '1', '---', '1', '2015-12-03 07:11:47', '0:0:0:0:0:0:0:1', 'Mozilla/5.0 (Windows NT 10.0; WOW64) AppleWebKit/537.36 (KHTML, like Gecko) Chrome/46.0.2490.86 Safari/537.36', '/jeesite/a/sys/menu/save', 'POST', 'id=&parent.id=55776620e9a7459d91a74b84813fe5be&parent.name=&name=&href=&target=&icon=&sort=30&isShow=1&permission=sys:sysDatesorces:view&remarks=', '');
INSERT INTO `sys_log` VALUES ('0758b0a7af41495687f53bf96b63cf08', '1', '---', '1', '2015-12-03 07:14:11', '0:0:0:0:0:0:0:1', 'Mozilla/5.0 (Windows NT 10.0; WOW64) AppleWebKit/537.36 (KHTML, like Gecko) Chrome/46.0.2490.86 Safari/537.36', '/jeesite/a/sys/menu/form', 'GET', 'id=f7036a5ac46444819dfc0edc59cae1b0', '');
INSERT INTO `sys_log` VALUES ('0799f03a26aa49e983c0845f20d2600f', '1', '---', '1', '2015-12-02 20:33:37', '0:0:0:0:0:0:0:1', 'Mozilla/5.0 (Windows NT 10.0; WOW64) AppleWebKit/537.36 (KHTML, like Gecko) Chrome/46.0.2490.86 Safari/537.36', '/jeesite/a/sys/area/form', 'GET', '', '');
INSERT INTO `sys_log` VALUES ('07b865daa8374846b995ae09fa6f340f', '1', '--', '1', '2015-12-03 07:35:57', '0:0:0:0:0:0:0:1', 'Mozilla/5.0 (Windows NT 10.0; WOW64) AppleWebKit/537.36 (KHTML, like Gecko) Chrome/46.0.2490.86 Safari/537.36', '/jeesite/a/sys/menu/', 'GET', '', '');
INSERT INTO `sys_log` VALUES ('0800d9648a6e461697b75df93cb451b7', '1', '--', '1', '2015-12-03 07:28:44', '0:0:0:0:0:0:0:1', 'Mozilla/5.0 (Windows NT 10.0; WOW64) AppleWebKit/537.36 (KHTML, like Gecko) Chrome/46.0.2490.86 Safari/537.36', '/jeesite/a/sys/user/index', 'GET', 'tabPageId=jerichotabiframe_1', '');
INSERT INTO `sys_log` VALUES ('080b1a656aea424196d423eb8f70165c', '1', '---', '1', '2015-12-03 07:09:25', '0:0:0:0:0:0:0:1', 'Mozilla/5.0 (Windows NT 10.0; WOW64) AppleWebKit/537.36 (KHTML, like Gecko) Chrome/46.0.2490.86 Safari/537.36', '/jeesite/a/sys/menu/save', 'POST', 'id=55776620e9a7459d91a74b84813fe5be&parent.id=3&parent.name=&name=&href=/sys/sysDatesorces&target=&icon=icon-barcode&sort=5030&isShow=1&permission=&remarks=', '');
INSERT INTO `sys_log` VALUES ('08431c5fb0f74cf7bef663cc09aae42a', '1', '', '1', '2015-12-02 21:33:11', '0:0:0:0:0:0:0:1', 'Mozilla/5.0 (Windows NT 10.0; WOW64) AppleWebKit/537.36 (KHTML, like Gecko) Chrome/46.0.2490.86 Safari/537.36', '/jeesite/a/sys/menu/tree', 'GET', 'parentId=31', '');
INSERT INTO `sys_log` VALUES ('08e0344f07694f06a09eb25d06130967', '1', '---', '87060c4c39be40d5bc9ce07afe705be6', '2015-12-03 07:38:47', '0:0:0:0:0:0:0:1', 'Mozilla/5.0 (Windows NT 10.0; WOW64) AppleWebKit/537.36 (KHTML, like Gecko) Chrome/46.0.2490.86 Safari/537.36', '/jeesite/a/sys/office/list', 'GET', 'id=&parentIds=0,b5e6470db07445b08e5b792fdfa18bfe,', '');
INSERT INTO `sys_log` VALUES ('094f9d62af864a0b8493807a7fcaf719', '1', '--', '1', '2015-12-03 07:36:28', '0:0:0:0:0:0:0:1', 'Mozilla/5.0 (Windows NT 10.0; WOW64) AppleWebKit/537.36 (KHTML, like Gecko) Chrome/46.0.2490.86 Safari/537.36', '/jeesite/a/sys/user/index', 'GET', 'tabPageId=jerichotabiframe_1', '');
INSERT INTO `sys_log` VALUES ('0959723d57e24dd796ab25062e06a18f', '1', '--', 'a8b3597b9fd84408ba5380f3d2d1778c', '2015-12-02 21:12:40', '0:0:0:0:0:0:0:1', 'Mozilla/5.0 (Windows NT 10.0; WOW64) AppleWebKit/537.36 (KHTML, like Gecko) Chrome/46.0.2490.86 Safari/537.36', '/jeesite/a/sys/user/info', 'GET', 'tabPageId=jerichotabiframe_0', '');
INSERT INTO `sys_log` VALUES ('09694b4876e34b3db22974d56776e620', '1', '--', '1', '2015-12-02 20:29:33', '0:0:0:0:0:0:0:1', 'Mozilla/5.0 (Windows NT 10.0; WOW64) AppleWebKit/537.36 (KHTML, like Gecko) Chrome/46.0.2490.86 Safari/537.36', '/jeesite/a/sys/user/index', 'GET', 'tabPageId=jerichotabiframe_20', '');
INSERT INTO `sys_log` VALUES ('0a62d83ad70b46d582c89be3faa9dfb9', '1', '---', 'a8b3597b9fd84408ba5380f3d2d1778c', '2015-12-02 21:12:45', '0:0:0:0:0:0:0:1', 'Mozilla/5.0 (Windows NT 10.0; WOW64) AppleWebKit/537.36 (KHTML, like Gecko) Chrome/46.0.2490.86 Safari/537.36', '/jeesite/a/sys/user/list', 'GET', '', '');
INSERT INTO `sys_log` VALUES ('0a9b080a94e34ce19a98306734287e7d', '1', '--', '1', '2015-12-03 07:36:33', '0:0:0:0:0:0:0:1', 'Mozilla/5.0 (Windows NT 10.0; WOW64) AppleWebKit/537.36 (KHTML, like Gecko) Chrome/46.0.2490.86 Safari/537.36', '/jeesite/a/sys/menu/', 'GET', 'tabPageId=jerichotabiframe_3', '');
INSERT INTO `sys_log` VALUES ('0b0a6e8d96e04f238af8ddcdf04a0476', '1', '--', '1', '2015-12-03 07:30:27', '0:0:0:0:0:0:0:1', 'Mozilla/5.0 (Windows NT 10.0; WOW64) AppleWebKit/537.36 (KHTML, like Gecko) Chrome/46.0.2490.86 Safari/537.36', '/jeesite/a/sys/user/index', 'GET', 'tabPageId=jerichotabiframe_2', '');
INSERT INTO `sys_log` VALUES ('0b559b9ded184502822651c30ce9250d', '1', '--', '1', '2015-12-03 07:08:37', '0:0:0:0:0:0:0:1', 'Mozilla/5.0 (Windows NT 10.0; WOW64) AppleWebKit/537.36 (KHTML, like Gecko) Chrome/46.0.2490.86 Safari/537.36', '/jeesite/a/sys/menu/', 'GET', '', '');
INSERT INTO `sys_log` VALUES ('0b79c483580545c696e4dbc9a1540a29', '1', '---', 'a8b3597b9fd84408ba5380f3d2d1778c', '2015-12-02 21:18:06', '0:0:0:0:0:0:0:1', 'Mozilla/5.0 (Windows NT 10.0; WOW64) AppleWebKit/537.36 (KHTML, like Gecko) Chrome/46.0.2490.86 Safari/537.36', '/jeesite/a/sys/user/delete', 'GET', 'id=9', '');
INSERT INTO `sys_log` VALUES ('0bf411d3dcc144bb8a432605237de402', '1', '---', '1', '2015-12-03 06:59:18', '0:0:0:0:0:0:0:1', 'Mozilla/5.0 (Windows NT 10.0; WOW64) AppleWebKit/537.36 (KHTML, like Gecko) Chrome/46.0.2490.86 Safari/537.36', '/jeesite/a/sys/menu/form', 'GET', '', '');
INSERT INTO `sys_log` VALUES ('0cb018e9713a4474a99e6c3be14e3d4e', '1', '--', '87060c4c39be40d5bc9ce07afe705be6', '2015-12-03 07:37:46', '0:0:0:0:0:0:0:1', 'Mozilla/5.0 (Windows NT 10.0; WOW64) AppleWebKit/537.36 (KHTML, like Gecko) Chrome/46.0.2490.86 Safari/537.36', '/jeesite/a/sys/office/', 'GET', 'tabPageId=jerichotabiframe_2', '');
INSERT INTO `sys_log` VALUES ('0d3d55b25e2e4e1188737a0128b6f4aa', '1', '--', '1', '2015-12-03 07:28:49', '0:0:0:0:0:0:0:1', 'Mozilla/5.0 (Windows NT 10.0; WOW64) AppleWebKit/537.36 (KHTML, like Gecko) Chrome/46.0.2490.86 Safari/537.36', '/jeesite/a/sys/sysDatesorces/', 'GET', 'tabPageId=jerichotabiframe_2', '');
INSERT INTO `sys_log` VALUES ('0d6255308a45453f8ae6e3cf48003ee9', '2', '', '1', '2015-12-02 23:16:04', '0:0:0:0:0:0:0:1', 'Mozilla/5.0 (Windows NT 10.0; WOW64) AppleWebKit/537.36 (KHTML, like Gecko) Chrome/46.0.2490.86 Safari/537.36', '/jeesite/a', 'GET', 'login=', 'org.apache.jasper.JasperException: /WEB-INF/views/modules/sys/sysIndex.jsp (line: 2, column: 0) The absolute uri: http://java.sun.com/jsp/jstl/core cannot be resolved in either web.xml or the jar files deployed with this application\r\n	at org.apache.jasper.compiler.DefaultErrorHandler.jspError(DefaultErrorHandler.java:41)\r\n	at org.apache.jasper.compiler.ErrorDispatcher.dispatch(ErrorDispatcher.java:275)\r\n	at org.apache.jasper.compiler.ErrorDispatcher.jspError(ErrorDispatcher.java:91)\r\n	at org.apache.jasper.compiler.Parser.processIncludeDirective(Parser.java:335)\r\n	at org.apache.jasper.compiler.Parser.parseIncludeDirective(Parser.java:368)\r\n	at org.apache.jasper.compiler.Parser.parseDirective(Parser.java:471)\r\n	at org.apache.jasper.compiler.Parser.parseElements(Parser.java:1435)\r\n	at org.apache.jasper.compiler.Parser.parse(Parser.java:139)\r\n	at org.apache.jasper.compiler.ParserController.doParse(ParserController.java:227)\r\n	at org.apache.jasper.compiler.ParserController.parse(ParserController.java:100)\r\n	at org.apache.jasper.compiler.Compiler.generateJava(Compiler.java:199)\r\n	at org.apache.jasper.compiler.Compiler.compile(Compiler.java:356)\r\n	at org.apache.jasper.compiler.Compiler.compile(Compiler.java:336)\r\n	at org.apache.jasper.compiler.Compiler.compile(Compiler.java:323)\r\n	at org.apache.jasper.JspCompilationContext.compile(JspCompilationContext.java:585)\r\n	at org.apache.jasper.servlet.JspServletWrapper.service(JspServletWrapper.java:363)\r\n	at org.apache.jasper.servlet.JspServlet.serviceJspFile(JspServlet.java:396)\r\n	at org.apache.jasper.servlet.JspServlet.service(JspServlet.java:340)\r\n	at javax.servlet.http.HttpServlet.service(HttpServlet.java:729)\r\n	at org.apache.catalina.core.ApplicationFilterChain.internalDoFilter(ApplicationFilterChain.java:291)\r\n	at org.apache.catalina.core.ApplicationFilterChain.doFilter(ApplicationFilterChain.java:206)\r\n	at org.apache.tomcat.websocket.server.WsFilter.doFilter(WsFilter.java:52)\r\n	at org.apache.catalina.core.ApplicationFilterChain.internalDoFilter(ApplicationFilterChain.java:239)\r\n	at org.apache.catalina.core.ApplicationFilterChain.doFilter(ApplicationFilterChain.java:206)\r\n	at org.apache.catalina.core.ApplicationDispatcher.invoke(ApplicationDispatcher.java:719)\r\n	at org.apache.catalina.core.ApplicationDispatcher.processRequest(ApplicationDispatcher.java:465)\r\n	at org.apache.catalina.core.ApplicationDispatcher.doForward(ApplicationDispatcher.java:390)\r\n	at org.apache.catalina.core.ApplicationDispatcher.forward(ApplicationDispatcher.java:317)\r\n	at org.springframework.web.servlet.view.InternalResourceView.renderMergedOutputModel(InternalResourceView.java:209)\r\n	at org.springframework.web.servlet.view.AbstractView.render(AbstractView.java:267)\r\n	at org.springframework.web.servlet.DispatcherServlet.render(DispatcherServlet.java:1221)\r\n	at org.springframework.web.servlet.DispatcherServlet.processDispatchResult(DispatcherServlet.java:1005)\r\n	at org.springframework.web.servlet.DispatcherServlet.doDispatch(DispatcherServlet.java:952)\r\n	at org.springframework.web.servlet.DispatcherServlet.doService(DispatcherServlet.java:870)\r\n	at org.springframework.web.servlet.FrameworkServlet.processRequest(FrameworkServlet.java:961)\r\n	at org.springframework.web.servlet.FrameworkServlet.doGet(FrameworkServlet.java:852)\r\n	at javax.servlet.http.HttpServlet.service(HttpServlet.java:622)\r\n	at org.springframework.web.servlet.FrameworkServlet.service(FrameworkServlet.java:837)\r\n	at javax.servlet.http.HttpServlet.service(HttpServlet.java:729)\r\n	at org.apache.catalina.core.ApplicationFilterChain.internalDoFilter(ApplicationFilterChain.java:291)\r\n	at org.apache.catalina.core.ApplicationFilterChain.doFilter(ApplicationFilterChain.java:206)\r\n	at org.apache.tomcat.websocket.server.WsFilter.doFilter(WsFilter.java:52)\r\n	at org.apache.catalina.core.ApplicationFilterChain.internalDoFilter(ApplicationFilterChain.java:239)\r\n	at org.apache.catalina.core.ApplicationFilterChain.doFilter(ApplicationFilterChain.java:206)\r\n	at com.opensymphony.sitemesh.webapp.SiteMeshFilter.obtainContent(SiteMeshFilter.java:129)\r\n	at com.opensymphony.sitemesh.webapp.SiteMeshFilter.doFilter(SiteMeshFilter.java:77)\r\n	at org.apache.catalina.core.ApplicationFilterChain.internalDoFilter(ApplicationFilterChain.java:239)\r\n	at org.apache.catalina.core.ApplicationFilterChain.doFilter(ApplicationFilterChain.java:206)\r\n	at org.apache.shiro.web.servlet.ProxiedFilterChain.doFilter(ProxiedFilterChain.java:61)\r\n	at org.apache.shiro.web.servlet.AdviceFilter.executeChain(AdviceFilter.java:108)\r\n	at org.apache.shiro.web.servlet.AdviceFilter.doFilterInternal(AdviceFilter.java:137)\r\n	at org.apache.shiro.web.servlet.OncePerRequestFilter.doFilter(OncePerRequestFilter.java:125)\r\n	at org.apache.shiro.web.servlet.ProxiedFilterChain.doFilter(ProxiedFilterChain.java:66)\r\n	at org.apache.shiro.web.servlet.AbstractShiroFilter.executeChain(AbstractShiroFilter.java:449)\r\n	at org.apache.shiro.web.servlet.AbstractShiroFilter$1.call(AbstractShiroFilter.java:365)\r\n	at org.apache.shiro.subject.support.SubjectCallable.doCall(SubjectCallable.java:90)\r\n	at org.apache.shiro.subject.support.SubjectCallable.call(SubjectCallable.java:83)\r\n	at org.apache.shiro.subject.support.DelegatingSubject.execute(DelegatingSubject.java:383)\r\n	at org.apache.shiro.web.servlet.AbstractShiroFilter.doFilterInternal(AbstractShiroFilter.java:362)\r\n	at org.apache.shiro.web.servlet.OncePerRequestFilter.doFilter(OncePerRequestFilter.java:125)\r\n	at org.springframework.web.filter.DelegatingFilterProxy.invokeDelegate(DelegatingFilterProxy.java:344)\r\n	at org.springframework.web.filter.DelegatingFilterProxy.doFilter(DelegatingFilterProxy.java:261)\r\n	at org.apache.catalina.core.ApplicationFilterChain.internalDoFilter(ApplicationFilterChain.java:239)\r\n	at org.apache.catalina.core.ApplicationFilterChain.doFilter(ApplicationFilterChain.java:206)\r\n	at org.springframework.web.filter.CharacterEncodingFilter.doFilterInternal(CharacterEncodingFilter.java:88)\r\n	at org.springframework.web.filter.OncePerRequestFilter.doFilter(OncePerRequestFilter.java:107)\r\n	at org.apache.catalina.core.ApplicationFilterChain.internalDoFilter(ApplicationFilterChain.java:239)\r\n	at org.apache.catalina.core.ApplicationFilterChain.doFilter(ApplicationFilterChain.java:206)\r\n	at org.apache.catalina.core.StandardWrapperValve.invoke(StandardWrapperValve.java:212)\r\n	at org.apache.catalina.core.StandardContextValve.invoke(StandardContextValve.java:106)\r\n	at org.apache.catalina.authenticator.AuthenticatorBase.invoke(AuthenticatorBase.java:502)\r\n	at org.apache.catalina.core.StandardHostValve.invoke(StandardHostValve.java:141)\r\n	at org.apache.catalina.valves.ErrorReportValve.invoke(ErrorReportValve.java:79)\r\n	at org.apache.catalina.valves.AbstractAccessLogValve.invoke(AbstractAccessLogValve.java:616)\r\n	at org.apache.catalina.core.StandardEngineValve.invoke(StandardEngineValve.java:88)\r\n	at org.apache.catalina.connector.CoyoteAdapter.service(CoyoteAdapter.java:518)\r\n	at org.apache.coyote.http11.AbstractHttp11Processor.process(AbstractHttp11Processor.java:1096)\r\n	at org.apache.coyote.AbstractProtocol$AbstractConnectionHandler.process(AbstractProtocol.java:674)\r\n	at org.apache.tomcat.util.net.NioEndpoint$SocketProcessor.doRun(NioEndpoint.java:1500)\r\n	at org.apache.tomcat.util.net.NioEndpoint$SocketProcessor.run(NioEndpoint.java:1456)\r\n	at java.util.concurrent.ThreadPoolExecutor.runWorker(ThreadPoolExecutor.java:1142)\r\n	at java.util.concurrent.ThreadPoolExecutor$Worker.run(ThreadPoolExecutor.java:617)\r\n	at org.apache.tomcat.util.threads.TaskThread$WrappingRunnable.run(TaskThread.java:61)\r\n	at java.lang.Thread.run(Thread.java:745)\r\n');
INSERT INTO `sys_log` VALUES ('0dc6f57d1c3d41c4ade31b8090bd5190', '1', '---', '1', '2015-12-03 07:14:34', '0:0:0:0:0:0:0:1', 'Mozilla/5.0 (Windows NT 10.0; WOW64) AppleWebKit/537.36 (KHTML, like Gecko) Chrome/46.0.2490.86 Safari/537.36', '/jeesite/a/sys/user/list', 'GET', '', '');
INSERT INTO `sys_log` VALUES ('0e3dfb8849a84f38b64173fdb1c611f7', '1', '--', '1', '2015-12-02 20:32:35', '0:0:0:0:0:0:0:1', 'Mozilla/5.0 (Windows NT 10.0; WOW64) AppleWebKit/537.36 (KHTML, like Gecko) Chrome/46.0.2490.86 Safari/537.36', '/jeesite/a/sys/area/', 'GET', 'tabPageId=jerichotabiframe_25', '');
INSERT INTO `sys_log` VALUES ('0f7df373cae04a50b773e48385f92b65', '1', '--', '1', '2015-12-02 20:12:46', '0:0:0:0:0:0:0:1', 'Mozilla/5.0 (Windows NT 10.0; WOW64) AppleWebKit/537.36 (KHTML, like Gecko) Chrome/46.0.2490.86 Safari/537.36', '/jeesite/a/act/process', 'GET', 'tabPageId=jerichotabiframe_5', '');
INSERT INTO `sys_log` VALUES ('0ff1512ebf514989bcf48efde04fd53b', '1', '---', '87060c4c39be40d5bc9ce07afe705be6', '2015-12-03 07:38:48', '0:0:0:0:0:0:0:1', 'Mozilla/5.0 (Windows NT 10.0; WOW64) AppleWebKit/537.36 (KHTML, like Gecko) Chrome/46.0.2490.86 Safari/537.36', '/jeesite/a/sys/office/list', 'GET', 'id=5392344d45ea4e9ba473919e7bba2fe8&parentIds=0,b5e6470db07445b08e5b792fdfa18bfe,5392344d45ea4e9ba473919e7bba2fe8,', '');
INSERT INTO `sys_log` VALUES ('0ffb2a2498cf4a5d91fde863a2753b99', '1', '', '1', '2015-12-02 21:09:33', '0:0:0:0:0:0:0:1', 'Mozilla/5.0 (Windows NT 10.0; WOW64) AppleWebKit/537.36 (KHTML, like Gecko) Chrome/46.0.2490.86 Safari/537.36', '/jeesite/a/sys/office/treeData', 'GET', '', '');
INSERT INTO `sys_log` VALUES ('10f5fd6a9a3c4f9f9af10bf3c3b7908d', '1', '---', '1', '2015-12-02 21:24:14', '0:0:0:0:0:0:0:1', 'Mozilla/5.0 (Windows NT 10.0; WOW64) AppleWebKit/537.36 (KHTML, like Gecko) Chrome/46.0.2490.86 Safari/537.36', '/jeesite/a/sys/office/list', 'GET', 'id=b5e6470db07445b08e5b792fdfa18bfe&parentIds=0,b5e6470db07445b08e5b792fdfa18bfe,', '');
INSERT INTO `sys_log` VALUES ('11f7398efcb241bcaeed3a82dfbbe785', '1', '--', '1', '2015-12-02 23:02:14', '0:0:0:0:0:0:0:1', 'Mozilla/5.0 (Windows NT 10.0; WOW64) AppleWebKit/537.36 (KHTML, like Gecko) Chrome/46.0.2490.86 Safari/537.36', '/jeesite/a/sys/dict/', 'GET', 'tabPageId=jerichotabiframe_7', '');
INSERT INTO `sys_log` VALUES ('122d7d0e40ef49a88e4f317f32811a58', '1', '--', '1', '2015-12-02 23:04:30', '0:0:0:0:0:0:0:1', 'Mozilla/5.0 (Windows NT 10.0; WOW64) AppleWebKit/537.36 (KHTML, like Gecko) Chrome/46.0.2490.86 Safari/537.36', '/jeesite/a/gen/genScheme', 'GET', 'tabPageId=jerichotabiframe_9', '');
INSERT INTO `sys_log` VALUES ('12cc57398fcc474c9b5ac7afa78b22f7', '1', '--', '1', '2015-12-03 06:54:17', '0:0:0:0:0:0:0:1', 'Mozilla/5.0 (Windows NT 10.0; WOW64) AppleWebKit/537.36 (KHTML, like Gecko) Chrome/46.0.2490.86 Safari/537.36', '/jeesite/a/test/testTree', 'GET', 'tabPageId=jerichotabiframe_5', '');
INSERT INTO `sys_log` VALUES ('137727e9ce274277b33eb3e519cb557a', '1', '---', '1', '2015-12-03 07:35:36', '0:0:0:0:0:0:0:1', 'Mozilla/5.0 (Windows NT 10.0; WOW64) AppleWebKit/537.36 (KHTML, like Gecko) Chrome/46.0.2490.86 Safari/537.36', '/jeesite/a/sys/menu/form', 'GET', 'id=56daa185c1b849909b9afbf42ee8e835', '');
INSERT INTO `sys_log` VALUES ('13915d05040c46c3b9cad5b9ae06a386', '1', '--', '1', '2015-12-02 21:33:13', '0:0:0:0:0:0:0:1', 'Mozilla/5.0 (Windows NT 10.0; WOW64) AppleWebKit/537.36 (KHTML, like Gecko) Chrome/46.0.2490.86 Safari/537.36', '/jeesite/a/sys/user/info', 'GET', '', '');
INSERT INTO `sys_log` VALUES ('13948fd136584e0ca369e5a197e6e483', '1', '--', '1', '2015-12-02 21:41:59', '0:0:0:0:0:0:0:1', 'Mozilla/5.0 (Windows NT 10.0; WOW64) AppleWebKit/537.36 (KHTML, like Gecko) Chrome/46.0.2490.86 Safari/537.36', '/jeesite/a/sys/menu/', 'GET', '', '');
INSERT INTO `sys_log` VALUES ('13a59ba55c8342469a2476dc88e66e1e', '1', '--', '1', '2015-12-03 07:14:33', '0:0:0:0:0:0:0:1', 'Mozilla/5.0 (Windows NT 10.0; WOW64) AppleWebKit/537.36 (KHTML, like Gecko) Chrome/46.0.2490.86 Safari/537.36', '/jeesite/a/sys/user/index', 'GET', 'tabPageId=jerichotabiframe_1', '');
INSERT INTO `sys_log` VALUES ('14bf7ba5b55e4903aa4db301a5fc33c0', '1', '---', '1', '2015-12-02 21:23:43', '0:0:0:0:0:0:0:1', 'Mozilla/5.0 (Windows NT 10.0; WOW64) AppleWebKit/537.36 (KHTML, like Gecko) Chrome/46.0.2490.86 Safari/537.36', '/jeesite/a/sys/user/list', 'POST', 'pageNo=1&pageSize=30&orderBy=&company.id=b5e6470db07445b08e5b792fdfa18bfe&company.name=&loginName=&office.id=5392344d45ea4e9ba473919e7bba2fe8&office.name=&name=', '');
INSERT INTO `sys_log` VALUES ('153461cabcfd4e67bd5a76124568543a', '1', '---', '1', '2015-12-02 20:30:54', '0:0:0:0:0:0:0:1', 'Mozilla/5.0 (Windows NT 10.0; WOW64) AppleWebKit/537.36 (KHTML, like Gecko) Chrome/46.0.2490.86 Safari/537.36', '/jeesite/a/sys/dict/form', 'GET', 'sort=10', '');
INSERT INTO `sys_log` VALUES ('1550ab809bdb47b292938672970b9854', '1', '--', '1', '2015-12-02 21:31:34', '0:0:0:0:0:0:0:1', 'Mozilla/5.0 (Windows NT 10.0; WOW64; Trident/7.0; rv:11.0) like Gecko', '/jeesite/a/sys/user/info', 'GET', 'tabPageId=jerichotabiframe_0', '');
INSERT INTO `sys_log` VALUES ('164ad49c6f09402ca069aca246b04d58', '1', '--', '1', '2015-12-02 21:22:00', '0:0:0:0:0:0:0:1', 'Mozilla/5.0 (Windows NT 10.0; WOW64) AppleWebKit/537.36 (KHTML, like Gecko) Chrome/46.0.2490.86 Safari/537.36', '/jeesite/a/sys/office/', 'GET', 'tabPageId=jerichotabiframe_5', '');
INSERT INTO `sys_log` VALUES ('16565f33828f47d29f150003afa5d695', '1', '--', '1', '2015-12-02 21:33:13', '0:0:0:0:0:0:0:1', 'Mozilla/5.0 (Windows NT 10.0; WOW64) AppleWebKit/537.36 (KHTML, like Gecko) Chrome/46.0.2490.86 Safari/537.36', '/jeesite/a/sys/user/index', 'GET', 'tabPageId=jerichotabiframe_6', '');
INSERT INTO `sys_log` VALUES ('168f118034b64276846831c3439d4210', '1', '---', '1', '2015-12-02 21:27:07', '0:0:0:0:0:0:0:1', 'Mozilla/5.0 (Windows NT 10.0; WOW64) AppleWebKit/537.36 (KHTML, like Gecko) Chrome/46.0.2490.86 Safari/537.36', '/jeesite/a/sys/role/save', 'POST', 'id=&office.id=5392344d45ea4e9ba473919e7bba2fe8&office.name=&oldName=&name=&oldEnname=&enname=zhibo&roleType=security-role&sysData=1&useable=1&dataScope=2&menuIds=1,27,28,29,30,71,56,57,58,59,2,13,20,21,22,17,18,19,14,15,16,3,4,5,7,8,9,10,11,67,68,84&officeIds=&remarks=', '');
INSERT INTO `sys_log` VALUES ('169a14060139487cb0569c4d67e98508', '1', '--', '1', '2015-12-03 07:37:23', '0:0:0:0:0:0:0:1', 'Mozilla/5.0 (Windows NT 10.0; WOW64) AppleWebKit/537.36 (KHTML, like Gecko) Chrome/46.0.2490.86 Safari/537.36', '/jeesite/a/sys/role/', 'GET', 'repage=', '');
INSERT INTO `sys_log` VALUES ('175a9d70b6824d2f920e5448b9e2dbe9', '1', '--', 'a8b3597b9fd84408ba5380f3d2d1778c', '2015-12-02 21:18:36', '0:0:0:0:0:0:0:1', 'Mozilla/5.0 (Windows NT 10.0; WOW64) AppleWebKit/537.36 (KHTML, like Gecko) Chrome/46.0.2490.86 Safari/537.36', '/jeesite/a/sys/role/', 'GET', 'tabPageId=jerichotabiframe_35', '');
INSERT INTO `sys_log` VALUES ('177b8df4d93840398cd1ff0218bad525', '1', '-', 'a8b3597b9fd84408ba5380f3d2d1778c', '2015-12-02 21:12:59', '0:0:0:0:0:0:0:1', 'Mozilla/5.0 (Windows NT 10.0; WOW64) AppleWebKit/537.36 (KHTML, like Gecko) Chrome/46.0.2490.86 Safari/537.36', '/jeesite/a/cms/none', 'GET', '', '');
INSERT INTO `sys_log` VALUES ('18fa8b939d97437fab872383256502e1', '1', '--', 'a8b3597b9fd84408ba5380f3d2d1778c', '2015-12-02 21:12:45', '0:0:0:0:0:0:0:1', 'Mozilla/5.0 (Windows NT 10.0; WOW64) AppleWebKit/537.36 (KHTML, like Gecko) Chrome/46.0.2490.86 Safari/537.36', '/jeesite/a/sys/user/index', 'GET', 'tabPageId=jerichotabiframe_3', '');
INSERT INTO `sys_log` VALUES ('19114114e70d446290fe3095fa0277e2', '1', '---', '1', '2015-12-02 21:32:11', '0:0:0:0:0:0:0:1', 'Mozilla/5.0 (Windows NT 10.0; WOW64; Trident/7.0; rv:11.0) like Gecko', '/jeesite/a/cms/article/', 'GET', 'category.id=14', '');
INSERT INTO `sys_log` VALUES ('1a3718a4bac94e92bd5496ca078ba803', '1', '---', '1', '2015-12-02 20:15:24', '0:0:0:0:0:0:0:1', 'Mozilla/5.0 (Windows NT 10.0; WOW64) AppleWebKit/537.36 (KHTML, like Gecko) Chrome/46.0.2490.86 Safari/537.36', '/jeesite/a/sys/dict/form', 'GET', 'id=69', '');
INSERT INTO `sys_log` VALUES ('1b1c663b99d445c9b7857890b44b5dc5', '1', '--', '1', '2015-12-03 07:37:09', '0:0:0:0:0:0:0:1', 'Mozilla/5.0 (Windows NT 10.0; WOW64) AppleWebKit/537.36 (KHTML, like Gecko) Chrome/46.0.2490.86 Safari/537.36', '/jeesite/a/sys/role/', 'GET', '', '');
INSERT INTO `sys_log` VALUES ('1b42c578991846889178b1c0cd36fb12', '1', '---', '1', '2015-12-03 07:31:35', '0:0:0:0:0:0:0:1', 'Mozilla/5.0 (Windows NT 10.0; WOW64) AppleWebKit/537.36 (KHTML, like Gecko) Chrome/46.0.2490.86 Safari/537.36', '/jeesite/a/sys/sysDatesorces/form', 'GET', '', '');
INSERT INTO `sys_log` VALUES ('1c41a9eab5924cc48a6680a7acee2db6', '1', '', '1', '2015-12-02 21:31:33', '0:0:0:0:0:0:0:1', 'Mozilla/5.0 (Windows NT 10.0; WOW64; Trident/7.0; rv:11.0) like Gecko', '/jeesite/a', 'GET', 'login=', '');
INSERT INTO `sys_log` VALUES ('1c709aec44a84ba39326495556559b1f', '1', '--', '1', '2015-12-03 07:15:40', '0:0:0:0:0:0:0:1', 'Mozilla/5.0 (Windows NT 10.0; WOW64) AppleWebKit/537.36 (KHTML, like Gecko) Chrome/46.0.2490.86 Safari/537.36', '/jeesite/a/gen/genTable', 'GET', 'tabPageId=jerichotabiframe_1', '');
INSERT INTO `sys_log` VALUES ('1ca2a3b4bf8a47d6ac18acecf4b3c93a', '1', '', '1', '2015-12-02 20:12:23', '0:0:0:0:0:0:0:1', 'Mozilla/5.0 (Windows NT 10.0; WOW64) AppleWebKit/537.36 (KHTML, like Gecko) Chrome/46.0.2490.86 Safari/537.36', '/jeesite/a', 'GET', 'login=', '');
INSERT INTO `sys_log` VALUES ('1cb591fb755b457e9a5c7831ef6738f4', '1', '---', '1', '2015-12-02 21:23:49', '0:0:0:0:0:0:0:1', 'Mozilla/5.0 (Windows NT 10.0; WOW64) AppleWebKit/537.36 (KHTML, like Gecko) Chrome/46.0.2490.86 Safari/537.36', '/jeesite/a/sys/office/form', 'GET', 'id=5392344d45ea4e9ba473919e7bba2fe8', '');
INSERT INTO `sys_log` VALUES ('1d094d96a9c84ae3a81fbce09c90bc53', '1', '---', '1', '2015-12-03 07:08:04', '0:0:0:0:0:0:0:1', 'Mozilla/5.0 (Windows NT 10.0; WOW64) AppleWebKit/537.36 (KHTML, like Gecko) Chrome/46.0.2490.86 Safari/537.36', '/jeesite/a/sys/menu/form', 'GET', '', '');
INSERT INTO `sys_log` VALUES ('1d4a755ff6874cf8a3178472cc34e43e', '1', '---', '1', '2015-12-02 23:02:25', '0:0:0:0:0:0:0:1', 'Mozilla/5.0 (Windows NT 10.0; WOW64) AppleWebKit/537.36 (KHTML, like Gecko) Chrome/46.0.2490.86 Safari/537.36', '/jeesite/a/sys/dict/form', 'GET', 'sort=10', '');
INSERT INTO `sys_log` VALUES ('1d62b796c91845af9bc6a1d8cdcbdeb6', '1', '-', '1', '2015-12-02 21:31:45', '0:0:0:0:0:0:0:1', 'Mozilla/5.0 (Windows NT 10.0; WOW64; Trident/7.0; rv:11.0) like Gecko', '/jeesite/a/cms/tree', 'GET', '', '');
INSERT INTO `sys_log` VALUES ('1da425c0ac394b8290969cb9547e1fa9', '1', '--', '1', '2015-12-02 20:17:27', '0:0:0:0:0:0:0:1', 'Mozilla/5.0 (Windows NT 10.0; WOW64) AppleWebKit/537.36 (KHTML, like Gecko) Chrome/46.0.2490.86 Safari/537.36', '/jeesite/a/sys/dict/', 'POST', 'pageNo=1&pageSize=30&type=act_category&description=', '');
INSERT INTO `sys_log` VALUES ('1ee3d23f4e5d455ba1723ee866ba4be2', '1', '---', 'a8b3597b9fd84408ba5380f3d2d1778c', '2015-12-02 21:18:09', '0:0:0:0:0:0:0:1', 'Mozilla/5.0 (Windows NT 10.0; WOW64) AppleWebKit/537.36 (KHTML, like Gecko) Chrome/46.0.2490.86 Safari/537.36', '/jeesite/a/sys/user/list', 'GET', 'repage=', '');
INSERT INTO `sys_log` VALUES ('1fcd95468e584949a792ebc4138a073e', '1', '---', '1', '2015-12-03 07:39:54', '0:0:0:0:0:0:0:1', 'Mozilla/5.0 (Windows NT 10.0; WOW64) AppleWebKit/537.36 (KHTML, like Gecko) Chrome/46.0.2490.86 Safari/537.36', '/jeesite/a/sys/user/list', 'GET', '', '');
INSERT INTO `sys_log` VALUES ('1ff31330266a47dcb95b65a94543788b', '1', '--', '1', '2015-12-03 07:39:56', '0:0:0:0:0:0:0:1', 'Mozilla/5.0 (Windows NT 10.0; WOW64) AppleWebKit/537.36 (KHTML, like Gecko) Chrome/46.0.2490.86 Safari/537.36', '/jeesite/a/sys/area/', 'GET', 'tabPageId=jerichotabiframe_3', '');
INSERT INTO `sys_log` VALUES ('2061b1621301422eb4204ad02e623d6c', '1', '---', '1', '2015-12-02 20:31:58', '0:0:0:0:0:0:0:1', 'Mozilla/5.0 (Windows NT 10.0; WOW64) AppleWebKit/537.36 (KHTML, like Gecko) Chrome/46.0.2490.86 Safari/537.36', '/jeesite/a/sys/dict/form', 'GET', 'sort=10', '');
INSERT INTO `sys_log` VALUES ('20934d9902144429807442b4e5cd4c7d', '1', '---', 'a8b3597b9fd84408ba5380f3d2d1778c', '2015-12-02 21:13:01', '0:0:0:0:0:0:0:1', 'Mozilla/5.0 (Windows NT 10.0; WOW64) AppleWebKit/537.36 (KHTML, like Gecko) Chrome/46.0.2490.86 Safari/537.36', '/jeesite/a/cms/article/', 'GET', 'category.id=4', '');
INSERT INTO `sys_log` VALUES ('20ea23f9d42e4684b8f7908395c1ba14', '1', '--', '1', '2015-12-02 20:13:14', '0:0:0:0:0:0:0:1', 'Mozilla/5.0 (Windows NT 10.0; WOW64) AppleWebKit/537.36 (KHTML, like Gecko) Chrome/46.0.2490.86 Safari/537.36', '/jeesite/a/act/model', 'GET', 'tabPageId=jerichotabiframe_6', '');
INSERT INTO `sys_log` VALUES ('21124c0d5e9043ecaa62e81c6af01477', '1', '--', '1', '2015-12-02 21:36:50', '0:0:0:0:0:0:0:1', 'Mozilla/5.0 (Windows NT 10.0; WOW64) AppleWebKit/537.36 (KHTML, like Gecko) Chrome/46.0.2490.86 Safari/537.36', '/jeesite/a/sys/menu/', 'GET', '', '');
INSERT INTO `sys_log` VALUES ('2131738c7871458894e5cb88111895c3', '1', '--', '1', '2015-12-02 22:53:45', '0:0:0:0:0:0:0:1', 'Mozilla/5.0 (Windows NT 10.0; WOW64) AppleWebKit/537.36 (KHTML, like Gecko) Chrome/46.0.2490.86 Safari/537.36', '/jeesite/a/gen/genScheme', 'GET', 'tabPageId=jerichotabiframe_2', '');
INSERT INTO `sys_log` VALUES ('21364286e9a44a33bafb982cacf3d2f8', '1', '--', '1', '2015-12-02 20:33:58', '0:0:0:0:0:0:0:1', 'Mozilla/5.0 (Windows NT 10.0; WOW64) AppleWebKit/537.36 (KHTML, like Gecko) Chrome/46.0.2490.86 Safari/537.36', '/jeesite/a/sys/area/', 'GET', '', '');
INSERT INTO `sys_log` VALUES ('21e89207f61a47b795c0cd1af58fd9f0', '1', '---', 'a8b3597b9fd84408ba5380f3d2d1778c', '2015-12-02 21:13:48', '0:0:0:0:0:0:0:1', 'Mozilla/5.0 (Windows NT 10.0; WOW64) AppleWebKit/537.36 (KHTML, like Gecko) Chrome/46.0.2490.86 Safari/537.36', '/jeesite/a/sys/user/save', 'POST', 'id=&photo=&company.id=b5e6470db07445b08e5b792fdfa18bfe&company.name=&office.id=2089309f18aa432590c52d72702b684b&office.name=&no=02000002&name=ceshi&oldLoginName=&loginName=ceshi&newPassword=&confirmNewPassword=&email=&phone=&mobile=&loginFlag=1&userType=2&roleIdList=2&_roleIdList=on&remarks=', '');
INSERT INTO `sys_log` VALUES ('2271a4601db94607bf1dac11ed0f2e10', '1', '---', '1', '2015-12-03 07:13:50', '0:0:0:0:0:0:0:1', 'Mozilla/5.0 (Windows NT 10.0; WOW64) AppleWebKit/537.36 (KHTML, like Gecko) Chrome/46.0.2490.86 Safari/537.36', '/jeesite/a/sys/menu/save', 'POST', 'id=55776620e9a7459d91a74b84813fe5be&parent.id=3&parent.name=&name=&href=/sys/sysDatesorces/&target=&icon= icon-barcode&sort=5030&isShow=1&permission=&remarks=', '');
INSERT INTO `sys_log` VALUES ('2301c740cbb64f22a6253abd2b9456f4', '1', '--', '1', '2015-12-02 21:21:15', '0:0:0:0:0:0:0:1', 'Mozilla/5.0 (Windows NT 10.0; WOW64) AppleWebKit/537.36 (KHTML, like Gecko) Chrome/46.0.2490.86 Safari/537.36', '/jeesite/a/sys/role/', 'GET', 'repage=', '');
INSERT INTO `sys_log` VALUES ('2499d66b2e18446c95a5ce5dbb77c112', '1', '--', '1', '2015-12-02 20:16:37', '0:0:0:0:0:0:0:1', 'Mozilla/5.0 (Windows NT 10.0; WOW64) AppleWebKit/537.36 (KHTML, like Gecko) Chrome/46.0.2490.86 Safari/537.36', '/jeesite/a/sys/dict/', 'POST', 'pageNo=1&pageSize=30&type=act_type&description=', '');
INSERT INTO `sys_log` VALUES ('251c542b58094732938877da0d3eafd2', '1', '---', '1', '2015-12-03 07:16:15', '0:0:0:0:0:0:0:1', 'Mozilla/5.0 (Windows NT 10.0; WOW64) AppleWebKit/537.36 (KHTML, like Gecko) Chrome/46.0.2490.86 Safari/537.36', '/jeesite/a/sys/user/list', 'GET', '', '');
INSERT INTO `sys_log` VALUES ('2570bfa09fd74245ad913ff5b06242b0', '1', '--', '87060c4c39be40d5bc9ce07afe705be6', '2015-12-02 21:29:59', '0:0:0:0:0:0:0:1', 'Mozilla/5.0 (Windows NT 10.0; WOW64) AppleWebKit/537.36 (KHTML, like Gecko) Chrome/46.0.2490.86 Safari/537.36', '/jeesite/a/sys/log', 'GET', 'tabPageId=jerichotabiframe_3', '');
INSERT INTO `sys_log` VALUES ('258ee39e449e4e7fbb56deafb620039e', '1', '--', '1', '2015-12-02 21:33:14', '0:0:0:0:0:0:0:1', 'Mozilla/5.0 (Windows NT 10.0; WOW64; Trident/7.0; rv:11.0) like Gecko', '/jeesite/a/gen/genTable', 'GET', 'tabPageId=jerichotabiframe_8', '');
INSERT INTO `sys_log` VALUES ('25a82d82bfd8484a8d67f9c6501b273b', '1', '---', '1', '2015-12-02 21:27:44', '0:0:0:0:0:0:0:1', 'Mozilla/5.0 (Windows NT 10.0; WOW64) AppleWebKit/537.36 (KHTML, like Gecko) Chrome/46.0.2490.86 Safari/537.36', '/jeesite/a/sys/user/list', 'GET', 'office.id=5a61194f046443e7a4578b5286f0e1f9&office.name=', '');
INSERT INTO `sys_log` VALUES ('25a8d80d8e664341ab863ecbdf5105f4', '1', '--', '1', '2015-12-02 21:34:19', '0:0:0:0:0:0:0:1', 'Mozilla/5.0 (Windows NT 10.0; WOW64) AppleWebKit/537.36 (KHTML, like Gecko) Chrome/46.0.2490.86 Safari/537.36', '/jeesite/a/sys/user/index', 'GET', 'tabPageId=jerichotabiframe_1', '');
INSERT INTO `sys_log` VALUES ('26e1e05320e84bd8ae23428890426345', '1', '---', '1', '2015-12-02 20:33:16', '0:0:0:0:0:0:0:1', 'Mozilla/5.0 (Windows NT 10.0; WOW64) AppleWebKit/537.36 (KHTML, like Gecko) Chrome/46.0.2490.86 Safari/537.36', '/jeesite/a/sys/area/form', 'GET', '', '');
INSERT INTO `sys_log` VALUES ('26eaa2ecbb534dd68269de54830b59ba', '1', '---', '1', '2015-12-02 21:22:02', '0:0:0:0:0:0:0:1', 'Mozilla/5.0 (Windows NT 10.0; WOW64) AppleWebKit/537.36 (KHTML, like Gecko) Chrome/46.0.2490.86 Safari/537.36', '/jeesite/a/sys/office/list', 'GET', 'id=&parentIds=0,', '');
INSERT INTO `sys_log` VALUES ('26fc33ad5f554ffd8b5c259ce748809d', '1', '--', '1', '2015-12-02 20:33:13', '0:0:0:0:0:0:0:1', 'Mozilla/5.0 (Windows NT 10.0; WOW64) AppleWebKit/537.36 (KHTML, like Gecko) Chrome/46.0.2490.86 Safari/537.36', '/jeesite/a/sys/area/', 'GET', '', '');
INSERT INTO `sys_log` VALUES ('275db8cc67fd4a0089fac6d50d8262df', '1', '--', '1', '2015-12-02 21:27:19', '0:0:0:0:0:0:0:1', 'Mozilla/5.0 (Windows NT 10.0; WOW64) AppleWebKit/537.36 (KHTML, like Gecko) Chrome/46.0.2490.86 Safari/537.36', '/jeesite/a/sys/role/', 'GET', 'repage=', '');
INSERT INTO `sys_log` VALUES ('2784471e690d4b95983a7b769e5f1bde', '1', '--', '1', '2015-12-03 07:00:29', '0:0:0:0:0:0:0:1', 'Mozilla/5.0 (Windows NT 10.0; WOW64) AppleWebKit/537.36 (KHTML, like Gecko) Chrome/46.0.2490.86 Safari/537.36', '/jeesite/a/test/testDataMain', 'GET', 'tabPageId=jerichotabiframe_13', '');
INSERT INTO `sys_log` VALUES ('28d8a1d200304998ac74e79909762548', '1', '--', '1', '2015-12-02 20:15:05', '0:0:0:0:0:0:0:1', 'Mozilla/5.0 (Windows NT 10.0; WOW64) AppleWebKit/537.36 (KHTML, like Gecko) Chrome/46.0.2490.86 Safari/537.36', '/jeesite/a/sys/user/index', 'GET', 'tabPageId=jerichotabiframe_8', '');
INSERT INTO `sys_log` VALUES ('293b7c61b2d046058b76aa917b3e71b5', '1', '--', '1', '2015-12-02 20:30:15', '0:0:0:0:0:0:0:1', 'Mozilla/5.0 (Windows NT 10.0; WOW64) AppleWebKit/537.36 (KHTML, like Gecko) Chrome/46.0.2490.86 Safari/537.36', '/jeesite/a/sys/user/index', 'GET', 'tabPageId=jerichotabiframe_22', '');
INSERT INTO `sys_log` VALUES ('2aa5dbbe38ec4c04acef97f06ed9c8f0', '1', '--', '1', '2015-12-03 07:15:38', '0:0:0:0:0:0:0:1', 'Mozilla/5.0 (Windows NT 10.0; WOW64) AppleWebKit/537.36 (KHTML, like Gecko) Chrome/46.0.2490.86 Safari/537.36', '/jeesite/a/sys/user/info', 'GET', 'tabPageId=jerichotabiframe_0', '');
INSERT INTO `sys_log` VALUES ('2ae0ff387d47453184c647e1e64e82ea', '1', '--', '1', '2015-12-03 07:10:09', '0:0:0:0:0:0:0:1', 'Mozilla/5.0 (Windows NT 10.0; WOW64) AppleWebKit/537.36 (KHTML, like Gecko) Chrome/46.0.2490.86 Safari/537.36', '/jeesite/a/sys/menu/', 'GET', '', '');
INSERT INTO `sys_log` VALUES ('2c14f65ef12644a9b843a67f4ad21278', '1', '---', '1', '2015-12-03 07:28:58', '0:0:0:0:0:0:0:1', 'Mozilla/5.0 (Windows NT 10.0; WOW64) AppleWebKit/537.36 (KHTML, like Gecko) Chrome/46.0.2490.86 Safari/537.36', '/jeesite/a/sys/sysDatesorces/form', 'GET', '', '');
INSERT INTO `sys_log` VALUES ('2c7fd0f1c28a46fc94c629ed4e86136b', '1', '---', '1', '2015-12-02 21:36:41', '0:0:0:0:0:0:0:1', 'Mozilla/5.0 (Windows NT 10.0; WOW64) AppleWebKit/537.36 (KHTML, like Gecko) Chrome/46.0.2490.86 Safari/537.36', '/jeesite/a/sys/menu/form', 'GET', 'id=62', '');
INSERT INTO `sys_log` VALUES ('2ca78fe24296498f9045de0c0ebf141b', '1', '--', '1', '2015-12-02 20:15:28', '0:0:0:0:0:0:0:1', 'Mozilla/5.0 (Windows NT 10.0; WOW64) AppleWebKit/537.36 (KHTML, like Gecko) Chrome/46.0.2490.86 Safari/537.36', '/jeesite/a/sys/dict/', 'GET', 'repage=&type=act_type', '');
INSERT INTO `sys_log` VALUES ('2f822c5612974d61a9d90f47e533e1c5', '1', '---', 'a8b3597b9fd84408ba5380f3d2d1778c', '2015-12-02 21:19:01', '0:0:0:0:0:0:0:1', 'Mozilla/5.0 (Windows NT 10.0; WOW64) AppleWebKit/537.36 (KHTML, like Gecko) Chrome/46.0.2490.86 Safari/537.36', '/jeesite/a/sys/role/form', 'GET', 'id=3', '');
INSERT INTO `sys_log` VALUES ('2f9de479510043e4a4c86fc14f9614a1', '1', '---', '1', '2015-12-02 21:25:26', '0:0:0:0:0:0:0:1', 'Mozilla/5.0 (Windows NT 10.0; WOW64) AppleWebKit/537.36 (KHTML, like Gecko) Chrome/46.0.2490.86 Safari/537.36', '/jeesite/a/sys/office/list', 'GET', 'id=b5e6470db07445b08e5b792fdfa18bfe&parentIds=0,b5e6470db07445b08e5b792fdfa18bfe,', '');
INSERT INTO `sys_log` VALUES ('2fb20e16ba804091afe9c15d35dc84d9', '1', '---', '87060c4c39be40d5bc9ce07afe705be6', '2015-12-03 07:38:32', '0:0:0:0:0:0:0:1', 'Mozilla/5.0 (Windows NT 10.0; WOW64) AppleWebKit/537.36 (KHTML, like Gecko) Chrome/46.0.2490.86 Safari/537.36', '/jeesite/a/sys/office/list', 'GET', 'id=5392344d45ea4e9ba473919e7bba2fe8&parentIds=0,b5e6470db07445b08e5b792fdfa18bfe,5392344d45ea4e9ba473919e7bba2fe8,', '');
INSERT INTO `sys_log` VALUES ('2fe4485e40f1447386738ec6fd1f6d2f', '1', '--', '1', '2015-12-03 07:23:24', '0:0:0:0:0:0:0:1', 'Mozilla/5.0 (Windows NT 10.0; WOW64) AppleWebKit/537.36 (KHTML, like Gecko) Chrome/46.0.2490.86 Safari/537.36', '/jeesite/a/sys/sysDatesorces/', 'GET', 'tabPageId=jerichotabiframe_2', '');
INSERT INTO `sys_log` VALUES ('304b3b20c4ba422cb64f05bd8ebb0109', '1', '--', '1', '2015-12-02 21:20:20', '0:0:0:0:0:0:0:1', 'Mozilla/5.0 (Windows NT 10.0; WOW64) AppleWebKit/537.36 (KHTML, like Gecko) Chrome/46.0.2490.86 Safari/537.36', '/jeesite/a/sys/user/index', 'GET', 'tabPageId=jerichotabiframe_2', '');
INSERT INTO `sys_log` VALUES ('308209fcb915471a84f1538fee034348', '1', '--', '1', '2015-12-03 07:00:37', '0:0:0:0:0:0:0:1', 'Mozilla/5.0 (Windows NT 10.0; WOW64) AppleWebKit/537.36 (KHTML, like Gecko) Chrome/46.0.2490.86 Safari/537.36', '/jeesite/a/gen/genScheme', 'GET', 'tabPageId=jerichotabiframe_15', '');
INSERT INTO `sys_log` VALUES ('318ec2df23394fa39c64aa8dee394958', '1', '--', '1', '2015-12-03 07:40:10', '0:0:0:0:0:0:0:1', 'Mozilla/5.0 (Windows NT 10.0; WOW64) AppleWebKit/537.36 (KHTML, like Gecko) Chrome/46.0.2490.86 Safari/537.36', '/jeesite/a/sys/role/', 'GET', '', '');
INSERT INTO `sys_log` VALUES ('31b101f6f7424318b7fc9e4560e82d49', '1', '--', '1', '2015-12-02 21:20:19', '0:0:0:0:0:0:0:1', 'Mozilla/5.0 (Windows NT 10.0; WOW64) AppleWebKit/537.36 (KHTML, like Gecko) Chrome/46.0.2490.86 Safari/537.36', '/jeesite/a/sys/user/modifyPwd', 'GET', 'tabPageId=jerichotabiframe_1', '');
INSERT INTO `sys_log` VALUES ('323a31c3852344539587db6f471e30cf', '1', '--', '1', '2015-12-03 07:31:40', '0:0:0:0:0:0:0:1', 'Mozilla/5.0 (Windows NT 10.0; WOW64) AppleWebKit/537.36 (KHTML, like Gecko) Chrome/46.0.2490.86 Safari/537.36', '/jeesite/a/sys/sysDatesorces/', 'GET', '', '');
INSERT INTO `sys_log` VALUES ('327e7969054a4e41966c6c8d67f179a9', '1', '--', '1', '2015-12-02 21:09:35', '0:0:0:0:0:0:0:1', 'Mozilla/5.0 (Windows NT 10.0; WOW64) AppleWebKit/537.36 (KHTML, like Gecko) Chrome/46.0.2490.86 Safari/537.36', '/jeesite/a/sys/user/index', 'GET', 'tabPageId=jerichotabiframe_32', '');
INSERT INTO `sys_log` VALUES ('3285eea38d5f4c4f951bea50eb0b6959', '1', '---', 'a8b3597b9fd84408ba5380f3d2d1778c', '2015-12-02 21:18:38', '0:0:0:0:0:0:0:1', 'Mozilla/5.0 (Windows NT 10.0; WOW64) AppleWebKit/537.36 (KHTML, like Gecko) Chrome/46.0.2490.86 Safari/537.36', '/jeesite/a/sys/role/form', 'GET', '', '');
INSERT INTO `sys_log` VALUES ('35415bab487c47b38c1f86bf1681d993', '1', '--', '1', '2015-12-03 07:04:08', '0:0:0:0:0:0:0:1', 'Mozilla/5.0 (Windows NT 10.0; WOW64) AppleWebKit/537.36 (KHTML, like Gecko) Chrome/46.0.2490.86 Safari/537.36', '/jeesite/a/sys/menu/', 'GET', '', '');
INSERT INTO `sys_log` VALUES ('3569855f6f514135ba4b11594e929926', '1', '---', '1', '2015-12-02 21:25:27', '0:0:0:0:0:0:0:1', 'Mozilla/5.0 (Windows NT 10.0; WOW64) AppleWebKit/537.36 (KHTML, like Gecko) Chrome/46.0.2490.86 Safari/537.36', '/jeesite/a/sys/office/list', 'GET', 'id=5392344d45ea4e9ba473919e7bba2fe8&parentIds=0,b5e6470db07445b08e5b792fdfa18bfe,5392344d45ea4e9ba473919e7bba2fe8,', '');
INSERT INTO `sys_log` VALUES ('36acfbb7760647c8825b2093b4f50964', '1', '---', '1', '2015-12-03 07:37:05', '0:0:0:0:0:0:0:1', 'Mozilla/5.0 (Windows NT 10.0; WOW64) AppleWebKit/537.36 (KHTML, like Gecko) Chrome/46.0.2490.86 Safari/537.36', '/jeesite/a/sys/role/assign', 'GET', 'id=b895094c468349b8ae380d9f118283bd', '');
INSERT INTO `sys_log` VALUES ('36d91e44c24e42c2a73b33fa80144af6', '1', '', '1', '2015-12-02 22:53:38', '0:0:0:0:0:0:0:1', 'Mozilla/5.0 (Windows NT 10.0; WOW64) AppleWebKit/537.36 (KHTML, like Gecko) Chrome/46.0.2490.86 Safari/537.36', '/jeesite/a', 'GET', 'login=', '');
INSERT INTO `sys_log` VALUES ('36fd58822f0e473392eb49ad76763cfa', '1', '--', '1', '2015-12-02 23:03:45', '0:0:0:0:0:0:0:1', 'Mozilla/5.0 (Windows NT 10.0; WOW64) AppleWebKit/537.36 (KHTML, like Gecko) Chrome/46.0.2490.86 Safari/537.36', '/jeesite/a/sys/dict/', 'GET', 'repage=&type=sys_resour', '');
INSERT INTO `sys_log` VALUES ('374effb7fcd641a6b7ea27364b37d9b4', '1', '---', '1', '2015-12-02 21:29:22', '0:0:0:0:0:0:0:1', 'Mozilla/5.0 (Windows NT 10.0; WOW64) AppleWebKit/537.36 (KHTML, like Gecko) Chrome/46.0.2490.86 Safari/537.36', '/jeesite/a/sys/user/list', 'GET', '', '');
INSERT INTO `sys_log` VALUES ('37b32a6cbecd493e89f2b2dfddb6fd6c', '1', '--', '1', '2015-12-02 20:16:27', '0:0:0:0:0:0:0:1', 'Mozilla/5.0 (Windows NT 10.0; WOW64) AppleWebKit/537.36 (KHTML, like Gecko) Chrome/46.0.2490.86 Safari/537.36', '/jeesite/a/sys/dict/', 'POST', 'pageNo=1&pageSize=30&type=act_type&description=', '');
INSERT INTO `sys_log` VALUES ('383b9a81629747d984297ad7edb77670', '1', '', '1', '2015-12-02 21:33:11', '0:0:0:0:0:0:0:1', 'Mozilla/5.0 (Windows NT 10.0; WOW64) AppleWebKit/537.36 (KHTML, like Gecko) Chrome/46.0.2490.86 Safari/537.36', '/jeesite/a/sys/menu/tree', 'GET', 'parentId=62', '');
INSERT INTO `sys_log` VALUES ('38d0a87d187f45ffacbd08df28d96555', '1', '', '1', '2015-12-02 20:28:03', '0:0:0:0:0:0:0:1', 'Mozilla/5.0 (Windows NT 10.0; WOW64) AppleWebKit/537.36 (KHTML, like Gecko) Chrome/46.0.2490.86 Safari/537.36', '/jeesite/act/rest/service/model/643c7b8366024cb88037fdcac9487968/json', 'GET', '', '');
INSERT INTO `sys_log` VALUES ('38f4f3b3db83457a919ac3f6285f0439', '1', '--', '1', '2015-12-03 07:09:11', '0:0:0:0:0:0:0:1', 'Mozilla/5.0 (Windows NT 10.0; WOW64) AppleWebKit/537.36 (KHTML, like Gecko) Chrome/46.0.2490.86 Safari/537.36', '/jeesite/a/sys/menu/', 'GET', '', '');
INSERT INTO `sys_log` VALUES ('3939a76b8d3e4a36be0110ddb725db68', '1', '--', 'a8b3597b9fd84408ba5380f3d2d1778c', '2015-12-02 21:12:44', '0:0:0:0:0:0:0:1', 'Mozilla/5.0 (Windows NT 10.0; WOW64) AppleWebKit/537.36 (KHTML, like Gecko) Chrome/46.0.2490.86 Safari/537.36', '/jeesite/a/sys/user/modifyPwd', 'GET', 'tabPageId=jerichotabiframe_1', '');
INSERT INTO `sys_log` VALUES ('398dc788f3fd4f52b6a7a984e1409591', '1', '--', '1', '2015-12-03 07:31:47', '0:0:0:0:0:0:0:1', 'Mozilla/5.0 (Windows NT 10.0; WOW64) AppleWebKit/537.36 (KHTML, like Gecko) Chrome/46.0.2490.86 Safari/537.36', '/jeesite/a/sys/sysDatesorces/', 'POST', 'pageNo=1&pageSize=30&dbsType=&dbsName=&dbsUrl=', '');
INSERT INTO `sys_log` VALUES ('3a30cdd09ba34acc88a6aad6f917eeff', '1', '---', '1', '2015-12-03 07:09:11', '0:0:0:0:0:0:0:1', 'Mozilla/5.0 (Windows NT 10.0; WOW64) AppleWebKit/537.36 (KHTML, like Gecko) Chrome/46.0.2490.86 Safari/537.36', '/jeesite/a/sys/menu/save', 'POST', 'id=55776620e9a7459d91a74b84813fe5be&parent.id=3&parent.name=&name=&href=sys/sysDatesorces&target=&icon=icon-barcode&sort=5030&isShow=1&permission=&remarks=', '');
INSERT INTO `sys_log` VALUES ('3a3bce040bd14cf5a0aa5d55923fa8c9', '1', '---', '1', '2015-12-02 21:23:55', '0:0:0:0:0:0:0:1', 'Mozilla/5.0 (Windows NT 10.0; WOW64) AppleWebKit/537.36 (KHTML, like Gecko) Chrome/46.0.2490.86 Safari/537.36', '/jeesite/a/sys/office/save', 'POST', 'id=5392344d45ea4e9ba473919e7bba2fe8&parent.id=b5e6470db07445b08e5b792fdfa18bfe&parent.name=&area.id=308d231da7114ee88cabaeb920f40760&area.name=&name=&code=0200001&type=1&grade=1&useable=1&primaryPerson.id=7c63751ac8b64dad9cde14e9f5d5f639&office.primaryPerson.name=ceshi&deputyPerson.id=7c63751ac8b64dad9cde14e9f5d5f639&office.deputyPerson.name=ceshi&address=&zipCode=&master=&phone=&fax=&email=&remarks=', '');
INSERT INTO `sys_log` VALUES ('3b81e70975304555a8dfa2d068b2e9fb', '1', '---', 'a8b3597b9fd84408ba5380f3d2d1778c', '2015-12-02 21:18:16', '0:0:0:0:0:0:0:1', 'Mozilla/5.0 (Windows NT 10.0; WOW64) AppleWebKit/537.36 (KHTML, like Gecko) Chrome/46.0.2490.86 Safari/537.36', '/jeesite/a/sys/user/list', 'GET', 'repage=', '');
INSERT INTO `sys_log` VALUES ('3e4599d380294d07951aa3638a6c33a9', '1', '--', '1', '2015-12-02 21:33:43', '0:0:0:0:0:0:0:1', 'Mozilla/5.0 (Windows NT 10.0; WOW64) AppleWebKit/537.36 (KHTML, like Gecko) Chrome/46.0.2490.86 Safari/537.36', '/jeesite/a/sys/user/info', 'GET', 'tabPageId=jerichotabiframe_0', '');
INSERT INTO `sys_log` VALUES ('3e7e099db5b84c06975e111643337eab', '1', '--', '1', '2015-12-02 20:30:17', '0:0:0:0:0:0:0:1', 'Mozilla/5.0 (Windows NT 10.0; WOW64) AppleWebKit/537.36 (KHTML, like Gecko) Chrome/46.0.2490.86 Safari/537.36', '/jeesite/a/sys/dict/', 'GET', 'tabPageId=jerichotabiframe_23', '');
INSERT INTO `sys_log` VALUES ('3fe0bd5ac6854309929b1d7088ef9ee3', '1', '--', '1', '2015-12-03 07:36:21', '0:0:0:0:0:0:0:1', 'Mozilla/5.0 (Windows NT 10.0; WOW64) AppleWebKit/537.36 (KHTML, like Gecko) Chrome/46.0.2490.86 Safari/537.36', '/jeesite/a/sys/menu/', 'GET', '', '');
INSERT INTO `sys_log` VALUES ('4000644ff9294cfe86e30dfc4d7baa50', '1', '--', 'a8b3597b9fd84408ba5380f3d2d1778c', '2015-12-02 21:13:53', '0:0:0:0:0:0:0:1', 'Mozilla/5.0 (Windows NT 10.0; WOW64) AppleWebKit/537.36 (KHTML, like Gecko) Chrome/46.0.2490.86 Safari/537.36', '/jeesite/a/sys/menu/', 'GET', 'tabPageId=jerichotabiframe_17', '');
INSERT INTO `sys_log` VALUES ('409d443de774459096ccac6e8585188e', '1', '---', 'a8b3597b9fd84408ba5380f3d2d1778c', '2015-12-02 21:18:09', '0:0:0:0:0:0:0:1', 'Mozilla/5.0 (Windows NT 10.0; WOW64) AppleWebKit/537.36 (KHTML, like Gecko) Chrome/46.0.2490.86 Safari/537.36', '/jeesite/a/sys/user/delete', 'GET', 'id=10', '');
INSERT INTO `sys_log` VALUES ('41bd43eeb5c64a6596ab942aff77be39', '1', '--', '1', '2015-12-03 06:57:59', '0:0:0:0:0:0:0:1', 'Mozilla/5.0 (Windows NT 10.0; WOW64) AppleWebKit/537.36 (KHTML, like Gecko) Chrome/46.0.2490.86 Safari/537.36', '/jeesite/a/sys/menu/', 'GET', 'tabPageId=jerichotabiframe_2', '');
INSERT INTO `sys_log` VALUES ('420dbe3f816448f69a3ac5cbccc24117', '1', '---', '87060c4c39be40d5bc9ce07afe705be6', '2015-12-03 07:38:05', '0:0:0:0:0:0:0:1', 'Mozilla/5.0 (Windows NT 10.0; WOW64) AppleWebKit/537.36 (KHTML, like Gecko) Chrome/46.0.2490.86 Safari/537.36', '/jeesite/a/sys/office/form', 'GET', 'id=5392344d45ea4e9ba473919e7bba2fe8', '');
INSERT INTO `sys_log` VALUES ('42814112a5654e7b8494662a7a5601bb', '1', '---', '87060c4c39be40d5bc9ce07afe705be6', '2015-12-03 07:38:17', '0:0:0:0:0:0:0:1', 'Mozilla/5.0 (Windows NT 10.0; WOW64) AppleWebKit/537.36 (KHTML, like Gecko) Chrome/46.0.2490.86 Safari/537.36', '/jeesite/a/sys/office/form', 'GET', 'parent.id=b5e6470db07445b08e5b792fdfa18bfe', '');
INSERT INTO `sys_log` VALUES ('42832e4b305341b08f42305f0d141598', '1', '--', '1', '2015-12-02 20:29:49', '0:0:0:0:0:0:0:1', 'Mozilla/5.0 (Windows NT 10.0; WOW64) AppleWebKit/537.36 (KHTML, like Gecko) Chrome/46.0.2490.86 Safari/537.36', '/jeesite/a/sys/office/', 'GET', 'tabPageId=jerichotabiframe_21', '');
INSERT INTO `sys_log` VALUES ('428c8c60e7194454ba0cd1a21bda8568', '1', '--', '1', '2015-12-02 22:59:35', '0:0:0:0:0:0:0:1', 'Mozilla/5.0 (Windows NT 10.0; WOW64) AppleWebKit/537.36 (KHTML, like Gecko) Chrome/46.0.2490.86 Safari/537.36', '/jeesite/a/gen/genTable', 'GET', 'tabPageId=jerichotabiframe_5', '');
INSERT INTO `sys_log` VALUES ('42eb2b1f91c443078b43a4f6db1a783b', '1', '---', '1', '2015-12-02 21:27:25', '0:0:0:0:0:0:0:1', 'Mozilla/5.0 (Windows NT 10.0; WOW64) AppleWebKit/537.36 (KHTML, like Gecko) Chrome/46.0.2490.86 Safari/537.36', '/jeesite/a/sys/role/delete', 'GET', 'id=7', '');
INSERT INTO `sys_log` VALUES ('43a7eed416354aa19d9f895565abb81d', '1', '---', '1', '2015-12-02 21:35:14', '0:0:0:0:0:0:0:1', 'Mozilla/5.0 (Windows NT 10.0; WOW64) AppleWebKit/537.36 (KHTML, like Gecko) Chrome/46.0.2490.86 Safari/537.36', '/jeesite/a/sys/menu/form', 'GET', '', '');
INSERT INTO `sys_log` VALUES ('43b511458ea540a48fb6289afe50f4d0', '1', '---', 'a8b3597b9fd84408ba5380f3d2d1778c', '2015-12-02 21:18:04', '0:0:0:0:0:0:0:1', 'Mozilla/5.0 (Windows NT 10.0; WOW64) AppleWebKit/537.36 (KHTML, like Gecko) Chrome/46.0.2490.86 Safari/537.36', '/jeesite/a/sys/user/list', 'GET', 'repage=', '');
INSERT INTO `sys_log` VALUES ('44007652384f49d7bfc30942d40fbb8d', '1', '--', '1', '2015-12-03 07:04:05', '0:0:0:0:0:0:0:1', 'Mozilla/5.0 (Windows NT 10.0; WOW64) AppleWebKit/537.36 (KHTML, like Gecko) Chrome/46.0.2490.86 Safari/537.36', '/jeesite/a/sys/office/', 'GET', 'tabPageId=jerichotabiframe_19', '');
INSERT INTO `sys_log` VALUES ('44255f96ff8a4d6787b47e11e2973353', '1', '---', '1', '2015-12-02 23:03:23', '0:0:0:0:0:0:0:1', 'Mozilla/5.0 (Windows NT 10.0; WOW64) AppleWebKit/537.36 (KHTML, like Gecko) Chrome/46.0.2490.86 Safari/537.36', '/jeesite/a/sys/dict/form', 'GET', 'description=&type=sys_resour&sort=11', '');
INSERT INTO `sys_log` VALUES ('44259cb0a05145c49715214a39bcde11', '1', '', '1', '2015-12-02 23:16:03', '0:0:0:0:0:0:0:1', 'Mozilla/5.0 (Windows NT 10.0; WOW64) AppleWebKit/537.36 (KHTML, like Gecko) Chrome/46.0.2490.86 Safari/537.36', '/jeesite/a', 'GET', 'login=', '');
INSERT INTO `sys_log` VALUES ('4455bec198534ff082ed14f5864498ad', '1', '--', '1', '2015-12-02 21:31:45', '0:0:0:0:0:0:0:1', 'Mozilla/5.0 (Windows NT 10.0; WOW64; Trident/7.0; rv:11.0) like Gecko', '/jeesite/a/cms/', 'GET', 'tabPageId=jerichotabiframe_4', '');
INSERT INTO `sys_log` VALUES ('44847a49d3e84fccacab856b8acbd9e5', '1', '-', '1', '2015-12-02 21:33:15', '0:0:0:0:0:0:0:1', 'Mozilla/5.0 (Windows NT 10.0; WOW64) AppleWebKit/537.36 (KHTML, like Gecko) Chrome/46.0.2490.86 Safari/537.36', '/jeesite/a/cms/none', 'GET', '', '');
INSERT INTO `sys_log` VALUES ('45af3d48bbed4229aaf2185305b86906', '1', '---', '1', '2015-12-03 07:40:08', '0:0:0:0:0:0:0:1', 'Mozilla/5.0 (Windows NT 10.0; WOW64) AppleWebKit/537.36 (KHTML, like Gecko) Chrome/46.0.2490.86 Safari/537.36', '/jeesite/a/sys/role/form', 'GET', 'id=b895094c468349b8ae380d9f118283bd', '');
INSERT INTO `sys_log` VALUES ('46b42362dbc149998e8939e2200d8e09', '1', '--', '1', '2015-12-03 07:40:06', '0:0:0:0:0:0:0:1', 'Mozilla/5.0 (Windows NT 10.0; WOW64) AppleWebKit/537.36 (KHTML, like Gecko) Chrome/46.0.2490.86 Safari/537.36', '/jeesite/a/sys/role/', 'GET', '', '');
INSERT INTO `sys_log` VALUES ('46d00459fb2a44418bc17b73af575050', '1', '--', '1', '2015-12-02 21:20:17', '0:0:0:0:0:0:0:1', 'Mozilla/5.0 (Windows NT 10.0; WOW64) AppleWebKit/537.36 (KHTML, like Gecko) Chrome/46.0.2490.86 Safari/537.36', '/jeesite/a/sys/user/info', 'GET', 'tabPageId=jerichotabiframe_0', '');
INSERT INTO `sys_log` VALUES ('46eb1715b6c04f018b1a82ff60b15770', '1', '---', '1', '2015-12-03 07:40:05', '0:0:0:0:0:0:0:1', 'Mozilla/5.0 (Windows NT 10.0; WOW64) AppleWebKit/537.36 (KHTML, like Gecko) Chrome/46.0.2490.86 Safari/537.36', '/jeesite/a/sys/role/form', 'GET', '', '');
INSERT INTO `sys_log` VALUES ('4799af14059b414394f185e9a807094f', '1', '--', '1', '2015-12-03 07:31:49', '0:0:0:0:0:0:0:1', 'Mozilla/5.0 (Windows NT 10.0; WOW64) AppleWebKit/537.36 (KHTML, like Gecko) Chrome/46.0.2490.86 Safari/537.36', '/jeesite/a/sys/dict/', 'GET', 'tabPageId=jerichotabiframe_3', '');
INSERT INTO `sys_log` VALUES ('47a63a6a72f247d59373de7647f07f4a', '1', '---', '87060c4c39be40d5bc9ce07afe705be6', '2015-12-03 07:39:19', '0:0:0:0:0:0:0:1', 'Mozilla/5.0 (Windows NT 10.0; WOW64) AppleWebKit/537.36 (KHTML, like Gecko) Chrome/46.0.2490.86 Safari/537.36', '/jeesite/a/sys/user/checkLoginName', 'GET', 'oldLoginName=&loginName=test', '');
INSERT INTO `sys_log` VALUES ('480cb64b01d24f649fb1c6062d32acc8', '1', '---', 'a8b3597b9fd84408ba5380f3d2d1778c', '2015-12-02 21:18:49', '0:0:0:0:0:0:0:1', 'Mozilla/5.0 (Windows NT 10.0; WOW64) AppleWebKit/537.36 (KHTML, like Gecko) Chrome/46.0.2490.86 Safari/537.36', '/jeesite/a/sys/role/assign', 'GET', 'id=3', '');
INSERT INTO `sys_log` VALUES ('4825e54772b443b0943ceb7e10bef768', '1', '', '1', '2015-12-02 21:33:11', '0:0:0:0:0:0:0:1', 'Mozilla/5.0 (Windows NT 10.0; WOW64; Trident/7.0; rv:11.0) like Gecko', '/jeesite/a/sys/menu/tree', 'GET', 'parentId=79', '');
INSERT INTO `sys_log` VALUES ('4833e80b34a24c85a03ba5d626b687c2', '2', '', '1', '2015-12-02 23:17:22', '0:0:0:0:0:0:0:1', 'Mozilla/5.0 (Windows NT 10.0; WOW64) AppleWebKit/537.36 (KHTML, like Gecko) Chrome/46.0.2490.86 Safari/537.36', '/jeesite/a;JSESSIONID=e58c5b9263f04d1388811a8ca9cfe54e', 'GET', '', 'org.apache.jasper.JasperException: /WEB-INF/views/modules/sys/sysIndex.jsp (line: 2, column: 0) The absolute uri: http://java.sun.com/jsp/jstl/core cannot be resolved in either web.xml or the jar files deployed with this application\r\n	at org.apache.jasper.compiler.DefaultErrorHandler.jspError(DefaultErrorHandler.java:41)\r\n	at org.apache.jasper.compiler.ErrorDispatcher.dispatch(ErrorDispatcher.java:275)\r\n	at org.apache.jasper.compiler.ErrorDispatcher.jspError(ErrorDispatcher.java:91)\r\n	at org.apache.jasper.compiler.Parser.processIncludeDirective(Parser.java:335)\r\n	at org.apache.jasper.compiler.Parser.parseIncludeDirective(Parser.java:368)\r\n	at org.apache.jasper.compiler.Parser.parseDirective(Parser.java:471)\r\n	at org.apache.jasper.compiler.Parser.parseElements(Parser.java:1435)\r\n	at org.apache.jasper.compiler.Parser.parse(Parser.java:139)\r\n	at org.apache.jasper.compiler.ParserController.doParse(ParserController.java:227)\r\n	at org.apache.jasper.compiler.ParserController.parse(ParserController.java:100)\r\n	at org.apache.jasper.compiler.Compiler.generateJava(Compiler.java:199)\r\n	at org.apache.jasper.compiler.Compiler.compile(Compiler.java:356)\r\n	at org.apache.jasper.compiler.Compiler.compile(Compiler.java:336)\r\n	at org.apache.jasper.compiler.Compiler.compile(Compiler.java:323)\r\n	at org.apache.jasper.JspCompilationContext.compile(JspCompilationContext.java:585)\r\n	at org.apache.jasper.servlet.JspServletWrapper.service(JspServletWrapper.java:363)\r\n	at org.apache.jasper.servlet.JspServlet.serviceJspFile(JspServlet.java:396)\r\n	at org.apache.jasper.servlet.JspServlet.service(JspServlet.java:340)\r\n	at javax.servlet.http.HttpServlet.service(HttpServlet.java:729)\r\n	at org.apache.catalina.core.ApplicationFilterChain.internalDoFilter(ApplicationFilterChain.java:291)\r\n	at org.apache.catalina.core.ApplicationFilterChain.doFilter(ApplicationFilterChain.java:206)\r\n	at org.apache.tomcat.websocket.server.WsFilter.doFilter(WsFilter.java:52)\r\n	at org.apache.catalina.core.ApplicationFilterChain.internalDoFilter(ApplicationFilterChain.java:239)\r\n	at org.apache.catalina.core.ApplicationFilterChain.doFilter(ApplicationFilterChain.java:206)\r\n	at org.apache.catalina.core.ApplicationDispatcher.invoke(ApplicationDispatcher.java:719)\r\n	at org.apache.catalina.core.ApplicationDispatcher.processRequest(ApplicationDispatcher.java:465)\r\n	at org.apache.catalina.core.ApplicationDispatcher.doForward(ApplicationDispatcher.java:390)\r\n	at org.apache.catalina.core.ApplicationDispatcher.forward(ApplicationDispatcher.java:317)\r\n	at org.springframework.web.servlet.view.InternalResourceView.renderMergedOutputModel(InternalResourceView.java:209)\r\n	at org.springframework.web.servlet.view.AbstractView.render(AbstractView.java:267)\r\n	at org.springframework.web.servlet.DispatcherServlet.render(DispatcherServlet.java:1221)\r\n	at org.springframework.web.servlet.DispatcherServlet.processDispatchResult(DispatcherServlet.java:1005)\r\n	at org.springframework.web.servlet.DispatcherServlet.doDispatch(DispatcherServlet.java:952)\r\n	at org.springframework.web.servlet.DispatcherServlet.doService(DispatcherServlet.java:870)\r\n	at org.springframework.web.servlet.FrameworkServlet.processRequest(FrameworkServlet.java:961)\r\n	at org.springframework.web.servlet.FrameworkServlet.doGet(FrameworkServlet.java:852)\r\n	at javax.servlet.http.HttpServlet.service(HttpServlet.java:622)\r\n	at org.springframework.web.servlet.FrameworkServlet.service(FrameworkServlet.java:837)\r\n	at javax.servlet.http.HttpServlet.service(HttpServlet.java:729)\r\n	at org.apache.catalina.core.ApplicationFilterChain.internalDoFilter(ApplicationFilterChain.java:291)\r\n	at org.apache.catalina.core.ApplicationFilterChain.doFilter(ApplicationFilterChain.java:206)\r\n	at org.apache.tomcat.websocket.server.WsFilter.doFilter(WsFilter.java:52)\r\n	at org.apache.catalina.core.ApplicationFilterChain.internalDoFilter(ApplicationFilterChain.java:239)\r\n	at org.apache.catalina.core.ApplicationFilterChain.doFilter(ApplicationFilterChain.java:206)\r\n	at com.opensymphony.sitemesh.webapp.SiteMeshFilter.obtainContent(SiteMeshFilter.java:129)\r\n	at com.opensymphony.sitemesh.webapp.SiteMeshFilter.doFilter(SiteMeshFilter.java:77)\r\n	at org.apache.catalina.core.ApplicationFilterChain.internalDoFilter(ApplicationFilterChain.java:239)\r\n	at org.apache.catalina.core.ApplicationFilterChain.doFilter(ApplicationFilterChain.java:206)\r\n	at org.apache.shiro.web.servlet.ProxiedFilterChain.doFilter(ProxiedFilterChain.java:61)\r\n	at org.apache.shiro.web.servlet.AdviceFilter.executeChain(AdviceFilter.java:108)\r\n	at org.apache.shiro.web.servlet.AdviceFilter.doFilterInternal(AdviceFilter.java:137)\r\n	at org.apache.shiro.web.servlet.OncePerRequestFilter.doFilter(OncePerRequestFilter.java:125)\r\n	at org.apache.shiro.web.servlet.ProxiedFilterChain.doFilter(ProxiedFilterChain.java:66)\r\n	at org.apache.shiro.web.servlet.AbstractShiroFilter.executeChain(AbstractShiroFilter.java:449)\r\n	at org.apache.shiro.web.servlet.AbstractShiroFilter$1.call(AbstractShiroFilter.java:365)\r\n	at org.apache.shiro.subject.support.SubjectCallable.doCall(SubjectCallable.java:90)\r\n	at org.apache.shiro.subject.support.SubjectCallable.call(SubjectCallable.java:83)\r\n	at org.apache.shiro.subject.support.DelegatingSubject.execute(DelegatingSubject.java:383)\r\n	at org.apache.shiro.web.servlet.AbstractShiroFilter.doFilterInternal(AbstractShiroFilter.java:362)\r\n	at org.apache.shiro.web.servlet.OncePerRequestFilter.doFilter(OncePerRequestFilter.java:125)\r\n	at org.springframework.web.filter.DelegatingFilterProxy.invokeDelegate(DelegatingFilterProxy.java:344)\r\n	at org.springframework.web.filter.DelegatingFilterProxy.doFilter(DelegatingFilterProxy.java:261)\r\n	at org.apache.catalina.core.ApplicationFilterChain.internalDoFilter(ApplicationFilterChain.java:239)\r\n	at org.apache.catalina.core.ApplicationFilterChain.doFilter(ApplicationFilterChain.java:206)\r\n	at org.springframework.web.filter.CharacterEncodingFilter.doFilterInternal(CharacterEncodingFilter.java:88)\r\n	at org.springframework.web.filter.OncePerRequestFilter.doFilter(OncePerRequestFilter.java:107)\r\n	at org.apache.catalina.core.ApplicationFilterChain.internalDoFilter(ApplicationFilterChain.java:239)\r\n	at org.apache.catalina.core.ApplicationFilterChain.doFilter(ApplicationFilterChain.java:206)\r\n	at org.apache.catalina.core.StandardWrapperValve.invoke(StandardWrapperValve.java:212)\r\n	at org.apache.catalina.core.StandardContextValve.invoke(StandardContextValve.java:106)\r\n	at org.apache.catalina.authenticator.AuthenticatorBase.invoke(AuthenticatorBase.java:502)\r\n	at org.apache.catalina.core.StandardHostValve.invoke(StandardHostValve.java:141)\r\n	at org.apache.catalina.valves.ErrorReportValve.invoke(ErrorReportValve.java:79)\r\n	at org.apache.catalina.valves.AbstractAccessLogValve.invoke(AbstractAccessLogValve.java:616)\r\n	at org.apache.catalina.core.StandardEngineValve.invoke(StandardEngineValve.java:88)\r\n	at org.apache.catalina.connector.CoyoteAdapter.service(CoyoteAdapter.java:518)\r\n	at org.apache.coyote.http11.AbstractHttp11Processor.process(AbstractHttp11Processor.java:1096)\r\n	at org.apache.coyote.AbstractProtocol$AbstractConnectionHandler.process(AbstractProtocol.java:674)\r\n	at org.apache.tomcat.util.net.NioEndpoint$SocketProcessor.doRun(NioEndpoint.java:1500)\r\n	at org.apache.tomcat.util.net.NioEndpoint$SocketProcessor.run(NioEndpoint.java:1456)\r\n	at java.util.concurrent.ThreadPoolExecutor.runWorker(ThreadPoolExecutor.java:1142)\r\n	at java.util.concurrent.ThreadPoolExecutor$Worker.run(ThreadPoolExecutor.java:617)\r\n	at org.apache.tomcat.util.threads.TaskThread$WrappingRunnable.run(TaskThread.java:61)\r\n	at java.lang.Thread.run(Thread.java:745)\r\n');
INSERT INTO `sys_log` VALUES ('48b23a2a0b6748f4b69a5cea5bf05b8c', '1', '---', '1', '2015-12-03 07:28:45', '0:0:0:0:0:0:0:1', 'Mozilla/5.0 (Windows NT 10.0; WOW64) AppleWebKit/537.36 (KHTML, like Gecko) Chrome/46.0.2490.86 Safari/537.36', '/jeesite/a/sys/user/list', 'GET', '', '');
INSERT INTO `sys_log` VALUES ('48caae21b25d416a81afad51a91fe0f2', '1', '---', '1', '2015-12-03 07:12:59', '0:0:0:0:0:0:0:1', 'Mozilla/5.0 (Windows NT 10.0; WOW64) AppleWebKit/537.36 (KHTML, like Gecko) Chrome/46.0.2490.86 Safari/537.36', '/jeesite/a/sys/user/list', 'GET', '', '');
INSERT INTO `sys_log` VALUES ('48fb1f2782a4407497022ac75c4bd2a2', '1', '--', '1', '2015-12-02 21:35:58', '0:0:0:0:0:0:0:1', 'Mozilla/5.0 (Windows NT 10.0; WOW64) AppleWebKit/537.36 (KHTML, like Gecko) Chrome/46.0.2490.86 Safari/537.36', '/jeesite/a/sys/menu/', 'GET', '', '');
INSERT INTO `sys_log` VALUES ('4900a788955a471b8696435e653360bf', '1', '---', 'a8b3597b9fd84408ba5380f3d2d1778c', '2015-12-02 21:18:16', '0:0:0:0:0:0:0:1', 'Mozilla/5.0 (Windows NT 10.0; WOW64) AppleWebKit/537.36 (KHTML, like Gecko) Chrome/46.0.2490.86 Safari/537.36', '/jeesite/a/sys/user/delete', 'GET', 'id=12', '');
INSERT INTO `sys_log` VALUES ('4961128d301d4324aed3e4100f2ae455', '1', '---', '1', '2015-12-02 20:31:27', '0:0:0:0:0:0:0:1', 'Mozilla/5.0 (Windows NT 10.0; WOW64) AppleWebKit/537.36 (KHTML, like Gecko) Chrome/46.0.2490.86 Safari/537.36', '/jeesite/a/sys/dict/form', 'GET', 'id=18', '');
INSERT INTO `sys_log` VALUES ('49620ee79c8844a0ac6ff52ea8f97a2a', '1', '---', '1', '2015-12-03 07:11:09', '0:0:0:0:0:0:0:1', 'Mozilla/5.0 (Windows NT 10.0; WOW64) AppleWebKit/537.36 (KHTML, like Gecko) Chrome/46.0.2490.86 Safari/537.36', '/jeesite/a/sys/menu/form', 'GET', 'parent.id=55776620e9a7459d91a74b84813fe5be', '');
INSERT INTO `sys_log` VALUES ('49ba74dff727424a923cc538d243679d', '1', '---', '1', '2015-12-03 07:09:45', '0:0:0:0:0:0:0:1', 'Mozilla/5.0 (Windows NT 10.0; WOW64) AppleWebKit/537.36 (KHTML, like Gecko) Chrome/46.0.2490.86 Safari/537.36', '/jeesite/a/sys/menu/form', 'GET', 'id=55776620e9a7459d91a74b84813fe5be', '');
INSERT INTO `sys_log` VALUES ('4a4b82e98d4f4da98bcb0ca6cce5083b', '1', '--', 'a8b3597b9fd84408ba5380f3d2d1778c', '2015-12-02 21:15:00', '0:0:0:0:0:0:0:1', 'Mozilla/5.0 (Windows NT 10.0; WOW64) AppleWebKit/537.36 (KHTML, like Gecko) Chrome/46.0.2490.86 Safari/537.36', '/jeesite/a/gen/genScheme', 'GET', 'tabPageId=jerichotabiframe_21', '');
INSERT INTO `sys_log` VALUES ('4a4fdf0b6f8846d5880ded34bbcbc3e4', '1', '---', '1', '2015-12-02 20:29:57', '0:0:0:0:0:0:0:1', 'Mozilla/5.0 (Windows NT 10.0; WOW64) AppleWebKit/537.36 (KHTML, like Gecko) Chrome/46.0.2490.86 Safari/537.36', '/jeesite/a/sys/office/form', 'GET', 'parent.id=', '');
INSERT INTO `sys_log` VALUES ('4a569e59d1e54b3ab9952042504cb649', '1', '---', '87060c4c39be40d5bc9ce07afe705be6', '2015-12-03 07:38:44', '0:0:0:0:0:0:0:1', 'Mozilla/5.0 (Windows NT 10.0; WOW64) AppleWebKit/537.36 (KHTML, like Gecko) Chrome/46.0.2490.86 Safari/537.36', '/jeesite/a/sys/office/list', 'GET', 'id=5392344d45ea4e9ba473919e7bba2fe8&parentIds=0,b5e6470db07445b08e5b792fdfa18bfe,5392344d45ea4e9ba473919e7bba2fe8,', '');
INSERT INTO `sys_log` VALUES ('4b8c0d9f60fe40d699aaf9802e835e2e', '1', '---', '1', '2015-12-02 21:10:07', '0:0:0:0:0:0:0:1', 'Mozilla/5.0 (Windows NT 10.0; WOW64) AppleWebKit/537.36 (KHTML, like Gecko) Chrome/46.0.2490.86 Safari/537.36', '/jeesite/a/sys/office/delete', 'GET', 'id=1', '');
INSERT INTO `sys_log` VALUES ('4bab84434b8b4935b6ce8c7697ee8e08', '1', '--', '1', '2015-12-03 07:07:32', '0:0:0:0:0:0:0:1', 'Mozilla/5.0 (Windows NT 10.0; WOW64) AppleWebKit/537.36 (KHTML, like Gecko) Chrome/46.0.2490.86 Safari/537.36', '/jeesite/a/sys/menu/', 'GET', '', '');
INSERT INTO `sys_log` VALUES ('4ce607bcb3d1498781ea49048f63ac21', '1', '---', '1', '2015-12-03 07:23:33', '0:0:0:0:0:0:0:1', 'Mozilla/5.0 (Windows NT 10.0; WOW64) AppleWebKit/537.36 (KHTML, like Gecko) Chrome/46.0.2490.86 Safari/537.36', '/jeesite/a/sys/sysDatesorces/form', 'GET', '', '');
INSERT INTO `sys_log` VALUES ('4cea062b4e364639aad8febd4bc5272b', '1', '---', '1', '2015-12-02 21:24:10', '0:0:0:0:0:0:0:1', 'Mozilla/5.0 (Windows NT 10.0; WOW64) AppleWebKit/537.36 (KHTML, like Gecko) Chrome/46.0.2490.86 Safari/537.36', '/jeesite/a/sys/office/save', 'POST', 'id=5a61194f046443e7a4578b5286f0e1f9&parent.id=5392344d45ea4e9ba473919e7bba2fe8&parent.name=&area.id=308d231da7114ee88cabaeb920f40760&area.name=&name=&code=&type=2&grade=2&useable=1&primaryPerson.id=&office.primaryPerson.name=&deputyPerson.id=&office.deputyPerson.name=&address=&zipCode=&master=&phone=&fax=&email=&remarks=', '');
INSERT INTO `sys_log` VALUES ('4d0081056610427bb2f142834ef652ea', '1', '--', '1', '2015-12-03 07:12:59', '0:0:0:0:0:0:0:1', 'Mozilla/5.0 (Windows NT 10.0; WOW64) AppleWebKit/537.36 (KHTML, like Gecko) Chrome/46.0.2490.86 Safari/537.36', '/jeesite/a/sys/user/index', 'GET', 'tabPageId=jerichotabiframe_1', '');
INSERT INTO `sys_log` VALUES ('4d1796cd83ee4b9b882bb53f64d5f088', '1', '--', '1', '2015-12-02 21:36:10', '0:0:0:0:0:0:0:1', 'Mozilla/5.0 (Windows NT 10.0; WOW64) AppleWebKit/537.36 (KHTML, like Gecko) Chrome/46.0.2490.86 Safari/537.36', '/jeesite/a/sys/menu/', 'GET', '', '');
INSERT INTO `sys_log` VALUES ('4d1a3ca8fdac43b8af753d2c2c6f497a', '1', '--', '1', '2015-12-03 07:16:36', '0:0:0:0:0:0:0:1', 'Mozilla/5.0 (Windows NT 10.0; WOW64) AppleWebKit/537.36 (KHTML, like Gecko) Chrome/46.0.2490.86 Safari/537.36', '/jeesite/a/sys/sysDatesorces/', 'GET', 'tabPageId=jerichotabiframe_2', '');
INSERT INTO `sys_log` VALUES ('4d60ec8ec98c46cfbf1a8aaaf88ea380', '1', '--', '1', '2015-12-03 07:23:41', '0:0:0:0:0:0:0:1', 'Mozilla/5.0 (Windows NT 10.0; WOW64) AppleWebKit/537.36 (KHTML, like Gecko) Chrome/46.0.2490.86 Safari/537.36', '/jeesite/a/sys/sysDatesorces/', 'GET', '', '');
INSERT INTO `sys_log` VALUES ('4d8727ffd00841638efd7c1b2e927594', '1', '---', '1', '2015-12-03 07:13:57', '0:0:0:0:0:0:0:1', 'Mozilla/5.0 (Windows NT 10.0; WOW64) AppleWebKit/537.36 (KHTML, like Gecko) Chrome/46.0.2490.86 Safari/537.36', '/jeesite/a/sys/menu/form', 'GET', 'id=56daa185c1b849909b9afbf42ee8e835', '');
INSERT INTO `sys_log` VALUES ('4dca5d111b774cc6a92854f7394043bc', '2', '', '1', '2015-12-02 23:22:48', '0:0:0:0:0:0:0:1', 'Mozilla/5.0 (Windows NT 10.0; WOW64) AppleWebKit/537.36 (KHTML, like Gecko) Chrome/46.0.2490.86 Safari/537.36', '/jeesite/a', 'GET', '', 'org.apache.jasper.JasperException: /WEB-INF/views/modules/sys/sysIndex.jsp (line: 2, column: 0) The absolute uri: http://java.sun.com/jsp/jstl/core cannot be resolved in either web.xml or the jar files deployed with this application\r\n	at org.apache.jasper.compiler.DefaultErrorHandler.jspError(DefaultErrorHandler.java:41)\r\n	at org.apache.jasper.compiler.ErrorDispatcher.dispatch(ErrorDispatcher.java:275)\r\n	at org.apache.jasper.compiler.ErrorDispatcher.jspError(ErrorDispatcher.java:91)\r\n	at org.apache.jasper.compiler.Parser.processIncludeDirective(Parser.java:335)\r\n	at org.apache.jasper.compiler.Parser.parseIncludeDirective(Parser.java:368)\r\n	at org.apache.jasper.compiler.Parser.parseDirective(Parser.java:471)\r\n	at org.apache.jasper.compiler.Parser.parseElements(Parser.java:1435)\r\n	at org.apache.jasper.compiler.Parser.parse(Parser.java:139)\r\n	at org.apache.jasper.compiler.ParserController.doParse(ParserController.java:227)\r\n	at org.apache.jasper.compiler.ParserController.parse(ParserController.java:100)\r\n	at org.apache.jasper.compiler.Compiler.generateJava(Compiler.java:199)\r\n	at org.apache.jasper.compiler.Compiler.compile(Compiler.java:356)\r\n	at org.apache.jasper.compiler.Compiler.compile(Compiler.java:336)\r\n	at org.apache.jasper.compiler.Compiler.compile(Compiler.java:323)\r\n	at org.apache.jasper.JspCompilationContext.compile(JspCompilationContext.java:585)\r\n	at org.apache.jasper.servlet.JspServletWrapper.service(JspServletWrapper.java:363)\r\n	at org.apache.jasper.servlet.JspServlet.serviceJspFile(JspServlet.java:396)\r\n	at org.apache.jasper.servlet.JspServlet.service(JspServlet.java:340)\r\n	at javax.servlet.http.HttpServlet.service(HttpServlet.java:729)\r\n	at org.apache.catalina.core.ApplicationFilterChain.internalDoFilter(ApplicationFilterChain.java:291)\r\n	at org.apache.catalina.core.ApplicationFilterChain.doFilter(ApplicationFilterChain.java:206)\r\n	at org.apache.tomcat.websocket.server.WsFilter.doFilter(WsFilter.java:52)\r\n	at org.apache.catalina.core.ApplicationFilterChain.internalDoFilter(ApplicationFilterChain.java:239)\r\n	at org.apache.catalina.core.ApplicationFilterChain.doFilter(ApplicationFilterChain.java:206)\r\n	at org.apache.catalina.core.ApplicationDispatcher.invoke(ApplicationDispatcher.java:719)\r\n	at org.apache.catalina.core.ApplicationDispatcher.processRequest(ApplicationDispatcher.java:465)\r\n	at org.apache.catalina.core.ApplicationDispatcher.doForward(ApplicationDispatcher.java:390)\r\n	at org.apache.catalina.core.ApplicationDispatcher.forward(ApplicationDispatcher.java:317)\r\n	at org.springframework.web.servlet.view.InternalResourceView.renderMergedOutputModel(InternalResourceView.java:209)\r\n	at org.springframework.web.servlet.view.AbstractView.render(AbstractView.java:267)\r\n	at org.springframework.web.servlet.DispatcherServlet.render(DispatcherServlet.java:1221)\r\n	at org.springframework.web.servlet.DispatcherServlet.processDispatchResult(DispatcherServlet.java:1005)\r\n	at org.springframework.web.servlet.DispatcherServlet.doDispatch(DispatcherServlet.java:952)\r\n	at org.springframework.web.servlet.DispatcherServlet.doService(DispatcherServlet.java:870)\r\n	at org.springframework.web.servlet.FrameworkServlet.processRequest(FrameworkServlet.java:961)\r\n	at org.springframework.web.servlet.FrameworkServlet.doGet(FrameworkServlet.java:852)\r\n	at javax.servlet.http.HttpServlet.service(HttpServlet.java:622)\r\n	at org.springframework.web.servlet.FrameworkServlet.service(FrameworkServlet.java:837)\r\n	at javax.servlet.http.HttpServlet.service(HttpServlet.java:729)\r\n	at org.apache.catalina.core.ApplicationFilterChain.internalDoFilter(ApplicationFilterChain.java:291)\r\n	at org.apache.catalina.core.ApplicationFilterChain.doFilter(ApplicationFilterChain.java:206)\r\n	at org.apache.tomcat.websocket.server.WsFilter.doFilter(WsFilter.java:52)\r\n	at org.apache.catalina.core.ApplicationFilterChain.internalDoFilter(ApplicationFilterChain.java:239)\r\n	at org.apache.catalina.core.ApplicationFilterChain.doFilter(ApplicationFilterChain.java:206)\r\n	at com.opensymphony.sitemesh.webapp.SiteMeshFilter.obtainContent(SiteMeshFilter.java:129)\r\n	at com.opensymphony.sitemesh.webapp.SiteMeshFilter.doFilter(SiteMeshFilter.java:77)\r\n	at org.apache.catalina.core.ApplicationFilterChain.internalDoFilter(ApplicationFilterChain.java:239)\r\n	at org.apache.catalina.core.ApplicationFilterChain.doFilter(ApplicationFilterChain.java:206)\r\n	at org.apache.shiro.web.servlet.ProxiedFilterChain.doFilter(ProxiedFilterChain.java:61)\r\n	at org.apache.shiro.web.servlet.AdviceFilter.executeChain(AdviceFilter.java:108)\r\n	at org.apache.shiro.web.servlet.AdviceFilter.doFilterInternal(AdviceFilter.java:137)\r\n	at org.apache.shiro.web.servlet.OncePerRequestFilter.doFilter(OncePerRequestFilter.java:125)\r\n	at org.apache.shiro.web.servlet.ProxiedFilterChain.doFilter(ProxiedFilterChain.java:66)\r\n	at org.apache.shiro.web.servlet.AbstractShiroFilter.executeChain(AbstractShiroFilter.java:449)\r\n	at org.apache.shiro.web.servlet.AbstractShiroFilter$1.call(AbstractShiroFilter.java:365)\r\n	at org.apache.shiro.subject.support.SubjectCallable.doCall(SubjectCallable.java:90)\r\n	at org.apache.shiro.subject.support.SubjectCallable.call(SubjectCallable.java:83)\r\n	at org.apache.shiro.subject.support.DelegatingSubject.execute(DelegatingSubject.java:383)\r\n	at org.apache.shiro.web.servlet.AbstractShiroFilter.doFilterInternal(AbstractShiroFilter.java:362)\r\n	at org.apache.shiro.web.servlet.OncePerRequestFilter.doFilter(OncePerRequestFilter.java:125)\r\n	at org.springframework.web.filter.DelegatingFilterProxy.invokeDelegate(DelegatingFilterProxy.java:344)\r\n	at org.springframework.web.filter.DelegatingFilterProxy.doFilter(DelegatingFilterProxy.java:261)\r\n	at org.apache.catalina.core.ApplicationFilterChain.internalDoFilter(ApplicationFilterChain.java:239)\r\n	at org.apache.catalina.core.ApplicationFilterChain.doFilter(ApplicationFilterChain.java:206)\r\n	at org.springframework.web.filter.CharacterEncodingFilter.doFilterInternal(CharacterEncodingFilter.java:88)\r\n	at org.springframework.web.filter.OncePerRequestFilter.doFilter(OncePerRequestFilter.java:107)\r\n	at org.apache.catalina.core.ApplicationFilterChain.internalDoFilter(ApplicationFilterChain.java:239)\r\n	at org.apache.catalina.core.ApplicationFilterChain.doFilter(ApplicationFilterChain.java:206)\r\n	at org.apache.catalina.core.StandardWrapperValve.invoke(StandardWrapperValve.java:212)\r\n	at org.apache.catalina.core.StandardContextValve.invoke(StandardContextValve.java:106)\r\n	at org.apache.catalina.authenticator.AuthenticatorBase.invoke(AuthenticatorBase.java:502)\r\n	at org.apache.catalina.core.StandardHostValve.invoke(StandardHostValve.java:141)\r\n	at org.apache.catalina.valves.ErrorReportValve.invoke(ErrorReportValve.java:79)\r\n	at org.apache.catalina.valves.AbstractAccessLogValve.invoke(AbstractAccessLogValve.java:616)\r\n	at org.apache.catalina.core.StandardEngineValve.invoke(StandardEngineValve.java:88)\r\n	at org.apache.catalina.connector.CoyoteAdapter.service(CoyoteAdapter.java:518)\r\n	at org.apache.coyote.http11.AbstractHttp11Processor.process(AbstractHttp11Processor.java:1096)\r\n	at org.apache.coyote.AbstractProtocol$AbstractConnectionHandler.process(AbstractProtocol.java:674)\r\n	at org.apache.tomcat.util.net.NioEndpoint$SocketProcessor.doRun(NioEndpoint.java:1500)\r\n	at org.apache.tomcat.util.net.NioEndpoint$SocketProcessor.run(NioEndpoint.java:1456)\r\n	at java.util.concurrent.ThreadPoolExecutor.runWorker(ThreadPoolExecutor.java:1142)\r\n	at java.util.concurrent.ThreadPoolExecutor$Worker.run(ThreadPoolExecutor.java:617)\r\n	at org.apache.tomcat.util.threads.TaskThread$WrappingRunnable.run(TaskThread.java:61)\r\n	at java.lang.Thread.run(Thread.java:745)\r\n');
INSERT INTO `sys_log` VALUES ('4dda75da19234c49b256fce46ca90bb2', '1', '--', '1', '2015-12-03 07:23:18', '0:0:0:0:0:0:0:1', 'Mozilla/5.0 (Windows NT 10.0; WOW64) AppleWebKit/537.36 (KHTML, like Gecko) Chrome/46.0.2490.86 Safari/537.36', '/jeesite/a/sys/user/info', 'GET', 'tabPageId=jerichotabiframe_0', '');
INSERT INTO `sys_log` VALUES ('4df93f9985f24deba35c6316a8ca05fd', '1', '---', '1', '2015-12-02 20:15:27', '0:0:0:0:0:0:0:1', 'Mozilla/5.0 (Windows NT 10.0; WOW64) AppleWebKit/537.36 (KHTML, like Gecko) Chrome/46.0.2490.86 Safari/537.36', '/jeesite/a/sys/dict/save', 'POST', 'id=69&value=leave&label=&type=act_type&description=&sort=10&remarks=', '');
INSERT INTO `sys_log` VALUES ('4e57442b485149a4ac128d503adefc0c', '1', '---', '1', '2015-12-03 06:57:57', '0:0:0:0:0:0:0:1', 'Mozilla/5.0 (Windows NT 10.0; WOW64) AppleWebKit/537.36 (KHTML, like Gecko) Chrome/46.0.2490.86 Safari/537.36', '/jeesite/a/sys/user/list', 'GET', '', '');
INSERT INTO `sys_log` VALUES ('4e67821fbc6b46f1a175b544eebc3e3c', '1', '---', '87060c4c39be40d5bc9ce07afe705be6', '2015-12-03 07:38:35', '0:0:0:0:0:0:0:1', 'Mozilla/5.0 (Windows NT 10.0; WOW64) AppleWebKit/537.36 (KHTML, like Gecko) Chrome/46.0.2490.86 Safari/537.36', '/jeesite/a/sys/office/list', 'GET', 'id=&parentIds=0,b5e6470db07445b08e5b792fdfa18bfe,', '');
INSERT INTO `sys_log` VALUES ('4e97d56fd6cd4591bf0c91d3835a03af', '1', '---', 'a8b3597b9fd84408ba5380f3d2d1778c', '2015-12-02 21:18:04', '0:0:0:0:0:0:0:1', 'Mozilla/5.0 (Windows NT 10.0; WOW64) AppleWebKit/537.36 (KHTML, like Gecko) Chrome/46.0.2490.86 Safari/537.36', '/jeesite/a/sys/user/delete', 'GET', 'id=7', '');
INSERT INTO `sys_log` VALUES ('4eaebab5cee24bda9886afcebe83e163', '1', '---', '1', '2015-12-02 20:15:06', '0:0:0:0:0:0:0:1', 'Mozilla/5.0 (Windows NT 10.0; WOW64) AppleWebKit/537.36 (KHTML, like Gecko) Chrome/46.0.2490.86 Safari/537.36', '/jeesite/a/sys/user/list', 'GET', '', '');
INSERT INTO `sys_log` VALUES ('4eefc71632274fda9e299874db6cfb3b', '1', '---', '1', '2015-12-03 07:09:00', '0:0:0:0:0:0:0:1', 'Mozilla/5.0 (Windows NT 10.0; WOW64) AppleWebKit/537.36 (KHTML, like Gecko) Chrome/46.0.2490.86 Safari/537.36', '/jeesite/a/sys/menu/form', 'GET', 'id=55776620e9a7459d91a74b84813fe5be', '');
INSERT INTO `sys_log` VALUES ('503cdd28448742bdacd2eabd451ae989', '1', '---', '1', '2015-12-02 20:12:38', '0:0:0:0:0:0:0:1', 'Mozilla/5.0 (Windows NT 10.0; WOW64) AppleWebKit/537.36 (KHTML, like Gecko) Chrome/46.0.2490.86 Safari/537.36', '/jeesite/a/sys/user/list', 'GET', '', '');
INSERT INTO `sys_log` VALUES ('506ba55a70f5423fb661f2b795ebf645', '1', '---', '1', '2015-12-03 07:12:21', '0:0:0:0:0:0:0:1', 'Mozilla/5.0 (Windows NT 10.0; WOW64) AppleWebKit/537.36 (KHTML, like Gecko) Chrome/46.0.2490.86 Safari/537.36', '/jeesite/a/sys/menu/form', 'GET', 'parent.id=55776620e9a7459d91a74b84813fe5be', '');
INSERT INTO `sys_log` VALUES ('509fda40b65c432f9a3fdce873a757a0', '1', '', '1', '2015-12-02 21:33:11', '0:0:0:0:0:0:0:1', 'Mozilla/5.0 (Windows NT 10.0; WOW64) AppleWebKit/537.36 (KHTML, like Gecko) Chrome/46.0.2490.86 Safari/537.36', '/jeesite/a/sys/user/info', 'GET', '', '');
INSERT INTO `sys_log` VALUES ('5127da0a33d0411aa6e05a48675b3495', '1', '--', '1', '2015-12-02 20:15:44', '0:0:0:0:0:0:0:1', 'Mozilla/5.0 (Windows NT 10.0; WOW64) AppleWebKit/537.36 (KHTML, like Gecko) Chrome/46.0.2490.86 Safari/537.36', '/jeesite/a/sys/dict/', 'POST', 'pageNo=1&pageSize=30&type=act_type&description=', '');
INSERT INTO `sys_log` VALUES ('51436f58717744499adddbeea85627fb', '1', '---', '1', '2015-12-03 07:32:01', '0:0:0:0:0:0:0:1', 'Mozilla/5.0 (Windows NT 10.0; WOW64) AppleWebKit/537.36 (KHTML, like Gecko) Chrome/46.0.2490.86 Safari/537.36', '/jeesite/a/sys/menu/form', 'GET', 'id=55776620e9a7459d91a74b84813fe5be', '');
INSERT INTO `sys_log` VALUES ('51bf25d3d176488aa22cfb5f2fb7b14c', '1', '--', '87060c4c39be40d5bc9ce07afe705be6', '2015-12-02 21:29:57', '0:0:0:0:0:0:0:1', 'Mozilla/5.0 (Windows NT 10.0; WOW64) AppleWebKit/537.36 (KHTML, like Gecko) Chrome/46.0.2490.86 Safari/537.36', '/jeesite/a/sys/office/', 'GET', 'tabPageId=jerichotabiframe_1', '');
INSERT INTO `sys_log` VALUES ('529ac8239feb4a78b6dffecc2467cf9b', '1', '', '1', '2015-12-02 23:22:47', '0:0:0:0:0:0:0:1', 'Mozilla/5.0 (Windows NT 10.0; WOW64) AppleWebKit/537.36 (KHTML, like Gecko) Chrome/46.0.2490.86 Safari/537.36', '/jeesite/a', 'GET', '', '');
INSERT INTO `sys_log` VALUES ('5447afd23d89414e9366353b7fa42f04', '1', '', '1', '2015-12-03 06:57:43', '0:0:0:0:0:0:0:1', 'Mozilla/5.0 (Windows NT 10.0; WOW64) AppleWebKit/537.36 (KHTML, like Gecko) Chrome/46.0.2490.86 Safari/537.36', '/jeesite/a;JSESSIONID=653a362f28e8435299e1a50e0d1791a1', 'GET', '', '');
INSERT INTO `sys_log` VALUES ('551643203a48404ebac02180aa5be44a', '1', '---', 'a8b3597b9fd84408ba5380f3d2d1778c', '2015-12-02 21:18:02', '0:0:0:0:0:0:0:1', 'Mozilla/5.0 (Windows NT 10.0; WOW64) AppleWebKit/537.36 (KHTML, like Gecko) Chrome/46.0.2490.86 Safari/537.36', '/jeesite/a/sys/user/delete', 'GET', 'id=6', '');
INSERT INTO `sys_log` VALUES ('55453cb7f07b4929b161cb5eefdb6fa7', '1', '--', '87060c4c39be40d5bc9ce07afe705be6', '2015-12-03 07:37:38', '0:0:0:0:0:0:0:1', 'Mozilla/5.0 (Windows NT 10.0; WOW64) AppleWebKit/537.36 (KHTML, like Gecko) Chrome/46.0.2490.86 Safari/537.36', '/jeesite/a/sys/user/index', 'GET', 'tabPageId=jerichotabiframe_0', '');
INSERT INTO `sys_log` VALUES ('5561c18ba6e8405691501d7a70e5776a', '1', '--', '1', '2015-12-03 07:13:17', '0:0:0:0:0:0:0:1', 'Mozilla/5.0 (Windows NT 10.0; WOW64) AppleWebKit/537.36 (KHTML, like Gecko) Chrome/46.0.2490.86 Safari/537.36', '/jeesite/a/sys/menu/', 'GET', 'tabPageId=jerichotabiframe_5', '');
INSERT INTO `sys_log` VALUES ('557bcee39a6d41b89063bb46afbf8a4c', '1', '--', '1', '2015-12-02 21:35:38', '0:0:0:0:0:0:0:1', 'Mozilla/5.0 (Windows NT 10.0; WOW64) AppleWebKit/537.36 (KHTML, like Gecko) Chrome/46.0.2490.86 Safari/537.36', '/jeesite/a/sys/menu/', 'GET', '', '');
INSERT INTO `sys_log` VALUES ('55f2dd4ac9d846d99e174c302b012520', '1', '--', '1', '2015-12-02 20:16:33', '0:0:0:0:0:0:0:1', 'Mozilla/5.0 (Windows NT 10.0; WOW64) AppleWebKit/537.36 (KHTML, like Gecko) Chrome/46.0.2490.86 Safari/537.36', '/jeesite/a/sys/dict/', 'POST', 'pageNo=1&pageSize=30&type=act_category&description=', '');
INSERT INTO `sys_log` VALUES ('568970c1e36744778fc29df7b5611857', '1', '---', '1', '2015-12-03 07:30:28', '0:0:0:0:0:0:0:1', 'Mozilla/5.0 (Windows NT 10.0; WOW64) AppleWebKit/537.36 (KHTML, like Gecko) Chrome/46.0.2490.86 Safari/537.36', '/jeesite/a/sys/user/list', 'GET', '', '');
INSERT INTO `sys_log` VALUES ('56c5f342e294494ca3c42ba3b7aca576', '1', '--', '1', '2015-12-03 07:30:30', '0:0:0:0:0:0:0:1', 'Mozilla/5.0 (Windows NT 10.0; WOW64) AppleWebKit/537.36 (KHTML, like Gecko) Chrome/46.0.2490.86 Safari/537.36', '/jeesite/a/sys/sysDatesorces/', 'GET', 'tabPageId=jerichotabiframe_3', '');
INSERT INTO `sys_log` VALUES ('56fe3a2cb278495b8de93c45f330b4c1', '1', '---', 'a8b3597b9fd84408ba5380f3d2d1778c', '2015-12-02 21:13:30', '0:0:0:0:0:0:0:1', 'Mozilla/5.0 (Windows NT 10.0; WOW64) AppleWebKit/537.36 (KHTML, like Gecko) Chrome/46.0.2490.86 Safari/537.36', '/jeesite/a/sys/user/checkLoginName', 'GET', 'oldLoginName=&loginName=ceshi', '');
INSERT INTO `sys_log` VALUES ('5725507a4c0d4c9e9cafce5ede9de3ba', '1', '--', '1', '2015-12-02 21:33:13', '0:0:0:0:0:0:0:1', 'Mozilla/5.0 (Windows NT 10.0; WOW64) AppleWebKit/537.36 (KHTML, like Gecko) Chrome/46.0.2490.86 Safari/537.36', '/jeesite/a/oa/oaNotify/self', 'GET', 'tabPageId=jerichotabiframe_7', '');
INSERT INTO `sys_log` VALUES ('579a81237f264279aba02d8b9bf491e8', '1', '---', '1', '2015-12-03 07:37:23', '0:0:0:0:0:0:0:1', 'Mozilla/5.0 (Windows NT 10.0; WOW64) AppleWebKit/537.36 (KHTML, like Gecko) Chrome/46.0.2490.86 Safari/537.36', '/jeesite/a/sys/role/save', 'POST', 'id=b895094c468349b8ae380d9f118283bd&office.id=2&office.name=&oldName=&name=&oldEnname=zhibo&enname=zhibo&roleType=security-role&sysData=1&useable=1&dataScope=2&menuIds=1,27,28,29,30,71,56,57,58,59,2,13,20,21,22,17,18,19,14,15,16,3,4,5,7,8,9,10,11,12,55776620e9a7459...&officeIds=&remarks=', '');
INSERT INTO `sys_log` VALUES ('5818cf86f7b046e590acb0ab1975d122', '2', '', '1', '2015-12-02 23:16:14', '0:0:0:0:0:0:0:1', 'Mozilla/5.0 (Windows NT 10.0; WOW64) AppleWebKit/537.36 (KHTML, like Gecko) Chrome/46.0.2490.86 Safari/537.36', '/jeesite/a', 'GET', '', 'org.apache.jasper.JasperException: /WEB-INF/views/modules/sys/sysIndex.jsp (line: 2, column: 0) The absolute uri: http://java.sun.com/jsp/jstl/core cannot be resolved in either web.xml or the jar files deployed with this application\r\n	at org.apache.jasper.compiler.DefaultErrorHandler.jspError(DefaultErrorHandler.java:41)\r\n	at org.apache.jasper.compiler.ErrorDispatcher.dispatch(ErrorDispatcher.java:275)\r\n	at org.apache.jasper.compiler.ErrorDispatcher.jspError(ErrorDispatcher.java:91)\r\n	at org.apache.jasper.compiler.Parser.processIncludeDirective(Parser.java:335)\r\n	at org.apache.jasper.compiler.Parser.parseIncludeDirective(Parser.java:368)\r\n	at org.apache.jasper.compiler.Parser.parseDirective(Parser.java:471)\r\n	at org.apache.jasper.compiler.Parser.parseElements(Parser.java:1435)\r\n	at org.apache.jasper.compiler.Parser.parse(Parser.java:139)\r\n	at org.apache.jasper.compiler.ParserController.doParse(ParserController.java:227)\r\n	at org.apache.jasper.compiler.ParserController.parse(ParserController.java:100)\r\n	at org.apache.jasper.compiler.Compiler.generateJava(Compiler.java:199)\r\n	at org.apache.jasper.compiler.Compiler.compile(Compiler.java:356)\r\n	at org.apache.jasper.compiler.Compiler.compile(Compiler.java:336)\r\n	at org.apache.jasper.compiler.Compiler.compile(Compiler.java:323)\r\n	at org.apache.jasper.JspCompilationContext.compile(JspCompilationContext.java:585)\r\n	at org.apache.jasper.servlet.JspServletWrapper.service(JspServletWrapper.java:363)\r\n	at org.apache.jasper.servlet.JspServlet.serviceJspFile(JspServlet.java:396)\r\n	at org.apache.jasper.servlet.JspServlet.service(JspServlet.java:340)\r\n	at javax.servlet.http.HttpServlet.service(HttpServlet.java:729)\r\n	at org.apache.catalina.core.ApplicationFilterChain.internalDoFilter(ApplicationFilterChain.java:291)\r\n	at org.apache.catalina.core.ApplicationFilterChain.doFilter(ApplicationFilterChain.java:206)\r\n	at org.apache.tomcat.websocket.server.WsFilter.doFilter(WsFilter.java:52)\r\n	at org.apache.catalina.core.ApplicationFilterChain.internalDoFilter(ApplicationFilterChain.java:239)\r\n	at org.apache.catalina.core.ApplicationFilterChain.doFilter(ApplicationFilterChain.java:206)\r\n	at org.apache.catalina.core.ApplicationDispatcher.invoke(ApplicationDispatcher.java:719)\r\n	at org.apache.catalina.core.ApplicationDispatcher.processRequest(ApplicationDispatcher.java:465)\r\n	at org.apache.catalina.core.ApplicationDispatcher.doForward(ApplicationDispatcher.java:390)\r\n	at org.apache.catalina.core.ApplicationDispatcher.forward(ApplicationDispatcher.java:317)\r\n	at org.springframework.web.servlet.view.InternalResourceView.renderMergedOutputModel(InternalResourceView.java:209)\r\n	at org.springframework.web.servlet.view.AbstractView.render(AbstractView.java:267)\r\n	at org.springframework.web.servlet.DispatcherServlet.render(DispatcherServlet.java:1221)\r\n	at org.springframework.web.servlet.DispatcherServlet.processDispatchResult(DispatcherServlet.java:1005)\r\n	at org.springframework.web.servlet.DispatcherServlet.doDispatch(DispatcherServlet.java:952)\r\n	at org.springframework.web.servlet.DispatcherServlet.doService(DispatcherServlet.java:870)\r\n	at org.springframework.web.servlet.FrameworkServlet.processRequest(FrameworkServlet.java:961)\r\n	at org.springframework.web.servlet.FrameworkServlet.doGet(FrameworkServlet.java:852)\r\n	at javax.servlet.http.HttpServlet.service(HttpServlet.java:622)\r\n	at org.springframework.web.servlet.FrameworkServlet.service(FrameworkServlet.java:837)\r\n	at javax.servlet.http.HttpServlet.service(HttpServlet.java:729)\r\n	at org.apache.catalina.core.ApplicationFilterChain.internalDoFilter(ApplicationFilterChain.java:291)\r\n	at org.apache.catalina.core.ApplicationFilterChain.doFilter(ApplicationFilterChain.java:206)\r\n	at org.apache.tomcat.websocket.server.WsFilter.doFilter(WsFilter.java:52)\r\n	at org.apache.catalina.core.ApplicationFilterChain.internalDoFilter(ApplicationFilterChain.java:239)\r\n	at org.apache.catalina.core.ApplicationFilterChain.doFilter(ApplicationFilterChain.java:206)\r\n	at com.opensymphony.sitemesh.webapp.SiteMeshFilter.obtainContent(SiteMeshFilter.java:129)\r\n	at com.opensymphony.sitemesh.webapp.SiteMeshFilter.doFilter(SiteMeshFilter.java:77)\r\n	at org.apache.catalina.core.ApplicationFilterChain.internalDoFilter(ApplicationFilterChain.java:239)\r\n	at org.apache.catalina.core.ApplicationFilterChain.doFilter(ApplicationFilterChain.java:206)\r\n	at org.apache.shiro.web.servlet.ProxiedFilterChain.doFilter(ProxiedFilterChain.java:61)\r\n	at org.apache.shiro.web.servlet.AdviceFilter.executeChain(AdviceFilter.java:108)\r\n	at org.apache.shiro.web.servlet.AdviceFilter.doFilterInternal(AdviceFilter.java:137)\r\n	at org.apache.shiro.web.servlet.OncePerRequestFilter.doFilter(OncePerRequestFilter.java:125)\r\n	at org.apache.shiro.web.servlet.ProxiedFilterChain.doFilter(ProxiedFilterChain.java:66)\r\n	at org.apache.shiro.web.servlet.AbstractShiroFilter.executeChain(AbstractShiroFilter.java:449)\r\n	at org.apache.shiro.web.servlet.AbstractShiroFilter$1.call(AbstractShiroFilter.java:365)\r\n	at org.apache.shiro.subject.support.SubjectCallable.doCall(SubjectCallable.java:90)\r\n	at org.apache.shiro.subject.support.SubjectCallable.call(SubjectCallable.java:83)\r\n	at org.apache.shiro.subject.support.DelegatingSubject.execute(DelegatingSubject.java:383)\r\n	at org.apache.shiro.web.servlet.AbstractShiroFilter.doFilterInternal(AbstractShiroFilter.java:362)\r\n	at org.apache.shiro.web.servlet.OncePerRequestFilter.doFilter(OncePerRequestFilter.java:125)\r\n	at org.springframework.web.filter.DelegatingFilterProxy.invokeDelegate(DelegatingFilterProxy.java:344)\r\n	at org.springframework.web.filter.DelegatingFilterProxy.doFilter(DelegatingFilterProxy.java:261)\r\n	at org.apache.catalina.core.ApplicationFilterChain.internalDoFilter(ApplicationFilterChain.java:239)\r\n	at org.apache.catalina.core.ApplicationFilterChain.doFilter(ApplicationFilterChain.java:206)\r\n	at org.springframework.web.filter.CharacterEncodingFilter.doFilterInternal(CharacterEncodingFilter.java:88)\r\n	at org.springframework.web.filter.OncePerRequestFilter.doFilter(OncePerRequestFilter.java:107)\r\n	at org.apache.catalina.core.ApplicationFilterChain.internalDoFilter(ApplicationFilterChain.java:239)\r\n	at org.apache.catalina.core.ApplicationFilterChain.doFilter(ApplicationFilterChain.java:206)\r\n	at org.apache.catalina.core.StandardWrapperValve.invoke(StandardWrapperValve.java:212)\r\n	at org.apache.catalina.core.StandardContextValve.invoke(StandardContextValve.java:106)\r\n	at org.apache.catalina.authenticator.AuthenticatorBase.invoke(AuthenticatorBase.java:502)\r\n	at org.apache.catalina.core.StandardHostValve.invoke(StandardHostValve.java:141)\r\n	at org.apache.catalina.valves.ErrorReportValve.invoke(ErrorReportValve.java:79)\r\n	at org.apache.catalina.valves.AbstractAccessLogValve.invoke(AbstractAccessLogValve.java:616)\r\n	at org.apache.catalina.core.StandardEngineValve.invoke(StandardEngineValve.java:88)\r\n	at org.apache.catalina.connector.CoyoteAdapter.service(CoyoteAdapter.java:518)\r\n	at org.apache.coyote.http11.AbstractHttp11Processor.process(AbstractHttp11Processor.java:1096)\r\n	at org.apache.coyote.AbstractProtocol$AbstractConnectionHandler.process(AbstractProtocol.java:674)\r\n	at org.apache.tomcat.util.net.NioEndpoint$SocketProcessor.doRun(NioEndpoint.java:1500)\r\n	at org.apache.tomcat.util.net.NioEndpoint$SocketProcessor.run(NioEndpoint.java:1456)\r\n	at java.util.concurrent.ThreadPoolExecutor.runWorker(ThreadPoolExecutor.java:1142)\r\n	at java.util.concurrent.ThreadPoolExecutor$Worker.run(ThreadPoolExecutor.java:617)\r\n	at org.apache.tomcat.util.threads.TaskThread$WrappingRunnable.run(TaskThread.java:61)\r\n	at java.lang.Thread.run(Thread.java:745)\r\n');
INSERT INTO `sys_log` VALUES ('588f25ffa03742d8b689b70a117be954', '1', '---', 'a8b3597b9fd84408ba5380f3d2d1778c', '2015-12-02 21:18:14', '0:0:0:0:0:0:0:1', 'Mozilla/5.0 (Windows NT 10.0; WOW64) AppleWebKit/537.36 (KHTML, like Gecko) Chrome/46.0.2490.86 Safari/537.36', '/jeesite/a/sys/user/list', 'GET', 'repage=', '');
INSERT INTO `sys_log` VALUES ('58b1b56e943544489fc089dc18a16c85', '1', '--', '1', '2015-12-03 07:31:46', '0:0:0:0:0:0:0:1', 'Mozilla/5.0 (Windows NT 10.0; WOW64) AppleWebKit/537.36 (KHTML, like Gecko) Chrome/46.0.2490.86 Safari/537.36', '/jeesite/a/sys/sysDatesorces/', 'POST', 'pageNo=1&pageSize=30&dbsType=&dbsName=&dbsUrl=', '');
INSERT INTO `sys_log` VALUES ('591247698c174325b13846f0e64c75ec', '1', '---', '1', '2015-12-02 21:31:56', '0:0:0:0:0:0:0:1', 'Mozilla/5.0 (Windows NT 10.0; WOW64; Trident/7.0; rv:11.0) like Gecko', '/jeesite/a/cms/link/', 'GET', 'category.id=22', '');
INSERT INTO `sys_log` VALUES ('594ddca954b24f2f9713833262416099', '1', '', '1', '2015-12-02 21:20:16', '0:0:0:0:0:0:0:1', 'Mozilla/5.0 (Windows NT 10.0; WOW64) AppleWebKit/537.36 (KHTML, like Gecko) Chrome/46.0.2490.86 Safari/537.36', '/jeesite/a', 'GET', 'login=', '');
INSERT INTO `sys_log` VALUES ('597c78e5995e41b1865cbf6342804f10', '1', '-', 'a8b3597b9fd84408ba5380f3d2d1778c', '2015-12-02 21:12:59', '0:0:0:0:0:0:0:1', 'Mozilla/5.0 (Windows NT 10.0; WOW64) AppleWebKit/537.36 (KHTML, like Gecko) Chrome/46.0.2490.86 Safari/537.36', '/jeesite/a/cms/tree', 'GET', '', '');
INSERT INTO `sys_log` VALUES ('5a3fe33872e94e4fbbd88192bdcad577', '1', '---', 'a8b3597b9fd84408ba5380f3d2d1778c', '2015-12-02 21:13:48', '0:0:0:0:0:0:0:1', 'Mozilla/5.0 (Windows NT 10.0; WOW64) AppleWebKit/537.36 (KHTML, like Gecko) Chrome/46.0.2490.86 Safari/537.36', '/jeesite/a/sys/user/list', 'GET', 'repage=', '');
INSERT INTO `sys_log` VALUES ('5bc1b7d9da314baf99c6e754930f7813', '1', '--', '1', '2015-12-03 07:30:27', '0:0:0:0:0:0:0:1', 'Mozilla/5.0 (Windows NT 10.0; WOW64) AppleWebKit/537.36 (KHTML, like Gecko) Chrome/46.0.2490.86 Safari/537.36', '/jeesite/a/gen/genTable', 'GET', 'tabPageId=jerichotabiframe_1', '');
INSERT INTO `sys_log` VALUES ('5bc9fa0f16a54689954233b599c91e19', '1', '---', 'a8b3597b9fd84408ba5380f3d2d1778c', '2015-12-02 21:17:55', '0:0:0:0:0:0:0:1', 'Mozilla/5.0 (Windows NT 10.0; WOW64) AppleWebKit/537.36 (KHTML, like Gecko) Chrome/46.0.2490.86 Safari/537.36', '/jeesite/a/sys/user/delete', 'GET', 'id=4', '');
INSERT INTO `sys_log` VALUES ('5bf188b9b5f24d0492e6e7e5868a2b24', '1', '---', '1', '2015-12-02 20:15:52', '0:0:0:0:0:0:0:1', 'Mozilla/5.0 (Windows NT 10.0; WOW64) AppleWebKit/537.36 (KHTML, like Gecko) Chrome/46.0.2490.86 Safari/537.36', '/jeesite/a/sys/dict/form', 'GET', 'id=69', '');
INSERT INTO `sys_log` VALUES ('5cff79742e9d4d518c2a29bd4f4edc7a', '1', '---', '1', '2015-12-02 23:03:13', '0:0:0:0:0:0:0:1', 'Mozilla/5.0 (Windows NT 10.0; WOW64) AppleWebKit/537.36 (KHTML, like Gecko) Chrome/46.0.2490.86 Safari/537.36', '/jeesite/a/sys/dict/save', 'POST', 'id=&value=0&label=&type=sys_resour&description=&sort=1&remarks=', '');
INSERT INTO `sys_log` VALUES ('5d87c730a206484fa0a63d96b834acc2', '1', '---', '1', '2015-12-02 21:32:08', '0:0:0:0:0:0:0:1', 'Mozilla/5.0 (Windows NT 10.0; WOW64; Trident/7.0; rv:11.0) like Gecko', '/jeesite/a/cms/link/', 'GET', 'category.id=19', '');
INSERT INTO `sys_log` VALUES ('5e983eddc44f4134a019e91ec8582c98', '1', '--', '1', '2015-12-02 23:02:37', '0:0:0:0:0:0:0:1', 'Mozilla/5.0 (Windows NT 10.0; WOW64) AppleWebKit/537.36 (KHTML, like Gecko) Chrome/46.0.2490.86 Safari/537.36', '/jeesite/a/sys/dict/', 'GET', '', '');
INSERT INTO `sys_log` VALUES ('5ff4db6e9c9046519cd90e63f84de6d4', '1', '---', '1', '2015-12-02 23:02:38', '0:0:0:0:0:0:0:1', 'Mozilla/5.0 (Windows NT 10.0; WOW64) AppleWebKit/537.36 (KHTML, like Gecko) Chrome/46.0.2490.86 Safari/537.36', '/jeesite/a/sys/dict/form', 'GET', 'sort=10', '');
INSERT INTO `sys_log` VALUES ('6072aa8af4344f24926370ce90a65aea', '1', '---', '1', '2015-12-03 07:07:55', '0:0:0:0:0:0:0:1', 'Mozilla/5.0 (Windows NT 10.0; WOW64) AppleWebKit/537.36 (KHTML, like Gecko) Chrome/46.0.2490.86 Safari/537.36', '/jeesite/a/sys/menu/form', 'GET', 'parent.id=55776620e9a7459d91a74b84813fe5be', '');
INSERT INTO `sys_log` VALUES ('6185998c7d7e408cb2475c4146adb115', '1', '--', '1', '2015-12-03 06:57:56', '0:0:0:0:0:0:0:1', 'Mozilla/5.0 (Windows NT 10.0; WOW64) AppleWebKit/537.36 (KHTML, like Gecko) Chrome/46.0.2490.86 Safari/537.36', '/jeesite/a/sys/user/index', 'GET', 'tabPageId=jerichotabiframe_1', '');
INSERT INTO `sys_log` VALUES ('620884aced9e47ad8a907e87258794a5', '1', '', '1', '2015-12-02 23:17:22', '0:0:0:0:0:0:0:1', 'Mozilla/5.0 (Windows NT 10.0; WOW64) AppleWebKit/537.36 (KHTML, like Gecko) Chrome/46.0.2490.86 Safari/537.36', '/jeesite/a;JSESSIONID=e58c5b9263f04d1388811a8ca9cfe54e', 'GET', '', '');
INSERT INTO `sys_log` VALUES ('634de4c0f63545e3bfe4030b766a3dbe', '1', '---', '1', '2015-12-03 06:59:35', '0:0:0:0:0:0:0:1', 'Mozilla/5.0 (Windows NT 10.0; WOW64) AppleWebKit/537.36 (KHTML, like Gecko) Chrome/46.0.2490.86 Safari/537.36', '/jeesite/a/test/testData/form', 'GET', '', '');
INSERT INTO `sys_log` VALUES ('63b83a7316b444f0b9adb16c98666142', '1', '--', '1', '2015-12-03 07:31:31', '0:0:0:0:0:0:0:1', 'Mozilla/5.0 (Windows NT 10.0; WOW64) AppleWebKit/537.36 (KHTML, like Gecko) Chrome/46.0.2490.86 Safari/537.36', '/jeesite/a/sys/sysDatesorces/', 'GET', 'tabPageId=jerichotabiframe_2', '');
INSERT INTO `sys_log` VALUES ('63fdb332e25c4deebffce0cce52e3273', '1', '---', '1', '2015-12-02 20:31:17', '0:0:0:0:0:0:0:1', 'Mozilla/5.0 (Windows NT 10.0; WOW64) AppleWebKit/537.36 (KHTML, like Gecko) Chrome/46.0.2490.86 Safari/537.36', '/jeesite/a/sys/dict/form', 'GET', 'description=&type=sys_area_type&sort=30', '');
INSERT INTO `sys_log` VALUES ('64110ad756684d1cbcc487d832d08911', '1', '--', '1', '2015-12-02 21:27:56', '0:0:0:0:0:0:0:1', 'Mozilla/5.0 (Windows NT 10.0; WOW64) AppleWebKit/537.36 (KHTML, like Gecko) Chrome/46.0.2490.86 Safari/537.36', '/jeesite/a/sys/user/modifyPwd', 'GET', '', '');
INSERT INTO `sys_log` VALUES ('6448e940bc5f481194e19a1741afa20c', '1', '--', 'a8b3597b9fd84408ba5380f3d2d1778c', '2015-12-02 21:12:46', '0:0:0:0:0:0:0:1', 'Mozilla/5.0 (Windows NT 10.0; WOW64) AppleWebKit/537.36 (KHTML, like Gecko) Chrome/46.0.2490.86 Safari/537.36', '/jeesite/a/sys/office/', 'GET', 'tabPageId=jerichotabiframe_4', '');
INSERT INTO `sys_log` VALUES ('659c54dc5a254a5dbcd5955fd1e21f57', '1', '--', '1', '2015-12-03 07:29:17', '0:0:0:0:0:0:0:1', 'Mozilla/5.0 (Windows NT 10.0; WOW64) AppleWebKit/537.36 (KHTML, like Gecko) Chrome/46.0.2490.86 Safari/537.36', '/jeesite/a/gen/genTable', 'GET', 'tabPageId=jerichotabiframe_3', '');
INSERT INTO `sys_log` VALUES ('6752a526323f422e9b8798641da88e2f', '1', '---', '87060c4c39be40d5bc9ce07afe705be6', '2015-12-03 07:38:37', '0:0:0:0:0:0:0:1', 'Mozilla/5.0 (Windows NT 10.0; WOW64) AppleWebKit/537.36 (KHTML, like Gecko) Chrome/46.0.2490.86 Safari/537.36', '/jeesite/a/sys/office/list', 'GET', 'id=5392344d45ea4e9ba473919e7bba2fe8&parentIds=0,b5e6470db07445b08e5b792fdfa18bfe,5392344d45ea4e9ba473919e7bba2fe8,', '');
INSERT INTO `sys_log` VALUES ('677e02e72dee4f3c94730753572a9adc', '1', '--', '1', '2015-12-03 07:42:18', '0:0:0:0:0:0:0:1', 'Mozilla/5.0 (Windows NT 10.0; WOW64) AppleWebKit/537.36 (KHTML, like Gecko) Chrome/46.0.2490.86 Safari/537.36', '/jeesite/a/sys/dict/', 'POST', 'pageNo=2&pageSize=30&type=&description=', '');
INSERT INTO `sys_log` VALUES ('67f598f37bc3492197386e6fc58cdd91', '1', '-', '1', '2015-12-02 21:31:54', '0:0:0:0:0:0:0:1', 'Mozilla/5.0 (Windows NT 10.0; WOW64; Trident/7.0; rv:11.0) like Gecko', '/jeesite/a/cms/none/', 'GET', 'category.id=25', '');
INSERT INTO `sys_log` VALUES ('68a82e8eee4f44d9ad65685838291188', '1', '--', '1', '2015-12-03 06:54:15', '0:0:0:0:0:0:0:1', 'Mozilla/5.0 (Windows NT 10.0; WOW64) AppleWebKit/537.36 (KHTML, like Gecko) Chrome/46.0.2490.86 Safari/537.36', '/jeesite/a/test/testDataMain', 'GET', 'tabPageId=jerichotabiframe_4', '');
INSERT INTO `sys_log` VALUES ('6942997c4be949c680005fd53dc1f1df', '1', '-', '1', '2015-12-02 21:31:57', '0:0:0:0:0:0:0:1', 'Mozilla/5.0 (Windows NT 10.0; WOW64; Trident/7.0; rv:11.0) like Gecko', '/jeesite/a/cms/none/', 'GET', 'category.id=24', '');
INSERT INTO `sys_log` VALUES ('6ab2432a4cf842e0948acdfebbcf119b', '1', '--', '1', '2015-12-02 21:28:26', '0:0:0:0:0:0:0:1', 'Mozilla/5.0 (Windows NT 10.0; WOW64) AppleWebKit/537.36 (KHTML, like Gecko) Chrome/46.0.2490.86 Safari/537.36', '/jeesite/a/sys/user/info', 'POST', 'photo=&name=&email=a114224589@126.com&phone=8675&mobile=8675&remarks=', '');
INSERT INTO `sys_log` VALUES ('6b1fc9a8abc84fdea2962dff660e39bf', '1', '--', '1', '2015-12-03 06:57:45', '0:0:0:0:0:0:0:1', 'Mozilla/5.0 (Windows NT 10.0; WOW64) AppleWebKit/537.36 (KHTML, like Gecko) Chrome/46.0.2490.86 Safari/537.36', '/jeesite/a/sys/user/info', 'GET', 'tabPageId=jerichotabiframe_0', '');
INSERT INTO `sys_log` VALUES ('6ba1c7b9f6e84d88a913e7956641c843', '1', '-', '1', '2015-12-03 07:01:23', '0:0:0:0:0:0:0:1', 'Mozilla/5.0 (Windows NT 10.0; WOW64) AppleWebKit/537.36 (KHTML, like Gecko) Chrome/46.0.2490.86 Safari/537.36', '/jeesite/a/cms/none', 'GET', '', '');
INSERT INTO `sys_log` VALUES ('6c4764b53fb14f80966c87e7aa37ac06', '1', '---', '1', '2015-12-03 07:00:32', '0:0:0:0:0:0:0:1', 'Mozilla/5.0 (Windows NT 10.0; WOW64) AppleWebKit/537.36 (KHTML, like Gecko) Chrome/46.0.2490.86 Safari/537.36', '/jeesite/a/test/testDataMain/form', 'GET', '', '');
INSERT INTO `sys_log` VALUES ('6ce0815dc9544d288e56be34d01d6677', '1', '---', '1', '2015-12-02 21:22:05', '0:0:0:0:0:0:0:1', 'Mozilla/5.0 (Windows NT 10.0; WOW64) AppleWebKit/537.36 (KHTML, like Gecko) Chrome/46.0.2490.86 Safari/537.36', '/jeesite/a/sys/office/form', 'GET', 'parent.id=', '');
INSERT INTO `sys_log` VALUES ('6e28401d294148f495a551ded3a84a76', '1', '', 'a8b3597b9fd84408ba5380f3d2d1778c', '2015-12-02 21:12:40', '0:0:0:0:0:0:0:1', 'Mozilla/5.0 (Windows NT 10.0; WOW64) AppleWebKit/537.36 (KHTML, like Gecko) Chrome/46.0.2490.86 Safari/537.36', '/jeesite/a', 'GET', 'login=', '');
INSERT INTO `sys_log` VALUES ('6f589796cce34604b9d37b4cd3293ffe', '1', '--', '1', '2015-12-03 07:39:52', '0:0:0:0:0:0:0:1', 'Mozilla/5.0 (Windows NT 10.0; WOW64) AppleWebKit/537.36 (KHTML, like Gecko) Chrome/46.0.2490.86 Safari/537.36', '/jeesite/a/sys/user/info', 'GET', 'tabPageId=jerichotabiframe_0', '');
INSERT INTO `sys_log` VALUES ('6fa823b5a82c4673b0d02e74c04387d3', '1', '--', '1', '2015-12-02 21:27:23', '0:0:0:0:0:0:0:1', 'Mozilla/5.0 (Windows NT 10.0; WOW64) AppleWebKit/537.36 (KHTML, like Gecko) Chrome/46.0.2490.86 Safari/537.36', '/jeesite/a/sys/role/', 'GET', 'repage=', '');
INSERT INTO `sys_log` VALUES ('72f0590e47e3436998ff1b6300f29435', '1', '--', '1', '2015-12-03 07:42:21', '0:0:0:0:0:0:0:1', 'Mozilla/5.0 (Windows NT 10.0; WOW64) AppleWebKit/537.36 (KHTML, like Gecko) Chrome/46.0.2490.86 Safari/537.36', '/jeesite/a/sys/dict/', 'POST', 'pageNo=3&pageSize=30&type=&description=', '');
INSERT INTO `sys_log` VALUES ('7361b725a4aa4960a843884f2db62826', '1', '---', 'a8b3597b9fd84408ba5380f3d2d1778c', '2015-12-02 21:13:02', '0:0:0:0:0:0:0:1', 'Mozilla/5.0 (Windows NT 10.0; WOW64) AppleWebKit/537.36 (KHTML, like Gecko) Chrome/46.0.2490.86 Safari/537.36', '/jeesite/a/cms/article/', 'GET', 'category.id=3', '');
INSERT INTO `sys_log` VALUES ('73b4579156b547978b36018296eec83f', '1', '--', '1', '2015-12-02 21:28:00', '0:0:0:0:0:0:0:1', 'Mozilla/5.0 (Windows NT 10.0; WOW64) AppleWebKit/537.36 (KHTML, like Gecko) Chrome/46.0.2490.86 Safari/537.36', '/jeesite/a/sys/user/info', 'GET', '', '');
INSERT INTO `sys_log` VALUES ('741707b63855488790ca5fbb11c78cc4', '1', '---', '1', '2015-12-03 07:36:28', '0:0:0:0:0:0:0:1', 'Mozilla/5.0 (Windows NT 10.0; WOW64) AppleWebKit/537.36 (KHTML, like Gecko) Chrome/46.0.2490.86 Safari/537.36', '/jeesite/a/sys/user/list', 'GET', '', '');
INSERT INTO `sys_log` VALUES ('746caaf727cf46ecb13b6a8804e2f43f', '1', '---', '1', '2015-12-02 21:24:10', '0:0:0:0:0:0:0:1', 'Mozilla/5.0 (Windows NT 10.0; WOW64) AppleWebKit/537.36 (KHTML, like Gecko) Chrome/46.0.2490.86 Safari/537.36', '/jeesite/a/sys/office/list', 'GET', 'id=5392344d45ea4e9ba473919e7bba2fe8&parentIds=0,b5e6470db07445b08e5b792fdfa18bfe,5392344d45ea4e9ba473919e7bba2fe8,', '');
INSERT INTO `sys_log` VALUES ('74a4b6c93e394dfeb4e4fffb0117637e', '1', '---', '1', '2015-12-02 21:11:26', '0:0:0:0:0:0:0:1', 'Mozilla/5.0 (Windows NT 10.0; WOW64) AppleWebKit/537.36 (KHTML, like Gecko) Chrome/46.0.2490.86 Safari/537.36', '/jeesite/a/sys/user/list', 'GET', 'office.id=2089309f18aa432590c52d72702b684b&office.name=', '');
INSERT INTO `sys_log` VALUES ('74bcdffd045142519074b0159bb92405', '1', '---', '1', '2015-12-02 21:21:15', '0:0:0:0:0:0:0:1', 'Mozilla/5.0 (Windows NT 10.0; WOW64) AppleWebKit/537.36 (KHTML, like Gecko) Chrome/46.0.2490.86 Safari/537.36', '/jeesite/a/sys/role/save', 'POST', 'id=3&office.id=2089309f18aa432590c52d72702b684b&office.name=&oldName=&name=&oldEnname=a&enname=a&roleType=assignment&sysData=1&useable=1&dataScope=3&menuIds=1,2,13,20,21,22,17,18,19,14,15,16,67,68,84,85&officeIds=&remarks=', '');
INSERT INTO `sys_log` VALUES ('74bffe43b9fd46c59d9253e7c707562b', '1', '--', '1', '2015-12-03 07:26:56', '0:0:0:0:0:0:0:1', 'Mozilla/5.0 (Windows NT 10.0; WOW64) AppleWebKit/537.36 (KHTML, like Gecko) Chrome/46.0.2490.86 Safari/537.36', '/jeesite/a/gen/genScheme', 'GET', 'tabPageId=jerichotabiframe_7', '');
INSERT INTO `sys_log` VALUES ('74f8b765457d43b297d66ad09cdf9aaf', '1', '--', '1', '2015-12-02 21:33:52', '0:0:0:0:0:0:0:1', 'Mozilla/5.0 (Windows NT 10.0; WOW64) AppleWebKit/537.36 (KHTML, like Gecko) Chrome/46.0.2490.86 Safari/537.36', '/jeesite/a/sys/user/info', 'GET', 'tabPageId=jerichotabiframe_0', '');
INSERT INTO `sys_log` VALUES ('752e3cd3d7b242adb33c307231e17041', '1', '---', '1', '2015-12-02 21:31:55', '0:0:0:0:0:0:0:1', 'Mozilla/5.0 (Windows NT 10.0; WOW64; Trident/7.0; rv:11.0) like Gecko', '/jeesite/a/cms/link/', 'GET', 'category.id=23', '');
INSERT INTO `sys_log` VALUES ('756d8bcb53e348639bbb63f81794df3a', '1', '--', '1', '2015-12-03 07:31:47', '0:0:0:0:0:0:0:1', 'Mozilla/5.0 (Windows NT 10.0; WOW64) AppleWebKit/537.36 (KHTML, like Gecko) Chrome/46.0.2490.86 Safari/537.36', '/jeesite/a/sys/sysDatesorces/', 'POST', 'pageNo=1&pageSize=30&dbsType=&dbsName=&dbsUrl=', '');
INSERT INTO `sys_log` VALUES ('758ccadd323d419aaa3470236e3a305b', '1', '', '1', '2015-12-03 07:15:19', '0:0:0:0:0:0:0:1', 'Mozilla/5.0 (Windows NT 10.0; WOW64) AppleWebKit/537.36 (KHTML, like Gecko) Chrome/46.0.2490.86 Safari/537.36', '/jeesite/a', 'GET', 'login=', '');
INSERT INTO `sys_log` VALUES ('75a259b5be12498c9b68de98d7f198a0', '1', '---', 'a8b3597b9fd84408ba5380f3d2d1778c', '2015-12-02 21:17:47', '0:0:0:0:0:0:0:1', 'Mozilla/5.0 (Windows NT 10.0; WOW64) AppleWebKit/537.36 (KHTML, like Gecko) Chrome/46.0.2490.86 Safari/537.36', '/jeesite/a/sys/user/list', 'GET', 'repage=', '');
INSERT INTO `sys_log` VALUES ('75ee0bb963e34b57825c8f473db51244', '1', '---', '1', '2015-12-03 07:36:10', '0:0:0:0:0:0:0:1', 'Mozilla/5.0 (Windows NT 10.0; WOW64) AppleWebKit/537.36 (KHTML, like Gecko) Chrome/46.0.2490.86 Safari/537.36', '/jeesite/a/sys/menu/form', 'GET', 'id=16', '');
INSERT INTO `sys_log` VALUES ('7734ccf7311542e180079912857ee242', '1', '--', '1', '2015-12-02 23:02:28', '0:0:0:0:0:0:0:1', 'Mozilla/5.0 (Windows NT 10.0; WOW64) AppleWebKit/537.36 (KHTML, like Gecko) Chrome/46.0.2490.86 Safari/537.36', '/jeesite/a/sys/dict/', 'GET', '', '');
INSERT INTO `sys_log` VALUES ('776e2645ead5410999ac9ac289403b30', '1', '---', 'a8b3597b9fd84408ba5380f3d2d1778c', '2015-12-02 21:17:53', '0:0:0:0:0:0:0:1', 'Mozilla/5.0 (Windows NT 10.0; WOW64) AppleWebKit/537.36 (KHTML, like Gecko) Chrome/46.0.2490.86 Safari/537.36', '/jeesite/a/sys/user/list', 'GET', 'repage=', '');
INSERT INTO `sys_log` VALUES ('78e17b6ee8c046cba99905feb0df828d', '1', '--', '1', '2015-12-03 07:15:41', '0:0:0:0:0:0:0:1', 'Mozilla/5.0 (Windows NT 10.0; WOW64) AppleWebKit/537.36 (KHTML, like Gecko) Chrome/46.0.2490.86 Safari/537.36', '/jeesite/a/gen/genScheme', 'GET', 'tabPageId=jerichotabiframe_2', '');
INSERT INTO `sys_log` VALUES ('7a77251055ec495080aa965e6b65cda9', '1', '---', '1', '2015-12-02 21:20:29', '0:0:0:0:0:0:0:1', 'Mozilla/5.0 (Windows NT 10.0; WOW64) AppleWebKit/537.36 (KHTML, like Gecko) Chrome/46.0.2490.86 Safari/537.36', '/jeesite/a/sys/role/form', 'GET', 'id=3', '');
INSERT INTO `sys_log` VALUES ('7adbbdbd4146468d98a89e6741fae751', '1', '---', '1', '2015-12-02 21:10:16', '0:0:0:0:0:0:0:1', 'Mozilla/5.0 (Windows NT 10.0; WOW64) AppleWebKit/537.36 (KHTML, like Gecko) Chrome/46.0.2490.86 Safari/537.36', '/jeesite/a/sys/office/form', 'GET', 'parent.id=', '');
INSERT INTO `sys_log` VALUES ('7aeae80fedc244b6a9fe9903c6b590c6', '1', '--', '87060c4c39be40d5bc9ce07afe705be6', '2015-12-02 21:29:52', '0:0:0:0:0:0:0:1', 'Mozilla/5.0 (Windows NT 10.0; WOW64) AppleWebKit/537.36 (KHTML, like Gecko) Chrome/46.0.2490.86 Safari/537.36', '/jeesite/a/sys/user/index', 'GET', 'tabPageId=jerichotabiframe_0', '');
INSERT INTO `sys_log` VALUES ('7bd39c9c60504bd8b65eee8081eaa78c', '1', '--', '1', '2015-12-03 07:30:25', '0:0:0:0:0:0:0:1', 'Mozilla/5.0 (Windows NT 10.0; WOW64) AppleWebKit/537.36 (KHTML, like Gecko) Chrome/46.0.2490.86 Safari/537.36', '/jeesite/a/sys/user/info', 'GET', 'tabPageId=jerichotabiframe_0', '');
INSERT INTO `sys_log` VALUES ('7bd81732666b4e0abb83bfc4a5a0e0bb', '1', '--', '1', '2015-12-03 07:41:38', '0:0:0:0:0:0:0:1', 'Mozilla/5.0 (Windows NT 10.0; WOW64) AppleWebKit/537.36 (KHTML, like Gecko) Chrome/46.0.2490.86 Safari/537.36', '/jeesite/a/sys/menu/', 'GET', 'tabPageId=jerichotabiframe_8', '');
INSERT INTO `sys_log` VALUES ('7c364b6e64464018a6d8be24d2207961', '1', '---', '1', '2015-12-02 21:23:37', '0:0:0:0:0:0:0:1', 'Mozilla/5.0 (Windows NT 10.0; WOW64) AppleWebKit/537.36 (KHTML, like Gecko) Chrome/46.0.2490.86 Safari/537.36', '/jeesite/a/sys/user/list', 'GET', 'office.id=2089309f18aa432590c52d72702b684b&office.name=', '');
INSERT INTO `sys_log` VALUES ('7c4e220acd1e47ff9ca88b9348e23086', '1', '', '1', '2015-12-03 06:52:22', '0:0:0:0:0:0:0:1', 'Mozilla/5.0 (Windows NT 10.0; WOW64) AppleWebKit/537.36 (KHTML, like Gecko) Chrome/46.0.2490.86 Safari/537.36', '/jeesite/a;JSESSIONID=653a362f28e8435299e1a50e0d1791a1', 'GET', '', '');
INSERT INTO `sys_log` VALUES ('7ccb28806a1c43729efe90676e96d1cb', '1', '---', '1', '2015-12-03 07:04:08', '0:0:0:0:0:0:0:1', 'Mozilla/5.0 (Windows NT 10.0; WOW64) AppleWebKit/537.36 (KHTML, like Gecko) Chrome/46.0.2490.86 Safari/537.36', '/jeesite/a/sys/menu/form', 'GET', '', '');
INSERT INTO `sys_log` VALUES ('7e12f41fa5764b1c9ee2b444889a2b0a', '1', '---', 'a8b3597b9fd84408ba5380f3d2d1778c', '2015-12-02 21:18:02', '0:0:0:0:0:0:0:1', 'Mozilla/5.0 (Windows NT 10.0; WOW64) AppleWebKit/537.36 (KHTML, like Gecko) Chrome/46.0.2490.86 Safari/537.36', '/jeesite/a/sys/user/list', 'GET', 'repage=', '');
INSERT INTO `sys_log` VALUES ('7e53f3b0ef7c4104bc7585882896f8c7', '1', '--', '1', '2015-12-02 21:21:40', '0:0:0:0:0:0:0:1', 'Mozilla/5.0 (Windows NT 10.0; WOW64) AppleWebKit/537.36 (KHTML, like Gecko) Chrome/46.0.2490.86 Safari/537.36', '/jeesite/a/sys/role/', 'GET', '', '');
INSERT INTO `sys_log` VALUES ('7fde9fa1b88941169cda04eeab40cd99', '1', '---', '1', '2015-12-02 21:27:21', '0:0:0:0:0:0:0:1', 'Mozilla/5.0 (Windows NT 10.0; WOW64) AppleWebKit/537.36 (KHTML, like Gecko) Chrome/46.0.2490.86 Safari/537.36', '/jeesite/a/sys/role/delete', 'GET', 'id=1', '');
INSERT INTO `sys_log` VALUES ('80119694d34f4231aa9bd5d5cedea4a1', '1', '---', 'a8b3597b9fd84408ba5380f3d2d1778c', '2015-12-02 21:17:58', '0:0:0:0:0:0:0:1', 'Mozilla/5.0 (Windows NT 10.0; WOW64) AppleWebKit/537.36 (KHTML, like Gecko) Chrome/46.0.2490.86 Safari/537.36', '/jeesite/a/sys/user/list', 'GET', 'repage=', '');
INSERT INTO `sys_log` VALUES ('804b6ed6f89342a3908b4f301b370c30', '1', '---', '87060c4c39be40d5bc9ce07afe705be6', '2015-12-03 07:38:56', '0:0:0:0:0:0:0:1', 'Mozilla/5.0 (Windows NT 10.0; WOW64) AppleWebKit/537.36 (KHTML, like Gecko) Chrome/46.0.2490.86 Safari/537.36', '/jeesite/a/sys/user/form', 'GET', '', '');
INSERT INTO `sys_log` VALUES ('8098e3d1f85a40d7acb95c763bac0e25', '1', '--', '1', '2015-12-02 21:31:39', '0:0:0:0:0:0:0:1', 'Mozilla/5.0 (Windows NT 10.0; WOW64; Trident/7.0; rv:11.0) like Gecko', '/jeesite/a/sys/user/modifyPwd', 'GET', 'tabPageId=jerichotabiframe_1', '');
INSERT INTO `sys_log` VALUES ('81b707b09462469b9e6e37176b921ae1', '1', '---', '1', '2015-12-02 21:27:23', '0:0:0:0:0:0:0:1', 'Mozilla/5.0 (Windows NT 10.0; WOW64) AppleWebKit/537.36 (KHTML, like Gecko) Chrome/46.0.2490.86 Safari/537.36', '/jeesite/a/sys/role/delete', 'GET', 'id=4', '');
INSERT INTO `sys_log` VALUES ('821c0765286b440fab6c2b29238a0259', '1', '---', '1', '2015-12-02 21:32:07', '0:0:0:0:0:0:0:1', 'Mozilla/5.0 (Windows NT 10.0; WOW64; Trident/7.0; rv:11.0) like Gecko', '/jeesite/a/cms/article/', 'GET', 'category.id=12', '');
INSERT INTO `sys_log` VALUES ('828011e3623e4e31be6a059a809f5667', '1', '---', '1', '2015-12-03 07:35:56', '0:0:0:0:0:0:0:1', 'Mozilla/5.0 (Windows NT 10.0; WOW64) AppleWebKit/537.36 (KHTML, like Gecko) Chrome/46.0.2490.86 Safari/537.36', '/jeesite/a/sys/menu/save', 'POST', 'id=56daa185c1b849909b9afbf42ee8e835&parent.id=55776620e9a7459d91a74b84813fe5be&parent.name=&name=&href=&target=&icon= icon-reorder&sort=30&isShow=0&permission=sys:sysDatesorces:view&remarks=', '');
INSERT INTO `sys_log` VALUES ('83091ea3712b4859a4a0477754a882d8', '1', '--', '1', '2015-12-02 23:02:11', '0:0:0:0:0:0:0:1', 'Mozilla/5.0 (Windows NT 10.0; WOW64) AppleWebKit/537.36 (KHTML, like Gecko) Chrome/46.0.2490.86 Safari/537.36', '/jeesite/a/sys/user/index', 'GET', 'tabPageId=jerichotabiframe_6', '');
INSERT INTO `sys_log` VALUES ('83310ab4ac0e460aaab6ed68936273d9', '1', '---', 'a8b3597b9fd84408ba5380f3d2d1778c', '2015-12-02 21:16:55', '0:0:0:0:0:0:0:1', 'Mozilla/5.0 (Windows NT 10.0; WOW64) AppleWebKit/537.36 (KHTML, like Gecko) Chrome/46.0.2490.86 Safari/537.36', '/jeesite/a/sys/user/save', 'POST', 'id=7c63751ac8b64dad9cde14e9f5d5f639&photo=&company.id=b5e6470db07445b08e5b792fdfa18bfe&company.name=&office.id=2089309f18aa432590c52d72702b684b&office.name=&no=02000002&name=ceshi&oldLoginName=ceshi&loginName=ceshi&newPassword=&confirmNewPassword=&email=&phone=&mobile=&loginFlag=1&userType=2&roleIdList=3&_roleIdList=on&remarks=', '');
INSERT INTO `sys_log` VALUES ('834687f8ba6548969ba2bf0cb8b11f82', '1', '--', '1', '2015-12-03 07:13:04', '0:0:0:0:0:0:0:1', 'Mozilla/5.0 (Windows NT 10.0; WOW64) AppleWebKit/537.36 (KHTML, like Gecko) Chrome/46.0.2490.86 Safari/537.36', '/jeesite/a/sys/dict/', 'GET', 'tabPageId=jerichotabiframe_2', '');
INSERT INTO `sys_log` VALUES ('83a17643eca84ef38fb84ba11dd5a69d', '1', '', '1', '2015-12-03 07:23:17', '0:0:0:0:0:0:0:1', 'Mozilla/5.0 (Windows NT 10.0; WOW64) AppleWebKit/537.36 (KHTML, like Gecko) Chrome/46.0.2490.86 Safari/537.36', '/jeesite/a', 'GET', 'login=', '');
INSERT INTO `sys_log` VALUES ('84969f4c54bc454fb4f4e32000c8796a', '1', '---', '1', '2015-12-02 21:41:53', '0:0:0:0:0:0:0:1', 'Mozilla/5.0 (Windows NT 10.0; WOW64) AppleWebKit/537.36 (KHTML, like Gecko) Chrome/46.0.2490.86 Safari/537.36', '/jeesite/a/sys/menu/form', 'GET', 'id=29', '');
INSERT INTO `sys_log` VALUES ('84ec47416a034ed4b2c9efe05c0fdc6b', '1', '---', '1', '2015-12-02 21:23:31', '0:0:0:0:0:0:0:1', 'Mozilla/5.0 (Windows NT 10.0; WOW64) AppleWebKit/537.36 (KHTML, like Gecko) Chrome/46.0.2490.86 Safari/537.36', '/jeesite/a/sys/user/list', 'GET', 'office.id=5392344d45ea4e9ba473919e7bba2fe8&office.name=', '');
INSERT INTO `sys_log` VALUES ('8592d626a8ee4bdc9f1bc6cdabf377f9', '1', '--', '1', '2015-12-03 07:08:17', '0:0:0:0:0:0:0:1', 'Mozilla/5.0 (Windows NT 10.0; WOW64) AppleWebKit/537.36 (KHTML, like Gecko) Chrome/46.0.2490.86 Safari/537.36', '/jeesite/a/sys/menu/', 'GET', '', '');
INSERT INTO `sys_log` VALUES ('862e8f8398c94cf7a61e0a100489f5f0', '1', '--', '1', '2015-12-02 21:22:03', '0:0:0:0:0:0:0:1', 'Mozilla/5.0 (Windows NT 10.0; WOW64) AppleWebKit/537.36 (KHTML, like Gecko) Chrome/46.0.2490.86 Safari/537.36', '/jeesite/a/sys/area/', 'GET', 'tabPageId=jerichotabiframe_6', '');
INSERT INTO `sys_log` VALUES ('86419422a3784ba78e1c42e735c8960e', '1', '---', '1', '2015-12-03 07:14:27', '0:0:0:0:0:0:0:1', 'Mozilla/5.0 (Windows NT 10.0; WOW64) AppleWebKit/537.36 (KHTML, like Gecko) Chrome/46.0.2490.86 Safari/537.36', '/jeesite/a/sys/menu/save', 'POST', 'id=f7036a5ac46444819dfc0edc59cae1b0&parent.id=55776620e9a7459d91a74b84813fe5be&parent.name=&name=&href=&target=&icon= icon-edit&sort=60&isShow=0&permission=sys:sysDatesorces:edit&remarks=', '');
INSERT INTO `sys_log` VALUES ('86626c82d16b478da4e28b7f8217feff', '1', '--', '1', '2015-12-03 06:58:30', '0:0:0:0:0:0:0:1', 'Mozilla/5.0 (Windows NT 10.0; WOW64) AppleWebKit/537.36 (KHTML, like Gecko) Chrome/46.0.2490.86 Safari/537.36', '/jeesite/a/sys/dict/', 'GET', 'tabPageId=jerichotabiframe_3', '');
INSERT INTO `sys_log` VALUES ('86df680a5fbe4012ac8d411c4a497257', '1', '--', '1', '2015-12-03 07:12:57', '0:0:0:0:0:0:0:1', 'Mozilla/5.0 (Windows NT 10.0; WOW64) AppleWebKit/537.36 (KHTML, like Gecko) Chrome/46.0.2490.86 Safari/537.36', '/jeesite/a/sys/user/info', 'GET', 'tabPageId=jerichotabiframe_0', '');
INSERT INTO `sys_log` VALUES ('8754bd35f4274425a186c4847c2f4af4', '1', '--', '1', '2015-12-03 07:31:55', '0:0:0:0:0:0:0:1', 'Mozilla/5.0 (Windows NT 10.0; WOW64) AppleWebKit/537.36 (KHTML, like Gecko) Chrome/46.0.2490.86 Safari/537.36', '/jeesite/a/sys/menu/', 'GET', 'tabPageId=jerichotabiframe_6', '');
INSERT INTO `sys_log` VALUES ('87dba0e0ca3f4b2fb8eb7681813b8ea2', '1', '--', '1', '2015-12-03 07:24:13', '0:0:0:0:0:0:0:1', 'Mozilla/5.0 (Windows NT 10.0; WOW64) AppleWebKit/537.36 (KHTML, like Gecko) Chrome/46.0.2490.86 Safari/537.36', '/jeesite/a/gen/genTable', 'GET', 'tabPageId=jerichotabiframe_4', '');
INSERT INTO `sys_log` VALUES ('87eb88ab3ef84749afc2464dfdfac7da', '1', '--', '1', '2015-12-02 20:30:33', '0:0:0:0:0:0:0:1', 'Mozilla/5.0 (Windows NT 10.0; WOW64) AppleWebKit/537.36 (KHTML, like Gecko) Chrome/46.0.2490.86 Safari/537.36', '/jeesite/a/sys/dict/', 'POST', 'pageNo=2&pageSize=30&type=&description=', '');
INSERT INTO `sys_log` VALUES ('8807056c45504a8989608475299e2bea', '1', '---', '1', '2015-12-02 21:27:16', '0:0:0:0:0:0:0:1', 'Mozilla/5.0 (Windows NT 10.0; WOW64) AppleWebKit/537.36 (KHTML, like Gecko) Chrome/46.0.2490.86 Safari/537.36', '/jeesite/a/sys/role/delete', 'GET', 'id=2', '');
INSERT INTO `sys_log` VALUES ('8961a6c3364c405eaa5fee36e1633cc8', '1', '---', '1', '2015-12-02 21:23:56', '0:0:0:0:0:0:0:1', 'Mozilla/5.0 (Windows NT 10.0; WOW64) AppleWebKit/537.36 (KHTML, like Gecko) Chrome/46.0.2490.86 Safari/537.36', '/jeesite/a/sys/office/list', 'GET', 'id=b5e6470db07445b08e5b792fdfa18bfe&parentIds=0,b5e6470db07445b08e5b792fdfa18bfe,', '');
INSERT INTO `sys_log` VALUES ('89710023ffc24b79b77f8160113d495c', '1', '--', '1', '2015-12-02 21:27:27', '0:0:0:0:0:0:0:1', 'Mozilla/5.0 (Windows NT 10.0; WOW64) AppleWebKit/537.36 (KHTML, like Gecko) Chrome/46.0.2490.86 Safari/537.36', '/jeesite/a/sys/role/', 'GET', 'repage=', '');
INSERT INTO `sys_log` VALUES ('89f81d55dd0242c79b7654412d407d54', '1', '---', 'a8b3597b9fd84408ba5380f3d2d1778c', '2015-12-02 21:16:43', '0:0:0:0:0:0:0:1', 'Mozilla/5.0 (Windows NT 10.0; WOW64) AppleWebKit/537.36 (KHTML, like Gecko) Chrome/46.0.2490.86 Safari/537.36', '/jeesite/a/sys/user/form', 'GET', 'id=7c63751ac8b64dad9cde14e9f5d5f639', '');
INSERT INTO `sys_log` VALUES ('8a1a0456e3ac41db965e1dcf0865e906', '1', '---', '87060c4c39be40d5bc9ce07afe705be6', '2015-12-03 07:38:45', '0:0:0:0:0:0:0:1', 'Mozilla/5.0 (Windows NT 10.0; WOW64) AppleWebKit/537.36 (KHTML, like Gecko) Chrome/46.0.2490.86 Safari/537.36', '/jeesite/a/sys/office/list', 'GET', 'id=5392344d45ea4e9ba473919e7bba2fe8&parentIds=0,b5e6470db07445b08e5b792fdfa18bfe,5392344d45ea4e9ba473919e7bba2fe8,', '');
INSERT INTO `sys_log` VALUES ('8a4c5f9631e044c29ee214a0f3e492ec', '1', '---', '87060c4c39be40d5bc9ce07afe705be6', '2015-12-03 07:39:43', '0:0:0:0:0:0:0:1', 'Mozilla/5.0 (Windows NT 10.0; WOW64) AppleWebKit/537.36 (KHTML, like Gecko) Chrome/46.0.2490.86 Safari/537.36', '/jeesite/a/sys/user/list', 'GET', 'repage=', '');
INSERT INTO `sys_log` VALUES ('8aa6120b65ce45b0a72148605cd7c9c6', '1', '---', '1', '2015-12-02 21:34:19', '0:0:0:0:0:0:0:1', 'Mozilla/5.0 (Windows NT 10.0; WOW64) AppleWebKit/537.36 (KHTML, like Gecko) Chrome/46.0.2490.86 Safari/537.36', '/jeesite/a/sys/user/list', 'GET', '', '');
INSERT INTO `sys_log` VALUES ('8aa9e1c5d788476fa21e35ca37d84beb', '1', '---', '87060c4c39be40d5bc9ce07afe705be6', '2015-12-02 21:29:52', '0:0:0:0:0:0:0:1', 'Mozilla/5.0 (Windows NT 10.0; WOW64) AppleWebKit/537.36 (KHTML, like Gecko) Chrome/46.0.2490.86 Safari/537.36', '/jeesite/a/sys/user/list', 'GET', '', '');
INSERT INTO `sys_log` VALUES ('8b842648135f46e7bd44d68871b08584', '1', '--', '1', '2015-12-02 21:35:51', '0:0:0:0:0:0:0:1', 'Mozilla/5.0 (Windows NT 10.0; WOW64) AppleWebKit/537.36 (KHTML, like Gecko) Chrome/46.0.2490.86 Safari/537.36', '/jeesite/a/sys/menu/', 'GET', '', '');
INSERT INTO `sys_log` VALUES ('8d5e29ccf5d34bd68a9c88e9b16a4a10', '1', '--', '1', '2015-12-03 07:41:36', '0:0:0:0:0:0:0:1', 'Mozilla/5.0 (Windows NT 10.0; WOW64) AppleWebKit/537.36 (KHTML, like Gecko) Chrome/46.0.2490.86 Safari/537.36', '/jeesite/a/sys/sysDatesorces/', 'GET', 'tabPageId=jerichotabiframe_6', '');
INSERT INTO `sys_log` VALUES ('8df2f80415ac411f88d218e5261f05a8', '1', '--', '1', '2015-12-03 07:31:46', '0:0:0:0:0:0:0:1', 'Mozilla/5.0 (Windows NT 10.0; WOW64) AppleWebKit/537.36 (KHTML, like Gecko) Chrome/46.0.2490.86 Safari/537.36', '/jeesite/a/sys/sysDatesorces/', 'POST', 'pageNo=1&pageSize=30&dbsType=&dbsName=&dbsUrl=', '');
INSERT INTO `sys_log` VALUES ('8ea7df911fcc4c708d2619074c06e088', '1', '--', '1', '2015-12-03 07:12:02', '0:0:0:0:0:0:0:1', 'Mozilla/5.0 (Windows NT 10.0; WOW64) AppleWebKit/537.36 (KHTML, like Gecko) Chrome/46.0.2490.86 Safari/537.36', '/jeesite/a/sys/menu/', 'GET', '', '');
INSERT INTO `sys_log` VALUES ('8eb39eaafd0e4bfb9f6e92c2ba903e0c', '1', '---', '1', '2015-12-02 21:25:19', '0:0:0:0:0:0:0:1', 'Mozilla/5.0 (Windows NT 10.0; WOW64) AppleWebKit/537.36 (KHTML, like Gecko) Chrome/46.0.2490.86 Safari/537.36', '/jeesite/a/sys/user/list', 'GET', 'repage=', '');
INSERT INTO `sys_log` VALUES ('8f15b2c136d44bbf99c0c6cf8322109e', '1', '--', '1', '2015-12-02 20:17:02', '0:0:0:0:0:0:0:1', 'Mozilla/5.0 (Windows NT 10.0; WOW64) AppleWebKit/537.36 (KHTML, like Gecko) Chrome/46.0.2490.86 Safari/537.36', '/jeesite/a/sys/dict/', 'POST', 'pageNo=1&pageSize=30&type=act_type&description=', '');
INSERT INTO `sys_log` VALUES ('8f1de9b5dc024cebade67e61ff416864', '1', '---', '1', '2015-12-02 21:09:36', '0:0:0:0:0:0:0:1', 'Mozilla/5.0 (Windows NT 10.0; WOW64) AppleWebKit/537.36 (KHTML, like Gecko) Chrome/46.0.2490.86 Safari/537.36', '/jeesite/a/sys/user/list', 'GET', '', '');
INSERT INTO `sys_log` VALUES ('8f541ddd52044662ba9318a1dcbbcbd0', '1', '--', '1', '2015-12-02 21:34:22', '0:0:0:0:0:0:0:1', 'Mozilla/5.0 (Windows NT 10.0; WOW64) AppleWebKit/537.36 (KHTML, like Gecko) Chrome/46.0.2490.86 Safari/537.36', '/jeesite/a/sys/menu/', 'GET', 'tabPageId=jerichotabiframe_3', '');
INSERT INTO `sys_log` VALUES ('902788dcdcb249819df4cf1b2e74d4e9', '1', '--', '1', '2015-12-02 20:31:11', '0:0:0:0:0:0:0:1', 'Mozilla/5.0 (Windows NT 10.0; WOW64) AppleWebKit/537.36 (KHTML, like Gecko) Chrome/46.0.2490.86 Safari/537.36', '/jeesite/a/sys/dict/', 'POST', 'pageNo=2&pageSize=30&type=sys_area_type&description=', '');
INSERT INTO `sys_log` VALUES ('90286782147e45b1907daa77400c3340', '1', '---', '1', '2015-12-02 21:23:36', '0:0:0:0:0:0:0:1', 'Mozilla/5.0 (Windows NT 10.0; WOW64) AppleWebKit/537.36 (KHTML, like Gecko) Chrome/46.0.2490.86 Safari/537.36', '/jeesite/a/sys/user/list', 'GET', 'office.id=b5e6470db07445b08e5b792fdfa18bfe&office.name=', '');
INSERT INTO `sys_log` VALUES ('90ab6dbd84134012927c4018b31e2f4b', '1', '--', '1', '2015-12-03 06:52:29', '0:0:0:0:0:0:0:1', 'Mozilla/5.0 (Windows NT 10.0; WOW64) AppleWebKit/537.36 (KHTML, like Gecko) Chrome/46.0.2490.86 Safari/537.36', '/jeesite/a/sys/user/info', 'GET', 'tabPageId=jerichotabiframe_0', '');
INSERT INTO `sys_log` VALUES ('9119b575521e4743ba01fd7c1e22be58', '1', '--', '1', '2015-12-03 07:35:26', '0:0:0:0:0:0:0:1', 'Mozilla/5.0 (Windows NT 10.0; WOW64) AppleWebKit/537.36 (KHTML, like Gecko) Chrome/46.0.2490.86 Safari/537.36', '/jeesite/a/sys/menu/', 'GET', '', '');
INSERT INTO `sys_log` VALUES ('92aad9b6438b4ea28ba3272f6b7b3aff', '1', '--', '1', '2015-12-02 20:31:05', '0:0:0:0:0:0:0:1', 'Mozilla/5.0 (Windows NT 10.0; WOW64) AppleWebKit/537.36 (KHTML, like Gecko) Chrome/46.0.2490.86 Safari/537.36', '/jeesite/a/sys/dict/', 'POST', 'pageNo=2&pageSize=30&type=&description=', '');
INSERT INTO `sys_log` VALUES ('934911c14f6e4dceae25252dabeeb2a3', '1', '---', '1', '2015-12-02 21:10:20', '0:0:0:0:0:0:0:1', 'Mozilla/5.0 (Windows NT 10.0; WOW64) AppleWebKit/537.36 (KHTML, like Gecko) Chrome/46.0.2490.86 Safari/537.36', '/jeesite/a/sys/office/list', 'GET', 'id=&parentIds=', '');
INSERT INTO `sys_log` VALUES ('9371dc1da4784356ab6f72c79b112329', '1', '---', '1', '2015-12-02 23:02:12', '0:0:0:0:0:0:0:1', 'Mozilla/5.0 (Windows NT 10.0; WOW64) AppleWebKit/537.36 (KHTML, like Gecko) Chrome/46.0.2490.86 Safari/537.36', '/jeesite/a/sys/user/list', 'GET', '', '');
INSERT INTO `sys_log` VALUES ('93baf1b3815541128a4edbf8e532e6b3', '1', '---', 'a8b3597b9fd84408ba5380f3d2d1778c', '2015-12-02 21:12:52', '0:0:0:0:0:0:0:1', 'Mozilla/5.0 (Windows NT 10.0; WOW64) AppleWebKit/537.36 (KHTML, like Gecko) Chrome/46.0.2490.86 Safari/537.36', '/jeesite/a/sys/area/form', 'GET', 'id=e6a9942c4c044093af32987e9119f1e8', '');
INSERT INTO `sys_log` VALUES ('949590c2f0f34c75829de95523051ea7', '1', '---', 'a8b3597b9fd84408ba5380f3d2d1778c', '2015-12-02 21:17:58', '0:0:0:0:0:0:0:1', 'Mozilla/5.0 (Windows NT 10.0; WOW64) AppleWebKit/537.36 (KHTML, like Gecko) Chrome/46.0.2490.86 Safari/537.36', '/jeesite/a/sys/user/delete', 'GET', 'id=5', '');
INSERT INTO `sys_log` VALUES ('94a22c947acc487aa195453b6d12fdb8', '1', '-', '1', '2015-12-02 21:32:02', '0:0:0:0:0:0:0:1', 'Mozilla/5.0 (Windows NT 10.0; WOW64; Trident/7.0; rv:11.0) like Gecko', '/jeesite/a/cms/none/', 'GET', 'category.id=27', '');
INSERT INTO `sys_log` VALUES ('94b4d7ad6d564bbb8089a4b0b7bd9d55', '1', '', '1', '2015-12-03 07:31:25', '0:0:0:0:0:0:0:1', 'Mozilla/5.0 (Windows NT 10.0; WOW64) AppleWebKit/537.36 (KHTML, like Gecko) Chrome/46.0.2490.86 Safari/537.36', '/jeesite/a', 'GET', 'login=', '');
INSERT INTO `sys_log` VALUES ('94f9859c4d5e446c97ca389f8d52df0b', '1', '---', '1', '2015-12-02 21:11:19', '0:0:0:0:0:0:0:1', 'Mozilla/5.0 (Windows NT 10.0; WOW64) AppleWebKit/537.36 (KHTML, like Gecko) Chrome/46.0.2490.86 Safari/537.36', '/jeesite/a/sys/office/save', 'POST', 'id=&parent.id=&parent.name=&area.id=e6a9942c4c044093af32987e9119f1e8&area.name=&name=&code=0200001&type=1&grade=1&useable=1&primaryPerson.id=&office.primaryPerson.name=&deputyPerson.id=&office.deputyPerson.name=&address=&zipCode=&master=&phone=&fax=&email=&remarks=&childDeptList=1&_childDeptList=on', '');
INSERT INTO `sys_log` VALUES ('950730d2801a4a4a9b7434b47a75e0d1', '1', '--', '1', '2015-12-03 07:31:47', '0:0:0:0:0:0:0:1', 'Mozilla/5.0 (Windows NT 10.0; WOW64) AppleWebKit/537.36 (KHTML, like Gecko) Chrome/46.0.2490.86 Safari/537.36', '/jeesite/a/sys/sysDatesorces/', 'POST', 'pageNo=1&pageSize=30&dbsType=&dbsName=&dbsUrl=', '');
INSERT INTO `sys_log` VALUES ('950b8fd4becc402591cce3bc22c9c630', '1', '---', 'a8b3597b9fd84408ba5380f3d2d1778c', '2015-12-02 21:17:47', '0:0:0:0:0:0:0:1', 'Mozilla/5.0 (Windows NT 10.0; WOW64) AppleWebKit/537.36 (KHTML, like Gecko) Chrome/46.0.2490.86 Safari/537.36', '/jeesite/a/sys/user/delete', 'GET', 'id=2', '');
INSERT INTO `sys_log` VALUES ('959cd3cc72e14a4780960f2fbef27aa4', '1', '---', '1', '2015-12-02 21:35:54', '0:0:0:0:0:0:0:1', 'Mozilla/5.0 (Windows NT 10.0; WOW64) AppleWebKit/537.36 (KHTML, like Gecko) Chrome/46.0.2490.86 Safari/537.36', '/jeesite/a/sys/menu/form', 'GET', 'id=29', '');
INSERT INTO `sys_log` VALUES ('95c74d0e2d984ade8b8d7ae6bbae9a2b', '1', '--', '1', '2015-12-03 07:15:25', '0:0:0:0:0:0:0:1', 'Mozilla/5.0 (Windows NT 10.0; WOW64) AppleWebKit/537.36 (KHTML, like Gecko) Chrome/46.0.2490.86 Safari/537.36', '/jeesite/a/sys/dict/', 'GET', 'tabPageId=jerichotabiframe_3', '');
INSERT INTO `sys_log` VALUES ('95f9fd2ea39946d58de1aa78837f046a', '1', '--', '1', '2015-12-03 07:15:13', '0:0:0:0:0:0:0:1', 'Mozilla/5.0 (Windows NT 10.0; WOW64) AppleWebKit/537.36 (KHTML, like Gecko) Chrome/46.0.2490.86 Safari/537.36', '/jeesite/a/sys/user/info', 'GET', 'tabPageId=jerichotabiframe_0', '');
INSERT INTO `sys_log` VALUES ('95fe7911bfcb4a528bfa8f65e8d8ba8d', '1', '--', '1', '2015-12-03 07:14:44', '0:0:0:0:0:0:0:1', 'Mozilla/5.0 (Windows NT 10.0; WOW64) AppleWebKit/537.36 (KHTML, like Gecko) Chrome/46.0.2490.86 Safari/537.36', '/jeesite/a/sys/menu/', 'GET', 'tabPageId=jerichotabiframe_4', '');
INSERT INTO `sys_log` VALUES ('963baec319344b8bb2211abc9dccc425', '1', '--', '1', '2015-12-03 07:24:08', '0:0:0:0:0:0:0:1', 'Mozilla/5.0 (Windows NT 10.0; WOW64) AppleWebKit/537.36 (KHTML, like Gecko) Chrome/46.0.2490.86 Safari/537.36', '/jeesite/a/sys/dict/', 'GET', 'tabPageId=jerichotabiframe_3', '');
INSERT INTO `sys_log` VALUES ('97d7c588b20a4ac18096225d65b888fd', '1', '---', '1', '2015-12-03 07:15:42', '0:0:0:0:0:0:0:1', 'Mozilla/5.0 (Windows NT 10.0; WOW64) AppleWebKit/537.36 (KHTML, like Gecko) Chrome/46.0.2490.86 Safari/537.36', '/jeesite/a/sys/user/list', 'GET', '', '');
INSERT INTO `sys_log` VALUES ('99f2d24101d94842bc850fca416de973', '1', '--', '1', '2015-12-03 07:15:21', '0:0:0:0:0:0:0:1', 'Mozilla/5.0 (Windows NT 10.0; WOW64) AppleWebKit/537.36 (KHTML, like Gecko) Chrome/46.0.2490.86 Safari/537.36', '/jeesite/a/sys/user/index', 'GET', 'tabPageId=jerichotabiframe_1', '');
INSERT INTO `sys_log` VALUES ('9a3c57d85f964d808ddfe63fadcf617d', '1', '---', '1', '2015-12-03 07:15:21', '0:0:0:0:0:0:0:1', 'Mozilla/5.0 (Windows NT 10.0; WOW64) AppleWebKit/537.36 (KHTML, like Gecko) Chrome/46.0.2490.86 Safari/537.36', '/jeesite/a/sys/user/list', 'GET', '', '');
INSERT INTO `sys_log` VALUES ('9aac4bc5d0d943dea230ebd09e8f8cc0', '1', '---', '1', '2015-12-03 07:32:21', '0:0:0:0:0:0:0:1', 'Mozilla/5.0 (Windows NT 10.0; WOW64) AppleWebKit/537.36 (KHTML, like Gecko) Chrome/46.0.2490.86 Safari/537.36', '/jeesite/a/sys/menu/save', 'POST', 'id=55776620e9a7459d91a74b84813fe5be&parent.id=3&parent.name=&name=&href=/sys/sysDatesorces/&target=&icon= icon-check-empty&sort=5030&isShow=1&permission=&remarks=', '');
INSERT INTO `sys_log` VALUES ('9afe90afc062493d8436e3c26f278a81', '1', '---', '1', '2015-12-03 07:00:07', '0:0:0:0:0:0:0:1', 'Mozilla/5.0 (Windows NT 10.0; WOW64) AppleWebKit/537.36 (KHTML, like Gecko) Chrome/46.0.2490.86 Safari/537.36', '/jeesite/a/test/testData/', 'GET', 'repage=', '');
INSERT INTO `sys_log` VALUES ('9c2b0b1377fe426599a93cd76cf389b8', '1', '--', '1', '2015-12-02 20:33:36', '0:0:0:0:0:0:0:1', 'Mozilla/5.0 (Windows NT 10.0; WOW64) AppleWebKit/537.36 (KHTML, like Gecko) Chrome/46.0.2490.86 Safari/537.36', '/jeesite/a/sys/area/', 'GET', '', '');
INSERT INTO `sys_log` VALUES ('9c98eec758884100a7f676a3cd1ec6c0', '1', '---', '1', '2015-12-02 21:29:20', '0:0:0:0:0:0:0:1', 'Mozilla/5.0 (Windows NT 10.0; WOW64) AppleWebKit/537.36 (KHTML, like Gecko) Chrome/46.0.2490.86 Safari/537.36', '/jeesite/a/sys/user/form', 'GET', '', '');
INSERT INTO `sys_log` VALUES ('9cfb8cf279414a26940157e361674230', '1', '---', 'a8b3597b9fd84408ba5380f3d2d1778c', '2015-12-02 21:17:03', '0:0:0:0:0:0:0:1', 'Mozilla/5.0 (Windows NT 10.0; WOW64) AppleWebKit/537.36 (KHTML, like Gecko) Chrome/46.0.2490.86 Safari/537.36', '/jeesite/a/sys/role/assign', 'GET', 'id=3', '');
INSERT INTO `sys_log` VALUES ('9d7dda1c0ebf48368899a7ee245bb1ba', '1', '---', '87060c4c39be40d5bc9ce07afe705be6', '2015-12-03 07:37:46', '0:0:0:0:0:0:0:1', 'Mozilla/5.0 (Windows NT 10.0; WOW64) AppleWebKit/537.36 (KHTML, like Gecko) Chrome/46.0.2490.86 Safari/537.36', '/jeesite/a/sys/office/list', 'GET', 'id=&parentIds=', '');
INSERT INTO `sys_log` VALUES ('9e37808564714a41931ff6fd80e182d3', '1', '---', '1', '2015-12-03 07:04:05', '0:0:0:0:0:0:0:1', 'Mozilla/5.0 (Windows NT 10.0; WOW64) AppleWebKit/537.36 (KHTML, like Gecko) Chrome/46.0.2490.86 Safari/537.36', '/jeesite/a/sys/office/list', 'GET', 'id=&parentIds=', '');
INSERT INTO `sys_log` VALUES ('9e66407ce783467d8d42c9750fe2b902', '1', '---', '87060c4c39be40d5bc9ce07afe705be6', '2015-12-03 07:38:46', '0:0:0:0:0:0:0:1', 'Mozilla/5.0 (Windows NT 10.0; WOW64) AppleWebKit/537.36 (KHTML, like Gecko) Chrome/46.0.2490.86 Safari/537.36', '/jeesite/a/sys/office/list', 'GET', 'id=5392344d45ea4e9ba473919e7bba2fe8&parentIds=0,b5e6470db07445b08e5b792fdfa18bfe,5392344d45ea4e9ba473919e7bba2fe8,', '');
INSERT INTO `sys_log` VALUES ('9f1969271a76448d8384888ca4fa8bc2', '1', '--', '1', '2015-12-02 20:12:39', '0:0:0:0:0:0:0:1', 'Mozilla/5.0 (Windows NT 10.0; WOW64) AppleWebKit/537.36 (KHTML, like Gecko) Chrome/46.0.2490.86 Safari/537.36', '/jeesite/a/oa/oaNotify/self', 'GET', 'tabPageId=jerichotabiframe_2', '');
INSERT INTO `sys_log` VALUES ('9f5f727354744bda8ff18c3820d87cf1', '1', '---', '1', '2015-12-02 21:25:29', '0:0:0:0:0:0:0:1', 'Mozilla/5.0 (Windows NT 10.0; WOW64) AppleWebKit/537.36 (KHTML, like Gecko) Chrome/46.0.2490.86 Safari/537.36', '/jeesite/a/sys/office/list', 'GET', 'id=b5e6470db07445b08e5b792fdfa18bfe&parentIds=0,b5e6470db07445b08e5b792fdfa18bfe,', '');
INSERT INTO `sys_log` VALUES ('9fac13e24c5e4bfaa272910a24b0b508', '1', '---', '1', '2015-12-03 07:36:59', '0:0:0:0:0:0:0:1', 'Mozilla/5.0 (Windows NT 10.0; WOW64) AppleWebKit/537.36 (KHTML, like Gecko) Chrome/46.0.2490.86 Safari/537.36', '/jeesite/a/sys/role/form', 'GET', 'id=3', '');
INSERT INTO `sys_log` VALUES ('9ff54abf5edb491abe380c3dbc9a7d35', '1', '--', '1', '2015-12-03 07:31:46', '0:0:0:0:0:0:0:1', 'Mozilla/5.0 (Windows NT 10.0; WOW64) AppleWebKit/537.36 (KHTML, like Gecko) Chrome/46.0.2490.86 Safari/537.36', '/jeesite/a/sys/sysDatesorces/', 'POST', 'pageNo=1&pageSize=30&dbsType=&dbsName=&dbsUrl=', '');
INSERT INTO `sys_log` VALUES ('9fff5442efe64d5587e724c18aa33c47', '1', '--', '1', '2015-12-03 07:24:15', '0:0:0:0:0:0:0:1', 'Mozilla/5.0 (Windows NT 10.0; WOW64) AppleWebKit/537.36 (KHTML, like Gecko) Chrome/46.0.2490.86 Safari/537.36', '/jeesite/a/test/testData', 'GET', 'tabPageId=jerichotabiframe_5', '');
INSERT INTO `sys_log` VALUES ('a05667346f9747bd8c9f7281555d0c0b', '1', '---', '1', '2015-12-02 21:09:57', '0:0:0:0:0:0:0:1', 'Mozilla/5.0 (Windows NT 10.0; WOW64) AppleWebKit/537.36 (KHTML, like Gecko) Chrome/46.0.2490.86 Safari/537.36', '/jeesite/a/sys/office/list', 'GET', 'id=&parentIds=', '');
INSERT INTO `sys_log` VALUES ('a12773bb9cec4adda85663040e1bf8f5', '1', '', '1', '2015-12-02 21:41:53', '0:0:0:0:0:0:0:1', 'Mozilla/5.0 (Windows NT 10.0; WOW64) AppleWebKit/537.36 (KHTML, like Gecko) Chrome/46.0.2490.86 Safari/537.36', '/jeesite/a/sys/menu/form', 'GET', 'id=29', '');
INSERT INTO `sys_log` VALUES ('a14e7ffc6390480dbac7c857dd734f0c', '1', '--', '1', '2015-12-03 07:31:29', '0:0:0:0:0:0:0:1', 'Mozilla/5.0 (Windows NT 10.0; WOW64) AppleWebKit/537.36 (KHTML, like Gecko) Chrome/46.0.2490.86 Safari/537.36', '/jeesite/a/sys/user/index', 'GET', 'tabPageId=jerichotabiframe_1', '');
INSERT INTO `sys_log` VALUES ('a16ba4e71bbc4e238a9f8a5bf2d701da', '1', '---', 'a8b3597b9fd84408ba5380f3d2d1778c', '2015-12-02 21:20:02', '0:0:0:0:0:0:0:1', 'Mozilla/5.0 (Windows NT 10.0; WOW64) AppleWebKit/537.36 (KHTML, like Gecko) Chrome/46.0.2490.86 Safari/537.36', '/jeesite/a/sys/role/save', 'POST', 'id=3&office.id=2089309f18aa432590c52d72702b684b&office.name=&oldName=&name=&oldEnname=a&enname=a&roleType=assignment&sysData=1&useable=1&dataScope=3&menuIds=1,27,28,29,30,71,56,57,58,59,2,13,20,21,22,17,18,19,14,15,16,67,68,84,85&officeIds=&remarks=', '');
INSERT INTO `sys_log` VALUES ('a1799ace3b96440d86604545089f98e2', '1', '---', '1', '2015-12-02 20:33:58', '0:0:0:0:0:0:0:1', 'Mozilla/5.0 (Windows NT 10.0; WOW64) AppleWebKit/537.36 (KHTML, like Gecko) Chrome/46.0.2490.86 Safari/537.36', '/jeesite/a/sys/area/save', 'POST', 'id=&parent.id=308d231da7114ee88cabaeb920f40760&parent.name=&name=&code=&type=4&remarks=', '');
INSERT INTO `sys_log` VALUES ('a1ae4ecf58494d88b9c9ccdd7c594d78', '1', '--', '1', '2015-12-03 07:14:03', '0:0:0:0:0:0:0:1', 'Mozilla/5.0 (Windows NT 10.0; WOW64) AppleWebKit/537.36 (KHTML, like Gecko) Chrome/46.0.2490.86 Safari/537.36', '/jeesite/a/sys/menu/', 'GET', '', '');
INSERT INTO `sys_log` VALUES ('a246b956df8d43759319bba9f874bf15', '1', '--', '1', '2015-12-03 07:30:00', '0:0:0:0:0:0:0:1', 'Mozilla/5.0 (Windows NT 10.0; WOW64) AppleWebKit/537.36 (KHTML, like Gecko) Chrome/46.0.2490.86 Safari/537.36', '/jeesite/a/gen/genScheme', 'GET', 'tabPageId=jerichotabiframe_4', '');
INSERT INTO `sys_log` VALUES ('a297756190c44c3996392d0531a0daee', '1', '---', '1', '2015-12-02 23:09:52', '0:0:0:0:0:0:0:1', 'Mozilla/5.0 (Windows NT 10.0; WOW64) AppleWebKit/537.36 (KHTML, like Gecko) Chrome/46.0.2490.86 Safari/537.36', '/jeesite/a/sys/menu/form', 'GET', 'id=3c92c17886944d0687e73e286cada573', '');
INSERT INTO `sys_log` VALUES ('a2bb8a7ad7c7462ebe21dfe2fe3acd32', '1', '--', '1', '2015-12-02 20:16:19', '0:0:0:0:0:0:0:1', 'Mozilla/5.0 (Windows NT 10.0; WOW64) AppleWebKit/537.36 (KHTML, like Gecko) Chrome/46.0.2490.86 Safari/537.36', '/jeesite/a/sys/dict/', 'POST', 'pageNo=1&pageSize=30&type=act_category&description=', '');
INSERT INTO `sys_log` VALUES ('a307c3ebb6e6470494a7c125f941115a', '1', '---', 'a8b3597b9fd84408ba5380f3d2d1778c', '2015-12-02 21:15:23', '0:0:0:0:0:0:0:1', 'Mozilla/5.0 (Windows NT 10.0; WOW64) AppleWebKit/537.36 (KHTML, like Gecko) Chrome/46.0.2490.86 Safari/537.36', '/jeesite/a/sys/user/list', 'GET', 'office.id=2089309f18aa432590c52d72702b684b&office.name=', '');
INSERT INTO `sys_log` VALUES ('a36cb475e525476b8c380798d191021e', '1', '--', '1', '2015-12-03 07:08:01', '0:0:0:0:0:0:0:1', 'Mozilla/5.0 (Windows NT 10.0; WOW64) AppleWebKit/537.36 (KHTML, like Gecko) Chrome/46.0.2490.86 Safari/537.36', '/jeesite/a/sys/menu/', 'GET', '', '');
INSERT INTO `sys_log` VALUES ('a3d26b44616049a890d814cdc752f549', '1', '---', '1', '2015-12-02 20:29:50', '0:0:0:0:0:0:0:1', 'Mozilla/5.0 (Windows NT 10.0; WOW64) AppleWebKit/537.36 (KHTML, like Gecko) Chrome/46.0.2490.86 Safari/537.36', '/jeesite/a/sys/office/list', 'GET', 'id=&parentIds=', '');
INSERT INTO `sys_log` VALUES ('a410ae8a8205415e93d2a30961c93420', '1', '', '1', '2015-12-03 07:07:55', '0:0:0:0:0:0:0:1', 'Mozilla/5.0 (Windows NT 10.0; WOW64) AppleWebKit/537.36 (KHTML, like Gecko) Chrome/46.0.2490.86 Safari/537.36', '/jeesite/a/sys/menu/form', 'GET', 'parent.id=55776620e9a7459d91a74b84813fe5be', '');
INSERT INTO `sys_log` VALUES ('a443a45b3cae4398b6074ef46f30e968', '1', '---', '1', '2015-12-02 20:32:38', '0:0:0:0:0:0:0:1', 'Mozilla/5.0 (Windows NT 10.0; WOW64) AppleWebKit/537.36 (KHTML, like Gecko) Chrome/46.0.2490.86 Safari/537.36', '/jeesite/a/sys/area/form', 'GET', '', '');
INSERT INTO `sys_log` VALUES ('a489c4e52b1f4662ac019c6de969e4ae', '1', '---', 'a8b3597b9fd84408ba5380f3d2d1778c', '2015-12-02 21:12:46', '0:0:0:0:0:0:0:1', 'Mozilla/5.0 (Windows NT 10.0; WOW64) AppleWebKit/537.36 (KHTML, like Gecko) Chrome/46.0.2490.86 Safari/537.36', '/jeesite/a/sys/office/list', 'GET', 'id=&parentIds=', '');
INSERT INTO `sys_log` VALUES ('a555d56db61e41faad91c5f26b4b0aff', '1', '---', '1', '2015-12-03 07:11:56', '0:0:0:0:0:0:0:1', 'Mozilla/5.0 (Windows NT 10.0; WOW64) AppleWebKit/537.36 (KHTML, like Gecko) Chrome/46.0.2490.86 Safari/537.36', '/jeesite/a/sys/menu/form', 'GET', 'id=11', '');
INSERT INTO `sys_log` VALUES ('a71c245a2cd84139b0b605f728ae74bb', '1', '--', '1', '2015-12-02 20:15:34', '0:0:0:0:0:0:0:1', 'Mozilla/5.0 (Windows NT 10.0; WOW64) AppleWebKit/537.36 (KHTML, like Gecko) Chrome/46.0.2490.86 Safari/537.36', '/jeesite/a/sys/dict/', 'POST', 'pageNo=1&pageSize=30&type=act_category&description=', '');
INSERT INTO `sys_log` VALUES ('a75025dec385485ca7cca7d4aa9b6eee', '1', '---', '1', '2015-12-03 07:00:17', '0:0:0:0:0:0:0:1', 'Mozilla/5.0 (Windows NT 10.0; WOW64) AppleWebKit/537.36 (KHTML, like Gecko) Chrome/46.0.2490.86 Safari/537.36', '/jeesite/a/test/testData/form', 'GET', 'id=77c6a6ae707549f685abbd1630bd36f1', '');
INSERT INTO `sys_log` VALUES ('a8964ee1827840769d94d2e22dc244af', '1', '---', 'a8b3597b9fd84408ba5380f3d2d1778c', '2015-12-02 21:18:44', '0:0:0:0:0:0:0:1', 'Mozilla/5.0 (Windows NT 10.0; WOW64) AppleWebKit/537.36 (KHTML, like Gecko) Chrome/46.0.2490.86 Safari/537.36', '/jeesite/a/sys/role/form', 'GET', 'id=3', '');
INSERT INTO `sys_log` VALUES ('a8e075c4d29f468b8c56c8d69c65556a', '1', '---', '1', '2015-12-03 07:40:11', '0:0:0:0:0:0:0:1', 'Mozilla/5.0 (Windows NT 10.0; WOW64) AppleWebKit/537.36 (KHTML, like Gecko) Chrome/46.0.2490.86 Safari/537.36', '/jeesite/a/sys/role/form', 'GET', '', '');
INSERT INTO `sys_log` VALUES ('a913118098ce474381ded455a0b8a545', '1', '--', '1', '2015-12-02 20:12:47', '0:0:0:0:0:0:0:1', 'Mozilla/5.0 (Windows NT 10.0; WOW64) AppleWebKit/537.36 (KHTML, like Gecko) Chrome/46.0.2490.86 Safari/537.36', '/jeesite/a/act/task/todo/', 'GET', 'tabPageId=jerichotabiframe_4', '');
INSERT INTO `sys_log` VALUES ('a961d7977c0d4701bc339af957ad7e7d', '1', '---', '1', '2015-12-02 20:15:46', '0:0:0:0:0:0:0:1', 'Mozilla/5.0 (Windows NT 10.0; WOW64) AppleWebKit/537.36 (KHTML, like Gecko) Chrome/46.0.2490.86 Safari/537.36', '/jeesite/a/sys/dict/form', 'GET', 'description=&type=act_type&sort=20', '');
INSERT INTO `sys_log` VALUES ('a9d46f450bdf4ef98d33458fe7ba1595', '1', '--', '1', '2015-12-02 21:33:54', '0:0:0:0:0:0:0:1', 'Mozilla/5.0 (Windows NT 10.0; WOW64) AppleWebKit/537.36 (KHTML, like Gecko) Chrome/46.0.2490.86 Safari/537.36', '/jeesite/a/sys/user/modifyPwd', 'GET', 'tabPageId=jerichotabiframe_1', '');
INSERT INTO `sys_log` VALUES ('aa2025478a954659b9990e1c8db724e5', '1', '--', '1', '2015-12-03 06:58:38', '0:0:0:0:0:0:0:1', 'Mozilla/5.0 (Windows NT 10.0; WOW64) AppleWebKit/537.36 (KHTML, like Gecko) Chrome/46.0.2490.86 Safari/537.36', '/jeesite/a/sys/log', 'GET', 'tabPageId=jerichotabiframe_9', '');
INSERT INTO `sys_log` VALUES ('aa9f73577ddf43beb2a10442c3bffff8', '1', '--', '1', '2015-12-02 20:17:13', '0:0:0:0:0:0:0:1', 'Mozilla/5.0 (Windows NT 10.0; WOW64) AppleWebKit/537.36 (KHTML, like Gecko) Chrome/46.0.2490.86 Safari/537.36', '/jeesite/a/sys/dict/', 'POST', 'pageNo=1&pageSize=30&type=act_type&description=', '');
INSERT INTO `sys_log` VALUES ('aaa71e530e7b41a8abbfca0fc64d554b', '1', '--', '1', '2015-12-03 07:39:58', '0:0:0:0:0:0:0:1', 'Mozilla/5.0 (Windows NT 10.0; WOW64) AppleWebKit/537.36 (KHTML, like Gecko) Chrome/46.0.2490.86 Safari/537.36', '/jeesite/a/sys/role/', 'GET', 'tabPageId=jerichotabiframe_4', '');
INSERT INTO `sys_log` VALUES ('aabc70df4c774266bf49e628d2e9189a', '1', '---', '1', '2015-12-02 21:10:07', '0:0:0:0:0:0:0:1', 'Mozilla/5.0 (Windows NT 10.0; WOW64) AppleWebKit/537.36 (KHTML, like Gecko) Chrome/46.0.2490.86 Safari/537.36', '/jeesite/a/sys/office/list', 'GET', 'id=0&parentIds=0,', '');
INSERT INTO `sys_log` VALUES ('ab3f894ddbb44e539963625d697a5a1f', '1', '---', '1', '2015-12-02 20:31:48', '0:0:0:0:0:0:0:1', 'Mozilla/5.0 (Windows NT 10.0; WOW64) AppleWebKit/537.36 (KHTML, like Gecko) Chrome/46.0.2490.86 Safari/537.36', '/jeesite/a/sys/dict/form', 'GET', 'description=&type=sys_area_type&sort=20', '');
INSERT INTO `sys_log` VALUES ('ab8cf0d240044313b2233b13514768d4', '1', '--', '1', '2015-12-03 07:15:42', '0:0:0:0:0:0:0:1', 'Mozilla/5.0 (Windows NT 10.0; WOW64) AppleWebKit/537.36 (KHTML, like Gecko) Chrome/46.0.2490.86 Safari/537.36', '/jeesite/a/sys/user/index', 'GET', 'tabPageId=jerichotabiframe_3', '');
INSERT INTO `sys_log` VALUES ('ac3bfc8142114747afa1ed7a74bd2bd0', '1', '---', '1', '2015-12-02 21:24:16', '0:0:0:0:0:0:0:1', 'Mozilla/5.0 (Windows NT 10.0; WOW64) AppleWebKit/537.36 (KHTML, like Gecko) Chrome/46.0.2490.86 Safari/537.36', '/jeesite/a/sys/office/form', 'GET', 'id=5a61194f046443e7a4578b5286f0e1f9', '');
INSERT INTO `sys_log` VALUES ('ac56d7db2f3b4c05a3d6b486aa29a0ae', '1', '--', '1', '2015-12-02 23:02:17', '0:0:0:0:0:0:0:1', 'Mozilla/5.0 (Windows NT 10.0; WOW64) AppleWebKit/537.36 (KHTML, like Gecko) Chrome/46.0.2490.86 Safari/537.36', '/jeesite/a/sys/dict/', 'GET', '', '');
INSERT INTO `sys_log` VALUES ('acd25482c3d74c7ba366e4ffdb3bfd1d', '1', '---', '1', '2015-12-02 23:02:15', '0:0:0:0:0:0:0:1', 'Mozilla/5.0 (Windows NT 10.0; WOW64) AppleWebKit/537.36 (KHTML, like Gecko) Chrome/46.0.2490.86 Safari/537.36', '/jeesite/a/sys/dict/form', 'GET', 'sort=10', '');
INSERT INTO `sys_log` VALUES ('ace99b8ad5564cafa112ec8bc4b25174', '1', '--', '1', '2015-12-02 21:31:41', '0:0:0:0:0:0:0:1', 'Mozilla/5.0 (Windows NT 10.0; WOW64; Trident/7.0; rv:11.0) like Gecko', '/jeesite/a/sys/user/index', 'GET', 'tabPageId=jerichotabiframe_2', '');
INSERT INTO `sys_log` VALUES ('acf00511ec4b4be2904c610d2c09eab9', '1', '---', '1', '2015-12-02 21:10:17', '0:0:0:0:0:0:0:1', 'Mozilla/5.0 (Windows NT 10.0; WOW64) AppleWebKit/537.36 (KHTML, like Gecko) Chrome/46.0.2490.86 Safari/537.36', '/jeesite/a/sys/office/list', 'GET', 'id=&parentIds=', '');
INSERT INTO `sys_log` VALUES ('ad663978ae5841b58d2cce3b79fe5b77', '1', '', '1', '2015-12-02 23:03:45', '0:0:0:0:0:0:0:1', 'Mozilla/5.0 (Windows NT 10.0; WOW64) AppleWebKit/537.36 (KHTML, like Gecko) Chrome/46.0.2490.86 Safari/537.36', '/jeesite/a/sys/dict/save', 'POST', 'id=&value=1&label=&type=sys_resour&description=&sort=11&remarks=', '');
INSERT INTO `sys_log` VALUES ('ae60ad74b50544ecab2a8e8e0f079fc7', '1', '---', '1', '2015-12-02 21:11:54', '0:0:0:0:0:0:0:1', 'Mozilla/5.0 (Windows NT 10.0; WOW64) AppleWebKit/537.36 (KHTML, like Gecko) Chrome/46.0.2490.86 Safari/537.36', '/jeesite/a/sys/user/checkLoginName', 'GET', 'oldLoginName=&loginName=daoying', '');
INSERT INTO `sys_log` VALUES ('af15a41ef0b14f2b9098cb84c4ed3759', '1', '--', '1', '2015-12-02 21:33:13', '0:0:0:0:0:0:0:1', 'Mozilla/5.0 (Windows NT 10.0; WOW64) AppleWebKit/537.36 (KHTML, like Gecko) Chrome/46.0.2490.86 Safari/537.36', '/jeesite/a/cms/', 'GET', 'tabPageId=jerichotabiframe_8', '');
INSERT INTO `sys_log` VALUES ('af2864406a85413689cb6d9ba85153d9', '1', '', '1', '2015-12-02 21:30:45', '0:0:0:0:0:0:0:1', 'Mozilla/5.0 (Windows NT 10.0; WOW64) AppleWebKit/537.36 (KHTML, like Gecko) Chrome/46.0.2490.86 Safari/537.36', '/jeesite/a', 'GET', 'login=', '');
INSERT INTO `sys_log` VALUES ('af396b604e6f475597d4169d561cd87a', '1', '---', '1', '2015-12-02 23:02:41', '0:0:0:0:0:0:0:1', 'Mozilla/5.0 (Windows NT 10.0; WOW64) AppleWebKit/537.36 (KHTML, like Gecko) Chrome/46.0.2490.86 Safari/537.36', '/jeesite/a/sys/dict/form', 'GET', 'sort=10', '');
INSERT INTO `sys_log` VALUES ('affc2442f8b94adc81cbc03c65e8554f', '1', '--', '1', '2015-12-02 21:10:20', '0:0:0:0:0:0:0:1', 'Mozilla/5.0 (Windows NT 10.0; WOW64) AppleWebKit/537.36 (KHTML, like Gecko) Chrome/46.0.2490.86 Safari/537.36', '/jeesite/a/sys/office/', 'GET', 'tabPageId=jerichotabiframe_21', '');
INSERT INTO `sys_log` VALUES ('b005894f47184951a2691a9451018a2b', '1', '--', '1', '2015-12-03 06:53:00', '0:0:0:0:0:0:0:1', 'Mozilla/5.0 (Windows NT 10.0; WOW64) AppleWebKit/537.36 (KHTML, like Gecko) Chrome/46.0.2490.86 Safari/537.36', '/jeesite/a/gen/genTable', 'GET', 'tabPageId=jerichotabiframe_1', '');
INSERT INTO `sys_log` VALUES ('b0d95f8d99554d82b7ee29b2670f8ff4', '1', '--', '1', '2015-12-02 21:20:22', '0:0:0:0:0:0:0:1', 'Mozilla/5.0 (Windows NT 10.0; WOW64) AppleWebKit/537.36 (KHTML, like Gecko) Chrome/46.0.2490.86 Safari/537.36', '/jeesite/a/sys/role/', 'GET', 'tabPageId=jerichotabiframe_3', '');
INSERT INTO `sys_log` VALUES ('b1425fad4bd846d09920391f5d95c8a8', '1', '--', '1', '2015-12-02 20:16:46', '0:0:0:0:0:0:0:1', 'Mozilla/5.0 (Windows NT 10.0; WOW64) AppleWebKit/537.36 (KHTML, like Gecko) Chrome/46.0.2490.86 Safari/537.36', '/jeesite/a/sys/dict/', 'POST', 'pageNo=1&pageSize=30&type=act_category&description=', '');
INSERT INTO `sys_log` VALUES ('b16a002ec7bd4cf8a20c33843012d25d', '1', '', '1', '2015-12-03 07:28:41', '0:0:0:0:0:0:0:1', 'Mozilla/5.0 (Windows NT 10.0; WOW64) AppleWebKit/537.36 (KHTML, like Gecko) Chrome/46.0.2490.86 Safari/537.36', '/jeesite/a', 'GET', 'login=', '');
INSERT INTO `sys_log` VALUES ('b202e6b3e6a442a09c1091ce6817a577', '1', '---', '1', '2015-12-03 07:35:06', '0:0:0:0:0:0:0:1', 'Mozilla/5.0 (Windows NT 10.0; WOW64) AppleWebKit/537.36 (KHTML, like Gecko) Chrome/46.0.2490.86 Safari/537.36', '/jeesite/a/sys/menu/form', 'GET', 'id=55776620e9a7459d91a74b84813fe5be', '');
INSERT INTO `sys_log` VALUES ('b29d918ac3fb433b94af1617e8b4bfb8', '1', '--', '1', '2015-12-03 07:15:19', '0:0:0:0:0:0:0:1', 'Mozilla/5.0 (Windows NT 10.0; WOW64) AppleWebKit/537.36 (KHTML, like Gecko) Chrome/46.0.2490.86 Safari/537.36', '/jeesite/a/sys/user/info', 'GET', 'tabPageId=jerichotabiframe_0', '');
INSERT INTO `sys_log` VALUES ('b2f5ae1775164a42b203e40a364332a6', '1', '---', '1', '2015-12-02 20:30:15', '0:0:0:0:0:0:0:1', 'Mozilla/5.0 (Windows NT 10.0; WOW64) AppleWebKit/537.36 (KHTML, like Gecko) Chrome/46.0.2490.86 Safari/537.36', '/jeesite/a/sys/user/list', 'GET', '', '');
INSERT INTO `sys_log` VALUES ('b469457b65de4008b58a55b36ed71054', '1', '--', '1', '2015-12-02 21:33:40', '0:0:0:0:0:0:0:1', 'Mozilla/5.0 (Windows NT 10.0; WOW64) AppleWebKit/537.36 (KHTML, like Gecko) Chrome/46.0.2490.86 Safari/537.36', '/jeesite/a/sys/user/info', 'GET', 'tabPageId=jerichotabiframe_0', '');
INSERT INTO `sys_log` VALUES ('b47f8440d89e4b5196aec856ffc2fb67', '1', '---', '1', '2015-12-03 07:36:44', '0:0:0:0:0:0:0:1', 'Mozilla/5.0 (Windows NT 10.0; WOW64) AppleWebKit/537.36 (KHTML, like Gecko) Chrome/46.0.2490.86 Safari/537.36', '/jeesite/a/sys/menu/form', 'GET', 'id=56daa185c1b849909b9afbf42ee8e835', '');
INSERT INTO `sys_log` VALUES ('b492f08afce342569669d14cebeeb1d0', '1', '---', 'a8b3597b9fd84408ba5380f3d2d1778c', '2015-12-02 21:17:14', '0:0:0:0:0:0:0:1', 'Mozilla/5.0 (Windows NT 10.0; WOW64) AppleWebKit/537.36 (KHTML, like Gecko) Chrome/46.0.2490.86 Safari/537.36', '/jeesite/a/sys/role/assign', 'GET', 'id=3', '');
INSERT INTO `sys_log` VALUES ('b53de8ea44e44d98b0f6c6bf35f36cf9', '2', '', '1', '2015-12-02 23:16:31', '0:0:0:0:0:0:0:1', 'Mozilla/5.0 (Windows NT 10.0; WOW64) AppleWebKit/537.36 (KHTML, like Gecko) Chrome/46.0.2490.86 Safari/537.36', '/jeesite/a', 'GET', '', 'org.apache.jasper.JasperException: /WEB-INF/views/modules/sys/sysIndex.jsp (line: 2, column: 0) The absolute uri: http://java.sun.com/jsp/jstl/core cannot be resolved in either web.xml or the jar files deployed with this application\r\n	at org.apache.jasper.compiler.DefaultErrorHandler.jspError(DefaultErrorHandler.java:41)\r\n	at org.apache.jasper.compiler.ErrorDispatcher.dispatch(ErrorDispatcher.java:275)\r\n	at org.apache.jasper.compiler.ErrorDispatcher.jspError(ErrorDispatcher.java:91)\r\n	at org.apache.jasper.compiler.Parser.processIncludeDirective(Parser.java:335)\r\n	at org.apache.jasper.compiler.Parser.parseIncludeDirective(Parser.java:368)\r\n	at org.apache.jasper.compiler.Parser.parseDirective(Parser.java:471)\r\n	at org.apache.jasper.compiler.Parser.parseElements(Parser.java:1435)\r\n	at org.apache.jasper.compiler.Parser.parse(Parser.java:139)\r\n	at org.apache.jasper.compiler.ParserController.doParse(ParserController.java:227)\r\n	at org.apache.jasper.compiler.ParserController.parse(ParserController.java:100)\r\n	at org.apache.jasper.compiler.Compiler.generateJava(Compiler.java:199)\r\n	at org.apache.jasper.compiler.Compiler.compile(Compiler.java:356)\r\n	at org.apache.jasper.compiler.Compiler.compile(Compiler.java:336)\r\n	at org.apache.jasper.compiler.Compiler.compile(Compiler.java:323)\r\n	at org.apache.jasper.JspCompilationContext.compile(JspCompilationContext.java:585)\r\n	at org.apache.jasper.servlet.JspServletWrapper.service(JspServletWrapper.java:363)\r\n	at org.apache.jasper.servlet.JspServlet.serviceJspFile(JspServlet.java:396)\r\n	at org.apache.jasper.servlet.JspServlet.service(JspServlet.java:340)\r\n	at javax.servlet.http.HttpServlet.service(HttpServlet.java:729)\r\n	at org.apache.catalina.core.ApplicationFilterChain.internalDoFilter(ApplicationFilterChain.java:291)\r\n	at org.apache.catalina.core.ApplicationFilterChain.doFilter(ApplicationFilterChain.java:206)\r\n	at org.apache.tomcat.websocket.server.WsFilter.doFilter(WsFilter.java:52)\r\n	at org.apache.catalina.core.ApplicationFilterChain.internalDoFilter(ApplicationFilterChain.java:239)\r\n	at org.apache.catalina.core.ApplicationFilterChain.doFilter(ApplicationFilterChain.java:206)\r\n	at org.apache.catalina.core.ApplicationDispatcher.invoke(ApplicationDispatcher.java:719)\r\n	at org.apache.catalina.core.ApplicationDispatcher.processRequest(ApplicationDispatcher.java:465)\r\n	at org.apache.catalina.core.ApplicationDispatcher.doForward(ApplicationDispatcher.java:390)\r\n	at org.apache.catalina.core.ApplicationDispatcher.forward(ApplicationDispatcher.java:317)\r\n	at org.springframework.web.servlet.view.InternalResourceView.renderMergedOutputModel(InternalResourceView.java:209)\r\n	at org.springframework.web.servlet.view.AbstractView.render(AbstractView.java:267)\r\n	at org.springframework.web.servlet.DispatcherServlet.render(DispatcherServlet.java:1221)\r\n	at org.springframework.web.servlet.DispatcherServlet.processDispatchResult(DispatcherServlet.java:1005)\r\n	at org.springframework.web.servlet.DispatcherServlet.doDispatch(DispatcherServlet.java:952)\r\n	at org.springframework.web.servlet.DispatcherServlet.doService(DispatcherServlet.java:870)\r\n	at org.springframework.web.servlet.FrameworkServlet.processRequest(FrameworkServlet.java:961)\r\n	at org.springframework.web.servlet.FrameworkServlet.doGet(FrameworkServlet.java:852)\r\n	at javax.servlet.http.HttpServlet.service(HttpServlet.java:622)\r\n	at org.springframework.web.servlet.FrameworkServlet.service(FrameworkServlet.java:837)\r\n	at javax.servlet.http.HttpServlet.service(HttpServlet.java:729)\r\n	at org.apache.catalina.core.ApplicationFilterChain.internalDoFilter(ApplicationFilterChain.java:291)\r\n	at org.apache.catalina.core.ApplicationFilterChain.doFilter(ApplicationFilterChain.java:206)\r\n	at org.apache.tomcat.websocket.server.WsFilter.doFilter(WsFilter.java:52)\r\n	at org.apache.catalina.core.ApplicationFilterChain.internalDoFilter(ApplicationFilterChain.java:239)\r\n	at org.apache.catalina.core.ApplicationFilterChain.doFilter(ApplicationFilterChain.java:206)\r\n	at com.opensymphony.sitemesh.webapp.SiteMeshFilter.obtainContent(SiteMeshFilter.java:129)\r\n	at com.opensymphony.sitemesh.webapp.SiteMeshFilter.doFilter(SiteMeshFilter.java:77)\r\n	at org.apache.catalina.core.ApplicationFilterChain.internalDoFilter(ApplicationFilterChain.java:239)\r\n	at org.apache.catalina.core.ApplicationFilterChain.doFilter(ApplicationFilterChain.java:206)\r\n	at org.apache.shiro.web.servlet.ProxiedFilterChain.doFilter(ProxiedFilterChain.java:61)\r\n	at org.apache.shiro.web.servlet.AdviceFilter.executeChain(AdviceFilter.java:108)\r\n	at org.apache.shiro.web.servlet.AdviceFilter.doFilterInternal(AdviceFilter.java:137)\r\n	at org.apache.shiro.web.servlet.OncePerRequestFilter.doFilter(OncePerRequestFilter.java:125)\r\n	at org.apache.shiro.web.servlet.ProxiedFilterChain.doFilter(ProxiedFilterChain.java:66)\r\n	at org.apache.shiro.web.servlet.AbstractShiroFilter.executeChain(AbstractShiroFilter.java:449)\r\n	at org.apache.shiro.web.servlet.AbstractShiroFilter$1.call(AbstractShiroFilter.java:365)\r\n	at org.apache.shiro.subject.support.SubjectCallable.doCall(SubjectCallable.java:90)\r\n	at org.apache.shiro.subject.support.SubjectCallable.call(SubjectCallable.java:83)\r\n	at org.apache.shiro.subject.support.DelegatingSubject.execute(DelegatingSubject.java:383)\r\n	at org.apache.shiro.web.servlet.AbstractShiroFilter.doFilterInternal(AbstractShiroFilter.java:362)\r\n	at org.apache.shiro.web.servlet.OncePerRequestFilter.doFilter(OncePerRequestFilter.java:125)\r\n	at org.springframework.web.filter.DelegatingFilterProxy.invokeDelegate(DelegatingFilterProxy.java:344)\r\n	at org.springframework.web.filter.DelegatingFilterProxy.doFilter(DelegatingFilterProxy.java:261)\r\n	at org.apache.catalina.core.ApplicationFilterChain.internalDoFilter(ApplicationFilterChain.java:239)\r\n	at org.apache.catalina.core.ApplicationFilterChain.doFilter(ApplicationFilterChain.java:206)\r\n	at org.springframework.web.filter.CharacterEncodingFilter.doFilterInternal(CharacterEncodingFilter.java:88)\r\n	at org.springframework.web.filter.OncePerRequestFilter.doFilter(OncePerRequestFilter.java:107)\r\n	at org.apache.catalina.core.ApplicationFilterChain.internalDoFilter(ApplicationFilterChain.java:239)\r\n	at org.apache.catalina.core.ApplicationFilterChain.doFilter(ApplicationFilterChain.java:206)\r\n	at org.apache.catalina.core.StandardWrapperValve.invoke(StandardWrapperValve.java:212)\r\n	at org.apache.catalina.core.StandardContextValve.invoke(StandardContextValve.java:106)\r\n	at org.apache.catalina.authenticator.AuthenticatorBase.invoke(AuthenticatorBase.java:502)\r\n	at org.apache.catalina.core.StandardHostValve.invoke(StandardHostValve.java:141)\r\n	at org.apache.catalina.valves.ErrorReportValve.invoke(ErrorReportValve.java:79)\r\n	at org.apache.catalina.valves.AbstractAccessLogValve.invoke(AbstractAccessLogValve.java:616)\r\n	at org.apache.catalina.core.StandardEngineValve.invoke(StandardEngineValve.java:88)\r\n	at org.apache.catalina.connector.CoyoteAdapter.service(CoyoteAdapter.java:518)\r\n	at org.apache.coyote.http11.AbstractHttp11Processor.process(AbstractHttp11Processor.java:1096)\r\n	at org.apache.coyote.AbstractProtocol$AbstractConnectionHandler.process(AbstractProtocol.java:674)\r\n	at org.apache.tomcat.util.net.NioEndpoint$SocketProcessor.doRun(NioEndpoint.java:1500)\r\n	at org.apache.tomcat.util.net.NioEndpoint$SocketProcessor.run(NioEndpoint.java:1456)\r\n	at java.util.concurrent.ThreadPoolExecutor.runWorker(ThreadPoolExecutor.java:1142)\r\n	at java.util.concurrent.ThreadPoolExecutor$Worker.run(ThreadPoolExecutor.java:617)\r\n	at org.apache.tomcat.util.threads.TaskThread$WrappingRunnable.run(TaskThread.java:61)\r\n	at java.lang.Thread.run(Thread.java:745)\r\n');
INSERT INTO `sys_log` VALUES ('b576b2c4c0c1479795694c822c49ff70', '1', '---', 'a8b3597b9fd84408ba5380f3d2d1778c', '2015-12-02 21:18:07', '0:0:0:0:0:0:0:1', 'Mozilla/5.0 (Windows NT 10.0; WOW64) AppleWebKit/537.36 (KHTML, like Gecko) Chrome/46.0.2490.86 Safari/537.36', '/jeesite/a/sys/user/list', 'GET', 'repage=', '');
INSERT INTO `sys_log` VALUES ('b7b9778af2cc46f2a7daedc413962434', '1', '--', '1', '2015-12-02 20:17:20', '0:0:0:0:0:0:0:1', 'Mozilla/5.0 (Windows NT 10.0; WOW64) AppleWebKit/537.36 (KHTML, like Gecko) Chrome/46.0.2490.86 Safari/537.36', '/jeesite/a/sys/dict/', 'POST', 'pageNo=1&pageSize=30&type=act_category&description=', '');
INSERT INTO `sys_log` VALUES ('b85416cf5e294c529f88497a0d8f6523', '1', '--', '1', '2015-12-02 21:28:30', '0:0:0:0:0:0:0:1', 'Mozilla/5.0 (Windows NT 10.0; WOW64) AppleWebKit/537.36 (KHTML, like Gecko) Chrome/46.0.2490.86 Safari/537.36', '/jeesite/a/sys/user/modifyPwd', 'GET', '', '');
INSERT INTO `sys_log` VALUES ('b85d2dc00a954af1b9c24d2f9b04f441', '1', '--', '1', '2015-12-02 23:09:54', '0:0:0:0:0:0:0:1', 'Mozilla/5.0 (Windows NT 10.0; WOW64) AppleWebKit/537.36 (KHTML, like Gecko) Chrome/46.0.2490.86 Safari/537.36', '/jeesite/a/sys/menu/', 'GET', '', '');
INSERT INTO `sys_log` VALUES ('b879714d5bfc4735b4b0c83807224858', '1', '---', '1', '2015-12-02 21:12:13', '0:0:0:0:0:0:0:1', 'Mozilla/5.0 (Windows NT 10.0; WOW64) AppleWebKit/537.36 (KHTML, like Gecko) Chrome/46.0.2490.86 Safari/537.36', '/jeesite/a/sys/user/list', 'GET', 'repage=', '');
INSERT INTO `sys_log` VALUES ('b8fd41224f474edfb086107e1bdeb219', '1', '--', 'a8b3597b9fd84408ba5380f3d2d1778c', '2015-12-02 21:13:08', '0:0:0:0:0:0:0:1', 'Mozilla/5.0 (Windows NT 10.0; WOW64) AppleWebKit/537.36 (KHTML, like Gecko) Chrome/46.0.2490.86 Safari/537.36', '/jeesite/a/sys/role/', 'GET', 'tabPageId=jerichotabiframe_14', '');
INSERT INTO `sys_log` VALUES ('b96f4eae9a094eec8082c6acf043a5e2', '1', '---', '1', '2015-12-03 07:00:22', '0:0:0:0:0:0:0:1', 'Mozilla/5.0 (Windows NT 10.0; WOW64) AppleWebKit/537.36 (KHTML, like Gecko) Chrome/46.0.2490.86 Safari/537.36', '/jeesite/a/test/testData/form', 'GET', 'id=77c6a6ae707549f685abbd1630bd36f1', '');
INSERT INTO `sys_log` VALUES ('ba18b62201704c369049316d776824d3', '1', '---', '1', '2015-12-02 21:12:19', '0:0:0:0:0:0:0:1', 'Mozilla/5.0 (Windows NT 10.0; WOW64) AppleWebKit/537.36 (KHTML, like Gecko) Chrome/46.0.2490.86 Safari/537.36', '/jeesite/a/sys/user/list', 'GET', 'office.id=2089309f18aa432590c52d72702b684b&office.name=', '');
INSERT INTO `sys_log` VALUES ('ba2a5c4de206440299899f5a33ddec34', '1', '---', '1', '2015-12-02 21:33:14', '0:0:0:0:0:0:0:1', 'Mozilla/5.0 (Windows NT 10.0; WOW64; Trident/7.0; rv:11.0) like Gecko', '/jeesite/a/cms/article/', 'GET', 'category.id=13', '');
INSERT INTO `sys_log` VALUES ('baec781bfdfc42a6a64611b0273a0b21', '1', '--', '1', '2015-12-03 06:53:51', '0:0:0:0:0:0:0:1', 'Mozilla/5.0 (Windows NT 10.0; WOW64) AppleWebKit/537.36 (KHTML, like Gecko) Chrome/46.0.2490.86 Safari/537.36', '/jeesite/a/test/testData', 'GET', 'tabPageId=jerichotabiframe_3', '');
INSERT INTO `sys_log` VALUES ('baf896ededb344aa9e31d4a23e304f83', '1', '---', 'a8b3597b9fd84408ba5380f3d2d1778c', '2015-12-02 21:16:55', '0:0:0:0:0:0:0:1', 'Mozilla/5.0 (Windows NT 10.0; WOW64) AppleWebKit/537.36 (KHTML, like Gecko) Chrome/46.0.2490.86 Safari/537.36', '/jeesite/a/sys/user/list', 'GET', 'repage=', '');
INSERT INTO `sys_log` VALUES ('bbc7606d328549128c97f1842280420f', '1', '---', '1', '2015-12-03 07:12:49', '0:0:0:0:0:0:0:1', 'Mozilla/5.0 (Windows NT 10.0; WOW64) AppleWebKit/537.36 (KHTML, like Gecko) Chrome/46.0.2490.86 Safari/537.36', '/jeesite/a/sys/menu/save', 'POST', 'id=&parent.id=55776620e9a7459d91a74b84813fe5be&parent.name=&name=&href=&target=&icon=&sort=60&isShow=1&permission=sys:sysDatesorces:edit&remarks=', '');
INSERT INTO `sys_log` VALUES ('bc404b72d4c84ffcaa63cc8c1e7d1988', '1', '--', 'a8b3597b9fd84408ba5380f3d2d1778c', '2015-12-02 21:18:41', '0:0:0:0:0:0:0:1', 'Mozilla/5.0 (Windows NT 10.0; WOW64) AppleWebKit/537.36 (KHTML, like Gecko) Chrome/46.0.2490.86 Safari/537.36', '/jeesite/a/sys/role/', 'GET', '', '');
INSERT INTO `sys_log` VALUES ('bc68e326563d4709a3a1aefc893dceec', '1', '---', 'a8b3597b9fd84408ba5380f3d2d1778c', '2015-12-02 21:13:06', '0:0:0:0:0:0:0:1', 'Mozilla/5.0 (Windows NT 10.0; WOW64) AppleWebKit/537.36 (KHTML, like Gecko) Chrome/46.0.2490.86 Safari/537.36', '/jeesite/a/sys/user/list', 'GET', 'office.id=2089309f18aa432590c52d72702b684b&office.name=', '');
INSERT INTO `sys_log` VALUES ('bcca88e8c5454e34bd33649ed469903f', '1', '---', '1', '2015-12-02 21:36:05', '0:0:0:0:0:0:0:1', 'Mozilla/5.0 (Windows NT 10.0; WOW64) AppleWebKit/537.36 (KHTML, like Gecko) Chrome/46.0.2490.86 Safari/537.36', '/jeesite/a/sys/menu/form', 'GET', 'id=41', '');
INSERT INTO `sys_log` VALUES ('bd23ec8b8be7402fb6404891439bb5d5', '1', '--', '1', '2015-12-03 07:31:27', '0:0:0:0:0:0:0:1', 'Mozilla/5.0 (Windows NT 10.0; WOW64) AppleWebKit/537.36 (KHTML, like Gecko) Chrome/46.0.2490.86 Safari/537.36', '/jeesite/a/sys/user/info', 'GET', 'tabPageId=jerichotabiframe_0', '');
INSERT INTO `sys_log` VALUES ('bd5d16f651ba4c7aa9756b1051db3ba4', '1', '---', '1', '2015-12-02 21:25:03', '0:0:0:0:0:0:0:1', 'Mozilla/5.0 (Windows NT 10.0; WOW64) AppleWebKit/537.36 (KHTML, like Gecko) Chrome/46.0.2490.86 Safari/537.36', '/jeesite/a/sys/user/checkLoginName', 'GET', 'oldLoginName=&loginName=zhibosys', '');
INSERT INTO `sys_log` VALUES ('be10eca8d650446c8bf0916e475fde29', '1', '---', 'a8b3597b9fd84408ba5380f3d2d1778c', '2015-12-02 21:16:55', '0:0:0:0:0:0:0:1', 'Mozilla/5.0 (Windows NT 10.0; WOW64) AppleWebKit/537.36 (KHTML, like Gecko) Chrome/46.0.2490.86 Safari/537.36', '/jeesite/a/sys/user/checkLoginName', 'GET', 'oldLoginName=ceshi&loginName=ceshi', '');
INSERT INTO `sys_log` VALUES ('be249cc8b21a4bee84340f669d6372fd', '1', '---', '1', '2015-12-02 20:17:14', '0:0:0:0:0:0:0:1', 'Mozilla/5.0 (Windows NT 10.0; WOW64) AppleWebKit/537.36 (KHTML, like Gecko) Chrome/46.0.2490.86 Safari/537.36', '/jeesite/a/sys/dict/form', 'GET', 'id=69', '');
INSERT INTO `sys_log` VALUES ('bece02aad3f64778b8a7bb142389dbd9', '1', '---', 'a8b3597b9fd84408ba5380f3d2d1778c', '2015-12-02 21:17:14', '0:0:0:0:0:0:0:1', 'Mozilla/5.0 (Windows NT 10.0; WOW64) AppleWebKit/537.36 (KHTML, like Gecko) Chrome/46.0.2490.86 Safari/537.36', '/jeesite/a/sys/role/outrole', 'GET', 'userId=4&roleId=3', '');
INSERT INTO `sys_log` VALUES ('beedd5ac292b44188750425573f30594', '1', '---', 'a8b3597b9fd84408ba5380f3d2d1778c', '2015-12-02 21:13:19', '0:0:0:0:0:0:0:1', 'Mozilla/5.0 (Windows NT 10.0; WOW64) AppleWebKit/537.36 (KHTML, like Gecko) Chrome/46.0.2490.86 Safari/537.36', '/jeesite/a/sys/user/form', 'GET', '', '');
INSERT INTO `sys_log` VALUES ('bef23eafce324634bf2975201dc88b90', '1', '', '1', '2015-12-02 21:33:11', '0:0:0:0:0:0:0:1', 'Mozilla/5.0 (Windows NT 10.0; WOW64; Trident/7.0; rv:11.0) like Gecko', '/jeesite/a/cms/article/', 'GET', 'category.id=13', '');
INSERT INTO `sys_log` VALUES ('bf056c8794ad4532907f30ff3bc12df4', '1', '--', '1', '2015-12-02 21:30:48', '0:0:0:0:0:0:0:1', 'Mozilla/5.0 (Windows NT 10.0; WOW64) AppleWebKit/537.36 (KHTML, like Gecko) Chrome/46.0.2490.86 Safari/537.36', '/jeesite/a/sys/user/modifyPwd', 'GET', 'tabPageId=jerichotabiframe_1', '');
INSERT INTO `sys_log` VALUES ('bf6a6ec915b54b14b56a03a289760df4', '1', '--', '1', '2015-12-03 07:39:55', '0:0:0:0:0:0:0:1', 'Mozilla/5.0 (Windows NT 10.0; WOW64) AppleWebKit/537.36 (KHTML, like Gecko) Chrome/46.0.2490.86 Safari/537.36', '/jeesite/a/sys/office/', 'GET', 'tabPageId=jerichotabiframe_2', '');
INSERT INTO `sys_log` VALUES ('bf80b1d773934abda325b56c721fbef9', '1', '--', '1', '2015-12-02 21:33:46', '0:0:0:0:0:0:0:1', 'Mozilla/5.0 (Windows NT 10.0; WOW64) AppleWebKit/537.36 (KHTML, like Gecko) Chrome/46.0.2490.86 Safari/537.36', '/jeesite/a/sys/user/info', 'GET', 'tabPageId=jerichotabiframe_0', '');
INSERT INTO `sys_log` VALUES ('c0dd23d5ab774d4496a6baf19ccbbb1a', '1', '--', '1', '2015-12-03 07:08:05', '0:0:0:0:0:0:0:1', 'Mozilla/5.0 (Windows NT 10.0; WOW64) AppleWebKit/537.36 (KHTML, like Gecko) Chrome/46.0.2490.86 Safari/537.36', '/jeesite/a/sys/menu/', 'GET', '', '');
INSERT INTO `sys_log` VALUES ('c0f0fe4c3dd947c3ac0279720ad509c6', '1', '--', 'a8b3597b9fd84408ba5380f3d2d1778c', '2015-12-02 21:14:12', '0:0:0:0:0:0:0:1', 'Mozilla/5.0 (Windows NT 10.0; WOW64) AppleWebKit/537.36 (KHTML, like Gecko) Chrome/46.0.2490.86 Safari/537.36', '/jeesite/a/gen/genTable', 'GET', 'tabPageId=jerichotabiframe_20', '');
INSERT INTO `sys_log` VALUES ('c19851a739b34c2daf74c6415cad8fcf', '1', '---', '87060c4c39be40d5bc9ce07afe705be6', '2015-12-03 07:37:38', '0:0:0:0:0:0:0:1', 'Mozilla/5.0 (Windows NT 10.0; WOW64) AppleWebKit/537.36 (KHTML, like Gecko) Chrome/46.0.2490.86 Safari/537.36', '/jeesite/a/sys/user/list', 'GET', '', '');
INSERT INTO `sys_log` VALUES ('c2080790471144749b26efa2cff0f142', '1', '---', '1', '2015-12-03 07:08:16', '0:0:0:0:0:0:0:1', 'Mozilla/5.0 (Windows NT 10.0; WOW64) AppleWebKit/537.36 (KHTML, like Gecko) Chrome/46.0.2490.86 Safari/537.36', '/jeesite/a/sys/menu/form', 'GET', '', '');
INSERT INTO `sys_log` VALUES ('c21c726a68d049b396ec8c2c0f689744', '1', '---', '87060c4c39be40d5bc9ce07afe705be6', '2015-12-03 07:38:46', '0:0:0:0:0:0:0:1', 'Mozilla/5.0 (Windows NT 10.0; WOW64) AppleWebKit/537.36 (KHTML, like Gecko) Chrome/46.0.2490.86 Safari/537.36', '/jeesite/a/sys/office/list', 'GET', 'id=5392344d45ea4e9ba473919e7bba2fe8&parentIds=0,b5e6470db07445b08e5b792fdfa18bfe,5392344d45ea4e9ba473919e7bba2fe8,', '');
INSERT INTO `sys_log` VALUES ('c36349fe970644808d1bcf5907e54afb', '1', '---', '1', '2015-12-02 21:33:15', '0:0:0:0:0:0:0:1', 'Mozilla/5.0 (Windows NT 10.0; WOW64) AppleWebKit/537.36 (KHTML, like Gecko) Chrome/46.0.2490.86 Safari/537.36', '/jeesite/a/sys/user/list', 'GET', '', '');
INSERT INTO `sys_log` VALUES ('c36554e34c114273a5048b27b1cfcf31', '1', '-', '1', '2015-12-02 21:33:15', '0:0:0:0:0:0:0:1', 'Mozilla/5.0 (Windows NT 10.0; WOW64) AppleWebKit/537.36 (KHTML, like Gecko) Chrome/46.0.2490.86 Safari/537.36', '/jeesite/a/cms/tree', 'GET', '', '');
INSERT INTO `sys_log` VALUES ('c3aa9d7af42942c8bcc0d5db9133b814', '1', '--', '1', '2015-12-03 07:14:39', '0:0:0:0:0:0:0:1', 'Mozilla/5.0 (Windows NT 10.0; WOW64) AppleWebKit/537.36 (KHTML, like Gecko) Chrome/46.0.2490.86 Safari/537.36', '/jeesite/a/sys/role/', 'GET', 'tabPageId=jerichotabiframe_3', '');
INSERT INTO `sys_log` VALUES ('c3b991fce9834adb8815b9e227c91442', '1', '--', '1', '2015-12-02 20:12:27', '0:0:0:0:0:0:0:1', 'Mozilla/5.0 (Windows NT 10.0; WOW64) AppleWebKit/537.36 (KHTML, like Gecko) Chrome/46.0.2490.86 Safari/537.36', '/jeesite/a/sys/user/info', 'GET', 'tabPageId=jerichotabiframe_0', '');
INSERT INTO `sys_log` VALUES ('c3bf852294264feead77c88b4e17a2fd', '1', '---', '1', '2015-12-02 20:17:29', '0:0:0:0:0:0:0:1', 'Mozilla/5.0 (Windows NT 10.0; WOW64) AppleWebKit/537.36 (KHTML, like Gecko) Chrome/46.0.2490.86 Safari/537.36', '/jeesite/a/sys/dict/form', 'GET', 'id=71', '');
INSERT INTO `sys_log` VALUES ('c3e8236c670a42d5a301e6f9f9f6695f', '1', '---', '87060c4c39be40d5bc9ce07afe705be6', '2015-12-03 07:38:09', '0:0:0:0:0:0:0:1', 'Mozilla/5.0 (Windows NT 10.0; WOW64) AppleWebKit/537.36 (KHTML, like Gecko) Chrome/46.0.2490.86 Safari/537.36', '/jeesite/a/sys/office/list', 'GET', 'id=b5e6470db07445b08e5b792fdfa18bfe&parentIds=0,b5e6470db07445b08e5b792fdfa18bfe,', '');
INSERT INTO `sys_log` VALUES ('c4017b67e92f4cd980ac18230f509e17', '1', '---', '1', '2015-12-03 07:39:55', '0:0:0:0:0:0:0:1', 'Mozilla/5.0 (Windows NT 10.0; WOW64) AppleWebKit/537.36 (KHTML, like Gecko) Chrome/46.0.2490.86 Safari/537.36', '/jeesite/a/sys/office/list', 'GET', 'id=&parentIds=', '');
INSERT INTO `sys_log` VALUES ('c5220aaf060a48d098d52dd231d3d1d7', '1', '---', '1', '2015-12-02 21:27:19', '0:0:0:0:0:0:0:1', 'Mozilla/5.0 (Windows NT 10.0; WOW64) AppleWebKit/537.36 (KHTML, like Gecko) Chrome/46.0.2490.86 Safari/537.36', '/jeesite/a/sys/role/delete', 'GET', 'id=6', '');
INSERT INTO `sys_log` VALUES ('c58d515ba3f74200a41a33963cfdedc1', '1', '---', '1', '2015-12-02 21:24:00', '0:0:0:0:0:0:0:1', 'Mozilla/5.0 (Windows NT 10.0; WOW64) AppleWebKit/537.36 (KHTML, like Gecko) Chrome/46.0.2490.86 Safari/537.36', '/jeesite/a/sys/office/form', 'GET', 'id=5a61194f046443e7a4578b5286f0e1f9', '');
INSERT INTO `sys_log` VALUES ('c58e2bfbeb6c46a995ea9c778fa5745c', '1', '---', '1', '2015-12-02 21:12:28', '0:0:0:0:0:0:0:1', 'Mozilla/5.0 (Windows NT 10.0; WOW64) AppleWebKit/537.36 (KHTML, like Gecko) Chrome/46.0.2490.86 Safari/537.36', '/jeesite/a/sys/user/list', 'POST', 'pageNo=1&pageSize=30&orderBy=&company.id=b5e6470db07445b08e5b792fdfa18bfe&company.name=&loginName=&office.id=2089309f18aa432590c52d72702b684b&office.name=&name=', '');
INSERT INTO `sys_log` VALUES ('c6832dff9c65485486c7a9c74d332708', '1', '--', '1', '2015-12-02 21:27:25', '0:0:0:0:0:0:0:1', 'Mozilla/5.0 (Windows NT 10.0; WOW64) AppleWebKit/537.36 (KHTML, like Gecko) Chrome/46.0.2490.86 Safari/537.36', '/jeesite/a/sys/role/', 'GET', 'repage=', '');
INSERT INTO `sys_log` VALUES ('c751542c2d58433f9d9d8d054449531e', '1', '--', 'a8b3597b9fd84408ba5380f3d2d1778c', '2015-12-02 21:18:58', '0:0:0:0:0:0:0:1', 'Mozilla/5.0 (Windows NT 10.0; WOW64) AppleWebKit/537.36 (KHTML, like Gecko) Chrome/46.0.2490.86 Safari/537.36', '/jeesite/a/sys/role/', 'GET', '', '');
INSERT INTO `sys_log` VALUES ('c7bf4310655c452f871c700955cd4818', '1', '---', '1', '2015-12-02 21:11:29', '0:0:0:0:0:0:0:1', 'Mozilla/5.0 (Windows NT 10.0; WOW64) AppleWebKit/537.36 (KHTML, like Gecko) Chrome/46.0.2490.86 Safari/537.36', '/jeesite/a/sys/user/form', 'GET', '', '');
INSERT INTO `sys_log` VALUES ('c997618005b84bd39075a5d140896b84', '1', '--', '1', '2015-12-03 07:36:26', '0:0:0:0:0:0:0:1', 'Mozilla/5.0 (Windows NT 10.0; WOW64) AppleWebKit/537.36 (KHTML, like Gecko) Chrome/46.0.2490.86 Safari/537.36', '/jeesite/a/sys/user/info', 'GET', 'tabPageId=jerichotabiframe_0', '');
INSERT INTO `sys_log` VALUES ('ca0bafda577b4202bbbcb6891d6a1fa5', '1', '--', '1', '2015-12-03 07:42:03', '0:0:0:0:0:0:0:1', 'Mozilla/5.0 (Windows NT 10.0; WOW64) AppleWebKit/537.36 (KHTML, like Gecko) Chrome/46.0.2490.86 Safari/537.36', '/jeesite/a/sys/dict/', 'GET', 'tabPageId=jerichotabiframe_9', '');
INSERT INTO `sys_log` VALUES ('ca254a7348ec4e3bb5d73b8606511dca', '1', '--', '1', '2015-12-02 21:21:58', '0:0:0:0:0:0:0:1', 'Mozilla/5.0 (Windows NT 10.0; WOW64) AppleWebKit/537.36 (KHTML, like Gecko) Chrome/46.0.2490.86 Safari/537.36', '/jeesite/a/sys/menu/', 'GET', 'tabPageId=jerichotabiframe_4', '');
INSERT INTO `sys_log` VALUES ('cab4a08035af421fbfabc82e3be04e85', '1', '---', '1', '2015-12-03 07:13:38', '0:0:0:0:0:0:0:1', 'Mozilla/5.0 (Windows NT 10.0; WOW64) AppleWebKit/537.36 (KHTML, like Gecko) Chrome/46.0.2490.86 Safari/537.36', '/jeesite/a/sys/menu/form', 'GET', 'id=55776620e9a7459d91a74b84813fe5be', '');
INSERT INTO `sys_log` VALUES ('cb30b4dc73204041a5167b0723072afd', '1', '--', '1', '2015-12-02 21:31:44', '0:0:0:0:0:0:0:1', 'Mozilla/5.0 (Windows NT 10.0; WOW64; Trident/7.0; rv:11.0) like Gecko', '/jeesite/a/oa/oaNotify/self', 'GET', 'tabPageId=jerichotabiframe_3', '');
INSERT INTO `sys_log` VALUES ('cb8b15b1ea1640c8ab811860fbd41c1d', '1', '--', '1', '2015-12-03 07:14:27', '0:0:0:0:0:0:0:1', 'Mozilla/5.0 (Windows NT 10.0; WOW64) AppleWebKit/537.36 (KHTML, like Gecko) Chrome/46.0.2490.86 Safari/537.36', '/jeesite/a/sys/menu/', 'GET', '', '');
INSERT INTO `sys_log` VALUES ('cbdbb7f02e334842af0f690b73caaba2', '1', '---', 'a8b3597b9fd84408ba5380f3d2d1778c', '2015-12-02 21:18:19', '0:0:0:0:0:0:0:1', 'Mozilla/5.0 (Windows NT 10.0; WOW64) AppleWebKit/537.36 (KHTML, like Gecko) Chrome/46.0.2490.86 Safari/537.36', '/jeesite/a/sys/user/list', 'GET', 'repage=', '');
INSERT INTO `sys_log` VALUES ('cc2a583d9eb14e7ca37699ac55153849', '1', '---', '1', '2015-12-02 21:12:12', '0:0:0:0:0:0:0:1', 'Mozilla/5.0 (Windows NT 10.0; WOW64) AppleWebKit/537.36 (KHTML, like Gecko) Chrome/46.0.2490.86 Safari/537.36', '/jeesite/a/sys/user/save', 'POST', 'id=&photo=&company.id=b5e6470db07445b08e5b792fdfa18bfe&company.name=&office.id=2089309f18aa432590c52d72702b684b&office.name=&no=02000001&name=&oldLoginName=&loginName=daoying&newPassword=&confirmNewPassword=&email=&phone=&mobile=&loginFlag=1&userType=1&roleIdList=1&_roleIdList=on&remarks=', '');
INSERT INTO `sys_log` VALUES ('ccd07152556b40ac9e117802a10cecc7', '1', '--', '1', '2015-12-03 07:15:23', '0:0:0:0:0:0:0:1', 'Mozilla/5.0 (Windows NT 10.0; WOW64) AppleWebKit/537.36 (KHTML, like Gecko) Chrome/46.0.2490.86 Safari/537.36', '/jeesite/a/sys/sysDatesorces/', 'GET', 'tabPageId=jerichotabiframe_2', '');
INSERT INTO `sys_log` VALUES ('cd2bee35454c44f289e34927e95d91e2', '1', '--', '1', '2015-12-02 22:53:41', '0:0:0:0:0:0:0:1', 'Mozilla/5.0 (Windows NT 10.0; WOW64) AppleWebKit/537.36 (KHTML, like Gecko) Chrome/46.0.2490.86 Safari/537.36', '/jeesite/a/sys/user/info', 'GET', 'tabPageId=jerichotabiframe_0', '');
INSERT INTO `sys_log` VALUES ('ce1378afa5c1489496b346fa07ecb38b', '1', '---', '1', '2015-12-03 07:23:21', '0:0:0:0:0:0:0:1', 'Mozilla/5.0 (Windows NT 10.0; WOW64) AppleWebKit/537.36 (KHTML, like Gecko) Chrome/46.0.2490.86 Safari/537.36', '/jeesite/a/sys/user/list', 'GET', '', '');
INSERT INTO `sys_log` VALUES ('ce7ee142dce24f7c8383c08723bd9d78', '1', '---', '1', '2015-12-02 20:33:13', '0:0:0:0:0:0:0:1', 'Mozilla/5.0 (Windows NT 10.0; WOW64) AppleWebKit/537.36 (KHTML, like Gecko) Chrome/46.0.2490.86 Safari/537.36', '/jeesite/a/sys/area/save', 'POST', 'id=&parent.id=1&parent.name=&name=&code=&type=2&remarks=', '');
INSERT INTO `sys_log` VALUES ('cea6ebec17d744138b398159624e17a8', '1', '--', '1', '2015-12-02 20:17:39', '0:0:0:0:0:0:0:1', 'Mozilla/5.0 (Windows NT 10.0; WOW64) AppleWebKit/537.36 (KHTML, like Gecko) Chrome/46.0.2490.86 Safari/537.36', '/jeesite/a/sys/dict/', 'POST', 'pageNo=1&pageSize=30&type=act_type&description=', '');
INSERT INTO `sys_log` VALUES ('cf86db79403347beaa730da1535c3381', '1', '--', '1', '2015-12-02 23:02:40', '0:0:0:0:0:0:0:1', 'Mozilla/5.0 (Windows NT 10.0; WOW64) AppleWebKit/537.36 (KHTML, like Gecko) Chrome/46.0.2490.86 Safari/537.36', '/jeesite/a/sys/dict/', 'GET', '', '');
INSERT INTO `sys_log` VALUES ('cf8f945ac1dd44b09e5f20a56e0e5d0d', '1', '--', '1', '2015-12-02 21:28:41', '0:0:0:0:0:0:0:1', 'Mozilla/5.0 (Windows NT 10.0; WOW64) AppleWebKit/537.36 (KHTML, like Gecko) Chrome/46.0.2490.86 Safari/537.36', '/jeesite/a/sys/user/modifyPwd', 'POST', 'id=1&oldPassword=&newPassword=&confirmNewPassword=', '');
INSERT INTO `sys_log` VALUES ('cf908472acd64f61bc040ba827a70e40', '1', '--', '1', '2015-12-03 07:36:31', '0:0:0:0:0:0:0:1', 'Mozilla/5.0 (Windows NT 10.0; WOW64) AppleWebKit/537.36 (KHTML, like Gecko) Chrome/46.0.2490.86 Safari/537.36', '/jeesite/a/sys/role/', 'GET', 'tabPageId=jerichotabiframe_2', '');
INSERT INTO `sys_log` VALUES ('cff42982bf0b4cbaae458d5f5a38b13f', '1', '---', '1', '2015-12-02 21:22:00', '0:0:0:0:0:0:0:1', 'Mozilla/5.0 (Windows NT 10.0; WOW64) AppleWebKit/537.36 (KHTML, like Gecko) Chrome/46.0.2490.86 Safari/537.36', '/jeesite/a/sys/office/list', 'GET', 'id=&parentIds=', '');
INSERT INTO `sys_log` VALUES ('d088d094ceef40b3bd28b170629c709c', '1', '---', '1', '2015-12-03 07:14:03', '0:0:0:0:0:0:0:1', 'Mozilla/5.0 (Windows NT 10.0; WOW64) AppleWebKit/537.36 (KHTML, like Gecko) Chrome/46.0.2490.86 Safari/537.36', '/jeesite/a/sys/menu/save', 'POST', 'id=56daa185c1b849909b9afbf42ee8e835&parent.id=55776620e9a7459d91a74b84813fe5be&parent.name=&name=&href=&target=&icon=&sort=30&isShow=0&permission=sys:sysDatesorces:view&remarks=', '');
INSERT INTO `sys_log` VALUES ('d09f629588824133ad2265370b26e7f8', '1', '-', '1', '2015-12-02 21:32:01', '0:0:0:0:0:0:0:1', 'Mozilla/5.0 (Windows NT 10.0; WOW64; Trident/7.0; rv:11.0) like Gecko', '/jeesite/a/cms/none/', 'GET', 'category.id=25', '');
INSERT INTO `sys_log` VALUES ('d1fdb3cfa6c24ce4a46ed4a2fbc44cc2', '1', '---', '1', '2015-12-03 07:00:07', '0:0:0:0:0:0:0:1', 'Mozilla/5.0 (Windows NT 10.0; WOW64) AppleWebKit/537.36 (KHTML, like Gecko) Chrome/46.0.2490.86 Safari/537.36', '/jeesite/a/test/testData/save', 'POST', 'id=&user.id=87060c4c39be40d5bc9ce07afe705be6&user.name=zhibhosys&office.id=5a61194f046443e7a4578b5286f0e1f9&office.name=&area.id=e6a9942c4c044093af32987e9119f1e8&area.name=&name=hao&sex=1&inDate=2015-12-03 07:00:03&remarks=', '');
INSERT INTO `sys_log` VALUES ('d2116ba32ab74ef1a46d80a26c1d8ad9', '1', '---', '1', '2015-12-02 20:29:34', '0:0:0:0:0:0:0:1', 'Mozilla/5.0 (Windows NT 10.0; WOW64) AppleWebKit/537.36 (KHTML, like Gecko) Chrome/46.0.2490.86 Safari/537.36', '/jeesite/a/sys/user/list', 'GET', '', '');
INSERT INTO `sys_log` VALUES ('d22a015d79d743e9b13486773e82b432', '1', '--', '1', '2015-12-03 07:32:36', '0:0:0:0:0:0:0:1', 'Mozilla/5.0 (Windows NT 10.0; WOW64) AppleWebKit/537.36 (KHTML, like Gecko) Chrome/46.0.2490.86 Safari/537.36', '/jeesite/a/sys/role/', 'GET', 'tabPageId=jerichotabiframe_9', '');
INSERT INTO `sys_log` VALUES ('d27890ea4590497a9913fc7339f66e19', '1', '--', '1', '2015-12-03 07:12:49', '0:0:0:0:0:0:0:1', 'Mozilla/5.0 (Windows NT 10.0; WOW64) AppleWebKit/537.36 (KHTML, like Gecko) Chrome/46.0.2490.86 Safari/537.36', '/jeesite/a/sys/menu/', 'GET', '', '');
INSERT INTO `sys_log` VALUES ('d285243b65704e0cb642c5319e391d12', '1', '--', '1', '2015-12-02 23:03:13', '0:0:0:0:0:0:0:1', 'Mozilla/5.0 (Windows NT 10.0; WOW64) AppleWebKit/537.36 (KHTML, like Gecko) Chrome/46.0.2490.86 Safari/537.36', '/jeesite/a/sys/dict/', 'GET', 'repage=&type=sys_resour', '');
INSERT INTO `sys_log` VALUES ('d2a54278811346d2a4468a31a3afa67e', '1', '---', '1', '2015-12-02 21:20:21', '0:0:0:0:0:0:0:1', 'Mozilla/5.0 (Windows NT 10.0; WOW64) AppleWebKit/537.36 (KHTML, like Gecko) Chrome/46.0.2490.86 Safari/537.36', '/jeesite/a/sys/user/list', 'GET', '', '');
INSERT INTO `sys_log` VALUES ('d33121c0099c4aaf89df0ada4319b490', '1', '--', '1', '2015-12-03 07:09:49', '0:0:0:0:0:0:0:1', 'Mozilla/5.0 (Windows NT 10.0; WOW64) AppleWebKit/537.36 (KHTML, like Gecko) Chrome/46.0.2490.86 Safari/537.36', '/jeesite/a/sys/menu/', 'GET', '', '');
INSERT INTO `sys_log` VALUES ('d3d4e143df27419496a068c7bca53ea1', '1', '--', '87060c4c39be40d5bc9ce07afe705be6', '2015-12-03 07:37:50', '0:0:0:0:0:0:0:1', 'Mozilla/5.0 (Windows NT 10.0; WOW64) AppleWebKit/537.36 (KHTML, like Gecko) Chrome/46.0.2490.86 Safari/537.36', '/jeesite/a/sys/area/', 'GET', 'tabPageId=jerichotabiframe_6', '');
INSERT INTO `sys_log` VALUES ('d41671c06a8544e7b8e13be1321fb2ac', '1', '---', '1', '2015-12-03 07:37:10', '0:0:0:0:0:0:0:1', 'Mozilla/5.0 (Windows NT 10.0; WOW64) AppleWebKit/537.36 (KHTML, like Gecko) Chrome/46.0.2490.86 Safari/537.36', '/jeesite/a/sys/role/form', 'GET', 'id=b895094c468349b8ae380d9f118283bd', '');
INSERT INTO `sys_log` VALUES ('d4186c56e48b4e1ea15a25a13c6973e2', '1', '---', '1', '2015-12-02 21:35:40', '0:0:0:0:0:0:0:1', 'Mozilla/5.0 (Windows NT 10.0; WOW64) AppleWebKit/537.36 (KHTML, like Gecko) Chrome/46.0.2490.86 Safari/537.36', '/jeesite/a/sys/menu/form', 'GET', 'id=27', '');
INSERT INTO `sys_log` VALUES ('d44f029b55ec478485c5eb22d90ea55b', '1', '--', '1', '2015-12-02 21:34:21', '0:0:0:0:0:0:0:1', 'Mozilla/5.0 (Windows NT 10.0; WOW64) AppleWebKit/537.36 (KHTML, like Gecko) Chrome/46.0.2490.86 Safari/537.36', '/jeesite/a/sys/role/', 'GET', 'tabPageId=jerichotabiframe_2', '');
INSERT INTO `sys_log` VALUES ('d528c9567f8c4e90bfc25996aa1ac25a', '1', '---', '1', '2015-12-03 06:54:04', '0:0:0:0:0:0:0:1', 'Mozilla/5.0 (Windows NT 10.0; WOW64) AppleWebKit/537.36 (KHTML, like Gecko) Chrome/46.0.2490.86 Safari/537.36', '/jeesite/a/test/testData/form', 'GET', '', '');
INSERT INTO `sys_log` VALUES ('d535be057cc349d681ba5867f5a1990e', '1', '--', '1', '2015-12-03 07:01:22', '0:0:0:0:0:0:0:1', 'Mozilla/5.0 (Windows NT 10.0; WOW64) AppleWebKit/537.36 (KHTML, like Gecko) Chrome/46.0.2490.86 Safari/537.36', '/jeesite/a/cms/', 'GET', 'tabPageId=jerichotabiframe_16', '');
INSERT INTO `sys_log` VALUES ('d536e3c310264abea5d64e4eec13ab40', '1', '---', '87060c4c39be40d5bc9ce07afe705be6', '2015-12-03 07:38:15', '0:0:0:0:0:0:0:1', 'Mozilla/5.0 (Windows NT 10.0; WOW64) AppleWebKit/537.36 (KHTML, like Gecko) Chrome/46.0.2490.86 Safari/537.36', '/jeesite/a/sys/office/list', 'GET', 'id=b5e6470db07445b08e5b792fdfa18bfe&parentIds=', '');
INSERT INTO `sys_log` VALUES ('d62e409de45c4eebac1a3e4d60157c79', '1', '---', '87060c4c39be40d5bc9ce07afe705be6', '2015-12-03 07:38:32', '0:0:0:0:0:0:0:1', 'Mozilla/5.0 (Windows NT 10.0; WOW64) AppleWebKit/537.36 (KHTML, like Gecko) Chrome/46.0.2490.86 Safari/537.36', '/jeesite/a/sys/office/save', 'POST', 'id=&parent.id=5392344d45ea4e9ba473919e7bba2fe8&parent.name=&area.id=308d231da7114ee88cabaeb920f40760&area.name=&name=&code=0200001002&type=2&grade=1&useable=1&primaryPerson.id=&office.primaryPerson.name=&deputyPerson.id=&office.deputyPerson.name=&address=&zipCode=&master=&phone=&fax=&email=&remarks=&_childDeptList=on', '');
INSERT INTO `sys_log` VALUES ('d66f8dbd70ad442f888e176fed0fd822', '1', '--', '1', '2015-12-03 07:31:45', '0:0:0:0:0:0:0:1', 'Mozilla/5.0 (Windows NT 10.0; WOW64) AppleWebKit/537.36 (KHTML, like Gecko) Chrome/46.0.2490.86 Safari/537.36', '/jeesite/a/sys/sysDatesorces/', 'POST', 'pageNo=1&pageSize=30&dbsType=&dbsName=&dbsUrl=', '');
INSERT INTO `sys_log` VALUES ('d73f575aabaf4c97a82486a04459bca7', '1', '---', '1', '2015-12-02 23:03:45', '0:0:0:0:0:0:0:1', 'Mozilla/5.0 (Windows NT 10.0; WOW64) AppleWebKit/537.36 (KHTML, like Gecko) Chrome/46.0.2490.86 Safari/537.36', '/jeesite/a/sys/dict/save', 'POST', 'id=&value=1&label=&type=sys_resour&description=&sort=11&remarks=', '');
INSERT INTO `sys_log` VALUES ('d7488d81e01f46ef97d3a92d0d390f6d', '1', '--', 'a8b3597b9fd84408ba5380f3d2d1778c', '2015-12-02 21:12:47', '0:0:0:0:0:0:0:1', 'Mozilla/5.0 (Windows NT 10.0; WOW64) AppleWebKit/537.36 (KHTML, like Gecko) Chrome/46.0.2490.86 Safari/537.36', '/jeesite/a/sys/area/', 'GET', 'tabPageId=jerichotabiframe_5', '');
INSERT INTO `sys_log` VALUES ('d75b1b204deb473eb254a587cb569bc2', '1', '-', '1', '2015-12-03 07:01:23', '0:0:0:0:0:0:0:1', 'Mozilla/5.0 (Windows NT 10.0; WOW64) AppleWebKit/537.36 (KHTML, like Gecko) Chrome/46.0.2490.86 Safari/537.36', '/jeesite/a/cms/tree', 'GET', '', '');
INSERT INTO `sys_log` VALUES ('d7927343f60040559a5bfb2c97173ea2', '1', '--', '1', '2015-12-02 21:27:16', '0:0:0:0:0:0:0:1', 'Mozilla/5.0 (Windows NT 10.0; WOW64) AppleWebKit/537.36 (KHTML, like Gecko) Chrome/46.0.2490.86 Safari/537.36', '/jeesite/a/sys/role/', 'GET', 'repage=', '');
INSERT INTO `sys_log` VALUES ('d7a242328d734737af70c0c94ad174b9', '1', '---', '1', '2015-12-03 07:07:31', '0:0:0:0:0:0:0:1', 'Mozilla/5.0 (Windows NT 10.0; WOW64) AppleWebKit/537.36 (KHTML, like Gecko) Chrome/46.0.2490.86 Safari/537.36', '/jeesite/a/sys/menu/save', 'POST', 'id=&parent.id=3&parent.name=&name=&href=&target=&icon= icon-barcode&sort=5030&isShow=1&permission=&remarks=', '');
INSERT INTO `sys_log` VALUES ('d7e319fef2184603bfef4b61e4ed43af', '1', '---', '1', '2015-12-02 21:23:16', '0:0:0:0:0:0:0:1', 'Mozilla/5.0 (Windows NT 10.0; WOW64) AppleWebKit/537.36 (KHTML, like Gecko) Chrome/46.0.2490.86 Safari/537.36', '/jeesite/a/sys/office/list', 'GET', 'id=b5e6470db07445b08e5b792fdfa18bfe&parentIds=0,b5e6470db07445b08e5b792fdfa18bfe,', '');
INSERT INTO `sys_log` VALUES ('d85d3b0d45ca43dc8eea95a70fbd5899', '1', '---', '87060c4c39be40d5bc9ce07afe705be6', '2015-12-03 07:38:48', '0:0:0:0:0:0:0:1', 'Mozilla/5.0 (Windows NT 10.0; WOW64) AppleWebKit/537.36 (KHTML, like Gecko) Chrome/46.0.2490.86 Safari/537.36', '/jeesite/a/sys/office/list', 'GET', 'id=5392344d45ea4e9ba473919e7bba2fe8&parentIds=0,b5e6470db07445b08e5b792fdfa18bfe,5392344d45ea4e9ba473919e7bba2fe8,', '');
INSERT INTO `sys_log` VALUES ('d873b79da10c43cf93a9fc66f35906d8', '2', '', '1', '2015-12-02 23:22:55', '0:0:0:0:0:0:0:1', 'Mozilla/5.0 (Windows NT 10.0; WOW64) AppleWebKit/537.36 (KHTML, like Gecko) Chrome/46.0.2490.86 Safari/537.36', '/jeesite/a', 'GET', '', 'org.apache.jasper.JasperException: /WEB-INF/views/modules/sys/sysIndex.jsp (line: 2, column: 0) The absolute uri: http://java.sun.com/jsp/jstl/core cannot be resolved in either web.xml or the jar files deployed with this application\r\n	at org.apache.jasper.compiler.DefaultErrorHandler.jspError(DefaultErrorHandler.java:41)\r\n	at org.apache.jasper.compiler.ErrorDispatcher.dispatch(ErrorDispatcher.java:275)\r\n	at org.apache.jasper.compiler.ErrorDispatcher.jspError(ErrorDispatcher.java:91)\r\n	at org.apache.jasper.compiler.Parser.processIncludeDirective(Parser.java:335)\r\n	at org.apache.jasper.compiler.Parser.parseIncludeDirective(Parser.java:368)\r\n	at org.apache.jasper.compiler.Parser.parseDirective(Parser.java:471)\r\n	at org.apache.jasper.compiler.Parser.parseElements(Parser.java:1435)\r\n	at org.apache.jasper.compiler.Parser.parse(Parser.java:139)\r\n	at org.apache.jasper.compiler.ParserController.doParse(ParserController.java:227)\r\n	at org.apache.jasper.compiler.ParserController.parse(ParserController.java:100)\r\n	at org.apache.jasper.compiler.Compiler.generateJava(Compiler.java:199)\r\n	at org.apache.jasper.compiler.Compiler.compile(Compiler.java:356)\r\n	at org.apache.jasper.compiler.Compiler.compile(Compiler.java:336)\r\n	at org.apache.jasper.compiler.Compiler.compile(Compiler.java:323)\r\n	at org.apache.jasper.JspCompilationContext.compile(JspCompilationContext.java:585)\r\n	at org.apache.jasper.servlet.JspServletWrapper.service(JspServletWrapper.java:363)\r\n	at org.apache.jasper.servlet.JspServlet.serviceJspFile(JspServlet.java:396)\r\n	at org.apache.jasper.servlet.JspServlet.service(JspServlet.java:340)\r\n	at javax.servlet.http.HttpServlet.service(HttpServlet.java:729)\r\n	at org.apache.catalina.core.ApplicationFilterChain.internalDoFilter(ApplicationFilterChain.java:291)\r\n	at org.apache.catalina.core.ApplicationFilterChain.doFilter(ApplicationFilterChain.java:206)\r\n	at org.apache.tomcat.websocket.server.WsFilter.doFilter(WsFilter.java:52)\r\n	at org.apache.catalina.core.ApplicationFilterChain.internalDoFilter(ApplicationFilterChain.java:239)\r\n	at org.apache.catalina.core.ApplicationFilterChain.doFilter(ApplicationFilterChain.java:206)\r\n	at org.apache.catalina.core.ApplicationDispatcher.invoke(ApplicationDispatcher.java:719)\r\n	at org.apache.catalina.core.ApplicationDispatcher.processRequest(ApplicationDispatcher.java:465)\r\n	at org.apache.catalina.core.ApplicationDispatcher.doForward(ApplicationDispatcher.java:390)\r\n	at org.apache.catalina.core.ApplicationDispatcher.forward(ApplicationDispatcher.java:317)\r\n	at org.springframework.web.servlet.view.InternalResourceView.renderMergedOutputModel(InternalResourceView.java:209)\r\n	at org.springframework.web.servlet.view.AbstractView.render(AbstractView.java:267)\r\n	at org.springframework.web.servlet.DispatcherServlet.render(DispatcherServlet.java:1221)\r\n	at org.springframework.web.servlet.DispatcherServlet.processDispatchResult(DispatcherServlet.java:1005)\r\n	at org.springframework.web.servlet.DispatcherServlet.doDispatch(DispatcherServlet.java:952)\r\n	at org.springframework.web.servlet.DispatcherServlet.doService(DispatcherServlet.java:870)\r\n	at org.springframework.web.servlet.FrameworkServlet.processRequest(FrameworkServlet.java:961)\r\n	at org.springframework.web.servlet.FrameworkServlet.doGet(FrameworkServlet.java:852)\r\n	at javax.servlet.http.HttpServlet.service(HttpServlet.java:622)\r\n	at org.springframework.web.servlet.FrameworkServlet.service(FrameworkServlet.java:837)\r\n	at javax.servlet.http.HttpServlet.service(HttpServlet.java:729)\r\n	at org.apache.catalina.core.ApplicationFilterChain.internalDoFilter(ApplicationFilterChain.java:291)\r\n	at org.apache.catalina.core.ApplicationFilterChain.doFilter(ApplicationFilterChain.java:206)\r\n	at org.apache.tomcat.websocket.server.WsFilter.doFilter(WsFilter.java:52)\r\n	at org.apache.catalina.core.ApplicationFilterChain.internalDoFilter(ApplicationFilterChain.java:239)\r\n	at org.apache.catalina.core.ApplicationFilterChain.doFilter(ApplicationFilterChain.java:206)\r\n	at com.opensymphony.sitemesh.webapp.SiteMeshFilter.obtainContent(SiteMeshFilter.java:129)\r\n	at com.opensymphony.sitemesh.webapp.SiteMeshFilter.doFilter(SiteMeshFilter.java:77)\r\n	at org.apache.catalina.core.ApplicationFilterChain.internalDoFilter(ApplicationFilterChain.java:239)\r\n	at org.apache.catalina.core.ApplicationFilterChain.doFilter(ApplicationFilterChain.java:206)\r\n	at org.apache.shiro.web.servlet.ProxiedFilterChain.doFilter(ProxiedFilterChain.java:61)\r\n	at org.apache.shiro.web.servlet.AdviceFilter.executeChain(AdviceFilter.java:108)\r\n	at org.apache.shiro.web.servlet.AdviceFilter.doFilterInternal(AdviceFilter.java:137)\r\n	at org.apache.shiro.web.servlet.OncePerRequestFilter.doFilter(OncePerRequestFilter.java:125)\r\n	at org.apache.shiro.web.servlet.ProxiedFilterChain.doFilter(ProxiedFilterChain.java:66)\r\n	at org.apache.shiro.web.servlet.AbstractShiroFilter.executeChain(AbstractShiroFilter.java:449)\r\n	at org.apache.shiro.web.servlet.AbstractShiroFilter$1.call(AbstractShiroFilter.java:365)\r\n	at org.apache.shiro.subject.support.SubjectCallable.doCall(SubjectCallable.java:90)\r\n	at org.apache.shiro.subject.support.SubjectCallable.call(SubjectCallable.java:83)\r\n	at org.apache.shiro.subject.support.DelegatingSubject.execute(DelegatingSubject.java:383)\r\n	at org.apache.shiro.web.servlet.AbstractShiroFilter.doFilterInternal(AbstractShiroFilter.java:362)\r\n	at org.apache.shiro.web.servlet.OncePerRequestFilter.doFilter(OncePerRequestFilter.java:125)\r\n	at org.springframework.web.filter.DelegatingFilterProxy.invokeDelegate(DelegatingFilterProxy.java:344)\r\n	at org.springframework.web.filter.DelegatingFilterProxy.doFilter(DelegatingFilterProxy.java:261)\r\n	at org.apache.catalina.core.ApplicationFilterChain.internalDoFilter(ApplicationFilterChain.java:239)\r\n	at org.apache.catalina.core.ApplicationFilterChain.doFilter(ApplicationFilterChain.java:206)\r\n	at org.springframework.web.filter.CharacterEncodingFilter.doFilterInternal(CharacterEncodingFilter.java:88)\r\n	at org.springframework.web.filter.OncePerRequestFilter.doFilter(OncePerRequestFilter.java:107)\r\n	at org.apache.catalina.core.ApplicationFilterChain.internalDoFilter(ApplicationFilterChain.java:239)\r\n	at org.apache.catalina.core.ApplicationFilterChain.doFilter(ApplicationFilterChain.java:206)\r\n	at org.apache.catalina.core.StandardWrapperValve.invoke(StandardWrapperValve.java:212)\r\n	at org.apache.catalina.core.StandardContextValve.invoke(StandardContextValve.java:106)\r\n	at org.apache.catalina.authenticator.AuthenticatorBase.invoke(AuthenticatorBase.java:502)\r\n	at org.apache.catalina.core.StandardHostValve.invoke(StandardHostValve.java:141)\r\n	at org.apache.catalina.valves.ErrorReportValve.invoke(ErrorReportValve.java:79)\r\n	at org.apache.catalina.valves.AbstractAccessLogValve.invoke(AbstractAccessLogValve.java:616)\r\n	at org.apache.catalina.core.StandardEngineValve.invoke(StandardEngineValve.java:88)\r\n	at org.apache.catalina.connector.CoyoteAdapter.service(CoyoteAdapter.java:518)\r\n	at org.apache.coyote.http11.AbstractHttp11Processor.process(AbstractHttp11Processor.java:1096)\r\n	at org.apache.coyote.AbstractProtocol$AbstractConnectionHandler.process(AbstractProtocol.java:674)\r\n	at org.apache.tomcat.util.net.NioEndpoint$SocketProcessor.doRun(NioEndpoint.java:1500)\r\n	at org.apache.tomcat.util.net.NioEndpoint$SocketProcessor.run(NioEndpoint.java:1456)\r\n	at java.util.concurrent.ThreadPoolExecutor.runWorker(ThreadPoolExecutor.java:1142)\r\n	at java.util.concurrent.ThreadPoolExecutor$Worker.run(ThreadPoolExecutor.java:617)\r\n	at org.apache.tomcat.util.threads.TaskThread$WrappingRunnable.run(TaskThread.java:61)\r\n	at java.lang.Thread.run(Thread.java:745)\r\n');
INSERT INTO `sys_log` VALUES ('d89e2ed1f05640dd9f372b3962ed4c2c', '1', '---', '1', '2015-12-02 21:32:06', '0:0:0:0:0:0:0:1', 'Mozilla/5.0 (Windows NT 10.0; WOW64; Trident/7.0; rv:11.0) like Gecko', '/jeesite/a/cms/article/', 'GET', 'category.id=13', '');
INSERT INTO `sys_log` VALUES ('d909b609e96545589c5218ec44c676c2', '1', '--', '1', '2015-12-03 06:59:33', '0:0:0:0:0:0:0:1', 'Mozilla/5.0 (Windows NT 10.0; WOW64) AppleWebKit/537.36 (KHTML, like Gecko) Chrome/46.0.2490.86 Safari/537.36', '/jeesite/a/test/testData', 'GET', 'tabPageId=jerichotabiframe_12', '');
INSERT INTO `sys_log` VALUES ('d95a54523b2144f1a36e8bbd6b6a01f1', '1', '---', '87060c4c39be40d5bc9ce07afe705be6', '2015-12-03 07:38:45', '0:0:0:0:0:0:0:1', 'Mozilla/5.0 (Windows NT 10.0; WOW64) AppleWebKit/537.36 (KHTML, like Gecko) Chrome/46.0.2490.86 Safari/537.36', '/jeesite/a/sys/office/list', 'GET', 'id=&parentIds=0,b5e6470db07445b08e5b792fdfa18bfe,', '');
INSERT INTO `sys_log` VALUES ('d9b58ae1c72f4003a489c9ddebf3e472', '1', '', '1', '2015-12-03 07:39:51', '0:0:0:0:0:0:0:1', 'Mozilla/5.0 (Windows NT 10.0; WOW64) AppleWebKit/537.36 (KHTML, like Gecko) Chrome/46.0.2490.86 Safari/537.36', '/jeesite/a', 'GET', 'login=', '');
INSERT INTO `sys_log` VALUES ('db07377bd5f3490baab6f0ea7ee5f546', '1', '---', '1', '2015-12-02 21:21:32', '0:0:0:0:0:0:0:1', 'Mozilla/5.0 (Windows NT 10.0; WOW64) AppleWebKit/537.36 (KHTML, like Gecko) Chrome/46.0.2490.86 Safari/537.36', '/jeesite/a/sys/role/form', 'GET', '', '');
INSERT INTO `sys_log` VALUES ('db224870aa764736a656a90156b9d200', '1', '---', '1', '2015-12-02 20:33:36', '0:0:0:0:0:0:0:1', 'Mozilla/5.0 (Windows NT 10.0; WOW64) AppleWebKit/537.36 (KHTML, like Gecko) Chrome/46.0.2490.86 Safari/537.36', '/jeesite/a/sys/area/save', 'POST', 'id=&parent.id=99a9f4b14de84a2d9778a0785bc859df&parent.name=&name=&code=020&type=3&remarks=', '');
INSERT INTO `sys_log` VALUES ('db597b1680d741a4aa2137c10f8fa2fc', '1', '--', '1', '2015-12-02 20:17:09', '0:0:0:0:0:0:0:1', 'Mozilla/5.0 (Windows NT 10.0; WOW64) AppleWebKit/537.36 (KHTML, like Gecko) Chrome/46.0.2490.86 Safari/537.36', '/jeesite/a/sys/dict/', 'POST', 'pageNo=1&pageSize=30&type=act_type&description=', '');
INSERT INTO `sys_log` VALUES ('dd259074c67e422da4ea38e69642f509', '1', '---', '1', '2015-12-03 07:10:00', '0:0:0:0:0:0:0:1', 'Mozilla/5.0 (Windows NT 10.0; WOW64) AppleWebKit/537.36 (KHTML, like Gecko) Chrome/46.0.2490.86 Safari/537.36', '/jeesite/a/sys/menu/form', 'GET', 'parent.id=55776620e9a7459d91a74b84813fe5be', '');
INSERT INTO `sys_log` VALUES ('dd492303ddca4b44b2542c764e8da23a', '1', '---', 'a8b3597b9fd84408ba5380f3d2d1778c', '2015-12-02 21:15:40', '0:0:0:0:0:0:0:1', 'Mozilla/5.0 (Windows NT 10.0; WOW64) AppleWebKit/537.36 (KHTML, like Gecko) Chrome/46.0.2490.86 Safari/537.36', '/jeesite/a/sys/user/form', 'GET', 'id=7c63751ac8b64dad9cde14e9f5d5f639', '');
INSERT INTO `sys_log` VALUES ('dd4b22af049244f28048c1ba1dd1a339', '1', '---', '1', '2015-12-02 21:27:27', '0:0:0:0:0:0:0:1', 'Mozilla/5.0 (Windows NT 10.0; WOW64) AppleWebKit/537.36 (KHTML, like Gecko) Chrome/46.0.2490.86 Safari/537.36', '/jeesite/a/sys/role/delete', 'GET', 'id=5', '');
INSERT INTO `sys_log` VALUES ('dd6c03e4046b45e2beb21326389377bf', '1', '--', '1', '2015-12-02 21:33:24', '0:0:0:0:0:0:0:1', 'Mozilla/5.0 (Windows NT 10.0; WOW64) AppleWebKit/537.36 (KHTML, like Gecko) Chrome/46.0.2490.86 Safari/537.36', '/jeesite/a/sys/user/info', 'GET', '', '');
INSERT INTO `sys_log` VALUES ('dd6ed7a470a64ea8be7e30ff39883696', '1', '--', '1', '2015-12-02 21:33:24', '0:0:0:0:0:0:0:1', 'Mozilla/5.0 (Windows NT 10.0; WOW64) AppleWebKit/537.36 (KHTML, like Gecko) Chrome/46.0.2490.86 Safari/537.36', '/jeesite/a/sys/user/info', 'GET', 'tabPageId=jerichotabiframe_9', '');
INSERT INTO `sys_log` VALUES ('de043b422b3b44ce8ae6d842f6e121c7', '1', '--', '1', '2015-12-03 07:32:22', '0:0:0:0:0:0:0:1', 'Mozilla/5.0 (Windows NT 10.0; WOW64) AppleWebKit/537.36 (KHTML, like Gecko) Chrome/46.0.2490.86 Safari/537.36', '/jeesite/a/sys/menu/', 'GET', '', '');
INSERT INTO `sys_log` VALUES ('de17b82696884f67903e2dc273c13d0c', '1', '---', '1', '2015-12-02 21:25:30', '0:0:0:0:0:0:0:1', 'Mozilla/5.0 (Windows NT 10.0; WOW64) AppleWebKit/537.36 (KHTML, like Gecko) Chrome/46.0.2490.86 Safari/537.36', '/jeesite/a/sys/office/list', 'GET', 'id=5392344d45ea4e9ba473919e7bba2fe8&parentIds=0,b5e6470db07445b08e5b792fdfa18bfe,5392344d45ea4e9ba473919e7bba2fe8,', '');
INSERT INTO `sys_log` VALUES ('dedf12a532934088b41374b4e3557e31', '1', '---', '1', '2015-12-03 07:09:32', '0:0:0:0:0:0:0:1', 'Mozilla/5.0 (Windows NT 10.0; WOW64) AppleWebKit/537.36 (KHTML, like Gecko) Chrome/46.0.2490.86 Safari/537.36', '/jeesite/a/sys/menu/form', 'GET', 'id=7', '');
INSERT INTO `sys_log` VALUES ('deed68a81467464aa1bbc54535e2aab2', '1', '--', '1', '2015-12-02 20:31:00', '0:0:0:0:0:0:0:1', 'Mozilla/5.0 (Windows NT 10.0; WOW64) AppleWebKit/537.36 (KHTML, like Gecko) Chrome/46.0.2490.86 Safari/537.36', '/jeesite/a/sys/dict/', 'GET', 'tabPageId=jerichotabiframe_24', '');
INSERT INTO `sys_log` VALUES ('df098d445ec84e95afce88abfbce7392', '1', '---', '1', '2015-12-02 21:25:19', '0:0:0:0:0:0:0:1', 'Mozilla/5.0 (Windows NT 10.0; WOW64) AppleWebKit/537.36 (KHTML, like Gecko) Chrome/46.0.2490.86 Safari/537.36', '/jeesite/a/sys/user/save', 'POST', 'id=&photo=&company.id=5392344d45ea4e9ba473919e7bba2fe8&company.name=&office.id=5a61194f046443e7a4578b5286f0e1f9&office.name=&no=020000001&name=zhibhosys&oldLoginName=&loginName=zhibosys&newPassword=&confirmNewPassword=&email=&phone=&mobile=&loginFlag=1&userType=1&roleIdList=3&_roleIdList=on&remarks=', '');
INSERT INTO `sys_log` VALUES ('df4cd118db2041538adeb8c7fd212f1e', '1', '---', '1', '2015-12-03 07:09:17', '0:0:0:0:0:0:0:1', 'Mozilla/5.0 (Windows NT 10.0; WOW64) AppleWebKit/537.36 (KHTML, like Gecko) Chrome/46.0.2490.86 Safari/537.36', '/jeesite/a/sys/menu/form', 'GET', 'id=55776620e9a7459d91a74b84813fe5be', '');
INSERT INTO `sys_log` VALUES ('df7cb31912394c9ab3fad9407e7fbe72', '1', '-', '1', '2015-12-02 21:31:45', '0:0:0:0:0:0:0:1', 'Mozilla/5.0 (Windows NT 10.0; WOW64; Trident/7.0; rv:11.0) like Gecko', '/jeesite/a/cms/none', 'GET', '', '');
INSERT INTO `sys_log` VALUES ('dfc3c97106994a36ad2bec54223cca16', '1', '---', '1', '2015-12-02 21:27:45', '0:0:0:0:0:0:0:1', 'Mozilla/5.0 (Windows NT 10.0; WOW64) AppleWebKit/537.36 (KHTML, like Gecko) Chrome/46.0.2490.86 Safari/537.36', '/jeesite/a/sys/user/list', 'GET', 'office.id=5392344d45ea4e9ba473919e7bba2fe8&office.name=', '');
INSERT INTO `sys_log` VALUES ('dfe38e7724e642ecaa507b51e66048ff', '1', '---', '1', '2015-12-03 07:00:34', '0:0:0:0:0:0:0:1', 'Mozilla/5.0 (Windows NT 10.0; WOW64) AppleWebKit/537.36 (KHTML, like Gecko) Chrome/46.0.2490.86 Safari/537.36', '/jeesite/a/test/testDataMain/', 'GET', '', '');
INSERT INTO `sys_log` VALUES ('e06a8624ff0c468782d59ddb7e915a11', '1', '---', '1', '2015-12-03 07:31:30', '0:0:0:0:0:0:0:1', 'Mozilla/5.0 (Windows NT 10.0; WOW64) AppleWebKit/537.36 (KHTML, like Gecko) Chrome/46.0.2490.86 Safari/537.36', '/jeesite/a/sys/user/list', 'GET', '', '');
INSERT INTO `sys_log` VALUES ('e0976f30b9964346ada2a63195797ad6', '1', '---', 'a8b3597b9fd84408ba5380f3d2d1778c', '2015-12-02 21:17:53', '0:0:0:0:0:0:0:1', 'Mozilla/5.0 (Windows NT 10.0; WOW64) AppleWebKit/537.36 (KHTML, like Gecko) Chrome/46.0.2490.86 Safari/537.36', '/jeesite/a/sys/user/delete', 'GET', 'id=3', '');
INSERT INTO `sys_log` VALUES ('e0e7619e036744f49d08d22af82e3e71', '1', '--', '1', '2015-12-03 07:16:13', '0:0:0:0:0:0:0:1', 'Mozilla/5.0 (Windows NT 10.0; WOW64) AppleWebKit/537.36 (KHTML, like Gecko) Chrome/46.0.2490.86 Safari/537.36', '/jeesite/a/sys/user/info', 'GET', 'tabPageId=jerichotabiframe_0', '');
INSERT INTO `sys_log` VALUES ('e1c39f9ae6c143ba99b33c6b5b68b359', '1', '---', '1', '2015-12-02 21:22:02', '0:0:0:0:0:0:0:1', 'Mozilla/5.0 (Windows NT 10.0; WOW64) AppleWebKit/537.36 (KHTML, like Gecko) Chrome/46.0.2490.86 Safari/537.36', '/jeesite/a/sys/office/list', 'GET', 'id=b5e6470db07445b08e5b792fdfa18bfe&parentIds=0,b5e6470db07445b08e5b792fdfa18bfe,', '');
INSERT INTO `sys_log` VALUES ('e1ef505cb32148299678330fcc087248', '1', '--', '87060c4c39be40d5bc9ce07afe705be6', '2015-12-02 21:29:57', '0:0:0:0:0:0:0:1', 'Mozilla/5.0 (Windows NT 10.0; WOW64) AppleWebKit/537.36 (KHTML, like Gecko) Chrome/46.0.2490.86 Safari/537.36', '/jeesite/a/sys/area/', 'GET', 'tabPageId=jerichotabiframe_2', '');
INSERT INTO `sys_log` VALUES ('e1faaccca40343d3ad4d69fc420152b0', '1', '--', '1', '2015-12-02 20:32:02', '0:0:0:0:0:0:0:1', 'Mozilla/5.0 (Windows NT 10.0; WOW64) AppleWebKit/537.36 (KHTML, like Gecko) Chrome/46.0.2490.86 Safari/537.36', '/jeesite/a/sys/dict/', 'GET', '', '');
INSERT INTO `sys_log` VALUES ('e34609a28f5c483db27874497cc285d8', '1', '--', 'a8b3597b9fd84408ba5380f3d2d1778c', '2015-12-02 21:20:02', '0:0:0:0:0:0:0:1', 'Mozilla/5.0 (Windows NT 10.0; WOW64) AppleWebKit/537.36 (KHTML, like Gecko) Chrome/46.0.2490.86 Safari/537.36', '/jeesite/a/sys/role/', 'GET', 'repage=', '');
INSERT INTO `sys_log` VALUES ('e34df4aa232a42228d97aeb2f016bde8', '1', '---', '1', '2015-12-02 21:31:41', '0:0:0:0:0:0:0:1', 'Mozilla/5.0 (Windows NT 10.0; WOW64; Trident/7.0; rv:11.0) like Gecko', '/jeesite/a/sys/user/list', 'GET', '', '');
INSERT INTO `sys_log` VALUES ('e373b65e3ab3438ebc845bf39a083029', '1', '---', 'a8b3597b9fd84408ba5380f3d2d1778c', '2015-12-02 21:17:55', '0:0:0:0:0:0:0:1', 'Mozilla/5.0 (Windows NT 10.0; WOW64) AppleWebKit/537.36 (KHTML, like Gecko) Chrome/46.0.2490.86 Safari/537.36', '/jeesite/a/sys/user/list', 'GET', 'repage=', '');
INSERT INTO `sys_log` VALUES ('e45b8b6ba69e410f98eb55363631dba7', '1', '---', '1', '2015-12-03 07:08:21', '0:0:0:0:0:0:0:1', 'Mozilla/5.0 (Windows NT 10.0; WOW64) AppleWebKit/537.36 (KHTML, like Gecko) Chrome/46.0.2490.86 Safari/537.36', '/jeesite/a/sys/menu/form', 'GET', 'parent.id=55776620e9a7459d91a74b84813fe5be', '');
INSERT INTO `sys_log` VALUES ('e47980f638bc4c3b91de704dc5fac2ec', '1', '--', '1', '2015-12-02 21:29:10', '0:0:0:0:0:0:0:1', 'Mozilla/5.0 (Windows NT 10.0; WOW64) AppleWebKit/537.36 (KHTML, like Gecko) Chrome/46.0.2490.86 Safari/537.36', '/jeesite/a/sys/user/info', 'GET', '', '');
INSERT INTO `sys_log` VALUES ('e5f4fa1dec9948b1b7a4e62420c967e6', '1', '--', '1', '2015-12-02 21:33:58', '0:0:0:0:0:0:0:1', 'Mozilla/5.0 (Windows NT 10.0; WOW64) AppleWebKit/537.36 (KHTML, like Gecko) Chrome/46.0.2490.86 Safari/537.36', '/jeesite/a/sys/user/info', 'GET', 'tabPageId=jerichotabiframe_0', '');
INSERT INTO `sys_log` VALUES ('e6fd76202e844115ba7e6b2c5273a768', '1', '--', '1', '2015-12-03 06:58:30', '0:0:0:0:0:0:0:1', 'Mozilla/5.0 (Windows NT 10.0; WOW64) AppleWebKit/537.36 (KHTML, like Gecko) Chrome/46.0.2490.86 Safari/537.36', '/jeesite/a/sys/role/', 'GET', 'tabPageId=jerichotabiframe_4', '');
INSERT INTO `sys_log` VALUES ('e75e8f1996c24779895009adbc2e1284', '1', '---', '87060c4c39be40d5bc9ce07afe705be6', '2015-12-03 07:39:42', '0:0:0:0:0:0:0:1', 'Mozilla/5.0 (Windows NT 10.0; WOW64) AppleWebKit/537.36 (KHTML, like Gecko) Chrome/46.0.2490.86 Safari/537.36', '/jeesite/a/sys/user/save', 'POST', 'id=&photo=&company.id=5392344d45ea4e9ba473919e7bba2fe8&company.name=&office.id=206cfcf7fd8f4d5a9a97913a0dcfd328&office.name=&no=0200002&name=&oldLoginName=&loginName=test&newPassword=&confirmNewPassword=&email=&phone=&mobile=&loginFlag=1&userType=3&roleIdList=3&_roleIdList=on&remarks=', '');
INSERT INTO `sys_log` VALUES ('e82f4dd62f6741868d2974f1efca7f39', '1', '--', '1', '2015-12-03 07:36:46', '0:0:0:0:0:0:0:1', 'Mozilla/5.0 (Windows NT 10.0; WOW64) AppleWebKit/537.36 (KHTML, like Gecko) Chrome/46.0.2490.86 Safari/537.36', '/jeesite/a/sys/menu/', 'GET', '', '');
INSERT INTO `sys_log` VALUES ('e920a811c2eb42a8a7afa5a4cb31ca49', '1', '', '87060c4c39be40d5bc9ce07afe705be6', '2015-12-02 21:29:51', '0:0:0:0:0:0:0:1', 'Mozilla/5.0 (Windows NT 10.0; WOW64) AppleWebKit/537.36 (KHTML, like Gecko) Chrome/46.0.2490.86 Safari/537.36', '/jeesite/a', 'GET', 'login=', '');
INSERT INTO `sys_log` VALUES ('e9c4d0ca06484b9ea7cd04e04cdf954d', '1', '---', '87060c4c39be40d5bc9ce07afe705be6', '2015-12-03 07:38:34', '0:0:0:0:0:0:0:1', 'Mozilla/5.0 (Windows NT 10.0; WOW64) AppleWebKit/537.36 (KHTML, like Gecko) Chrome/46.0.2490.86 Safari/537.36', '/jeesite/a/sys/office/list', 'GET', 'id=5392344d45ea4e9ba473919e7bba2fe8&parentIds=0,b5e6470db07445b08e5b792fdfa18bfe,5392344d45ea4e9ba473919e7bba2fe8,', '');
INSERT INTO `sys_log` VALUES ('eaf1a02ab7b94eb488bdd9bac86d87f9', '1', '--', '1', '2015-12-02 21:30:45', '0:0:0:0:0:0:0:1', 'Mozilla/5.0 (Windows NT 10.0; WOW64) AppleWebKit/537.36 (KHTML, like Gecko) Chrome/46.0.2490.86 Safari/537.36', '/jeesite/a/sys/user/info', 'GET', 'tabPageId=jerichotabiframe_0', '');
INSERT INTO `sys_log` VALUES ('eb3000f8bf154c60b2d2dd9fe054f131', '1', '--', '1', '2015-12-02 20:19:19', '0:0:0:0:0:0:0:1', 'Mozilla/5.0 (Windows NT 10.0; WOW64) AppleWebKit/537.36 (KHTML, like Gecko) Chrome/46.0.2490.86 Safari/537.36', '/jeesite/a/act/process', 'GET', 'tabPageId=jerichotabiframe_12', '');
INSERT INTO `sys_log` VALUES ('eb4e4e486295400ba11a06026f738038', '1', '--', '1', '2015-12-03 07:15:50', '0:0:0:0:0:0:0:1', 'Mozilla/5.0 (Windows NT 10.0; WOW64) AppleWebKit/537.36 (KHTML, like Gecko) Chrome/46.0.2490.86 Safari/537.36', '/jeesite/a/sys/dict/', 'GET', 'tabPageId=jerichotabiframe_5', '');
INSERT INTO `sys_log` VALUES ('eb91e25e09c44f1a9c1824531737e4b4', '1', '--', '1', '2015-12-03 07:39:53', '0:0:0:0:0:0:0:1', 'Mozilla/5.0 (Windows NT 10.0; WOW64) AppleWebKit/537.36 (KHTML, like Gecko) Chrome/46.0.2490.86 Safari/537.36', '/jeesite/a/sys/user/index', 'GET', 'tabPageId=jerichotabiframe_1', '');
INSERT INTO `sys_log` VALUES ('ebee06de66b049849b0b23e1917a1566', '1', '---', 'a8b3597b9fd84408ba5380f3d2d1778c', '2015-12-02 21:18:12', '0:0:0:0:0:0:0:1', 'Mozilla/5.0 (Windows NT 10.0; WOW64) AppleWebKit/537.36 (KHTML, like Gecko) Chrome/46.0.2490.86 Safari/537.36', '/jeesite/a/sys/user/list', 'GET', 'repage=', '');
INSERT INTO `sys_log` VALUES ('ed55ce776f904e459481cb9c7b0f0147', '1', '---', '87060c4c39be40d5bc9ce07afe705be6', '2015-12-03 07:38:54', '0:0:0:0:0:0:0:1', 'Mozilla/5.0 (Windows NT 10.0; WOW64) AppleWebKit/537.36 (KHTML, like Gecko) Chrome/46.0.2490.86 Safari/537.36', '/jeesite/a/sys/user/list', 'GET', 'office.id=206cfcf7fd8f4d5a9a97913a0dcfd328&office.name=', '');
INSERT INTO `sys_log` VALUES ('ed5b14289a2e41dbba6ba8f07472c4b8', '1', '--', '1', '2015-12-03 07:14:32', '0:0:0:0:0:0:0:1', 'Mozilla/5.0 (Windows NT 10.0; WOW64) AppleWebKit/537.36 (KHTML, like Gecko) Chrome/46.0.2490.86 Safari/537.36', '/jeesite/a/sys/user/info', 'GET', 'tabPageId=jerichotabiframe_0', '');
INSERT INTO `sys_log` VALUES ('ed6b6aea549b4bbf9a22115cb619afbb', '1', '--', '1', '2015-12-03 07:15:44', '0:0:0:0:0:0:0:1', 'Mozilla/5.0 (Windows NT 10.0; WOW64) AppleWebKit/537.36 (KHTML, like Gecko) Chrome/46.0.2490.86 Safari/537.36', '/jeesite/a/sys/sysDatesorces/', 'GET', 'tabPageId=jerichotabiframe_4', '');
INSERT INTO `sys_log` VALUES ('ee359867bf3945819ae551322e1e821b', '1', '---', '1', '2015-12-02 21:34:39', '0:0:0:0:0:0:0:1', 'Mozilla/5.0 (Windows NT 10.0; WOW64) AppleWebKit/537.36 (KHTML, like Gecko) Chrome/46.0.2490.86 Safari/537.36', '/jeesite/a/sys/menu/form', 'GET', '', '');
INSERT INTO `sys_log` VALUES ('ee3eeb2f6d944c6e9a0fdd913dd34f7e', '1', '--', '1', '2015-12-02 20:14:56', '0:0:0:0:0:0:0:1', 'Mozilla/5.0 (Windows NT 10.0; WOW64) AppleWebKit/537.36 (KHTML, like Gecko) Chrome/46.0.2490.86 Safari/537.36', '/jeesite/a/act/model', 'GET', 'tabPageId=jerichotabiframe_7', '');
INSERT INTO `sys_log` VALUES ('ef3efc5990f4445c8dfe6bf47c5eae9d', '1', '-', '1', '2015-12-02 21:32:03', '0:0:0:0:0:0:0:1', 'Mozilla/5.0 (Windows NT 10.0; WOW64; Trident/7.0; rv:11.0) like Gecko', '/jeesite/a/cms/none/', 'GET', 'category.id=25', '');
INSERT INTO `sys_log` VALUES ('ef7f9b3254f84924a2c2d43932c6eba8', '1', '--', '1', '2015-12-02 22:53:43', '0:0:0:0:0:0:0:1', 'Mozilla/5.0 (Windows NT 10.0; WOW64) AppleWebKit/537.36 (KHTML, like Gecko) Chrome/46.0.2490.86 Safari/537.36', '/jeesite/a/gen/genTable', 'GET', 'tabPageId=jerichotabiframe_1', '');
INSERT INTO `sys_log` VALUES ('ef8954855ca0444e95663f28c1a12cdd', '1', '', '1', '2015-12-02 21:33:11', '0:0:0:0:0:0:0:1', 'Mozilla/5.0 (Windows NT 10.0; WOW64) AppleWebKit/537.36 (KHTML, like Gecko) Chrome/46.0.2490.86 Safari/537.36', '/jeesite/a/sys/menu/tree', 'GET', 'parentId=2', '');
INSERT INTO `sys_log` VALUES ('efacfd58c29844168ff3739d6d403b76', '1', '--', '1', '2015-12-03 07:13:50', '0:0:0:0:0:0:0:1', 'Mozilla/5.0 (Windows NT 10.0; WOW64) AppleWebKit/537.36 (KHTML, like Gecko) Chrome/46.0.2490.86 Safari/537.36', '/jeesite/a/sys/menu/', 'GET', '', '');
INSERT INTO `sys_log` VALUES ('f0424e5ea318447889f93674f3a64015', '1', '--', 'a8b3597b9fd84408ba5380f3d2d1778c', '2015-12-02 21:13:12', '0:0:0:0:0:0:0:1', 'Mozilla/5.0 (Windows NT 10.0; WOW64) AppleWebKit/537.36 (KHTML, like Gecko) Chrome/46.0.2490.86 Safari/537.36', '/jeesite/a/sys/dict/', 'GET', 'tabPageId=jerichotabiframe_15', '');
INSERT INTO `sys_log` VALUES ('f06c4dccd0a7410fb0b626ed67583dfb', '1', '--', 'a8b3597b9fd84408ba5380f3d2d1778c', '2015-12-02 21:12:59', '0:0:0:0:0:0:0:1', 'Mozilla/5.0 (Windows NT 10.0; WOW64) AppleWebKit/537.36 (KHTML, like Gecko) Chrome/46.0.2490.86 Safari/537.36', '/jeesite/a/cms/', 'GET', 'tabPageId=jerichotabiframe_9', '');
INSERT INTO `sys_log` VALUES ('f1ce74b3663c4ddbbef37d5495307d95', '1', '--', '1', '2015-12-03 07:11:47', '0:0:0:0:0:0:0:1', 'Mozilla/5.0 (Windows NT 10.0; WOW64) AppleWebKit/537.36 (KHTML, like Gecko) Chrome/46.0.2490.86 Safari/537.36', '/jeesite/a/sys/menu/', 'GET', '', '');
INSERT INTO `sys_log` VALUES ('f28692e25b9148e5aaa61d488346c353', '1', '--', '1', '2015-12-03 06:53:09', '0:0:0:0:0:0:0:1', 'Mozilla/5.0 (Windows NT 10.0; WOW64) AppleWebKit/537.36 (KHTML, like Gecko) Chrome/46.0.2490.86 Safari/537.36', '/jeesite/a/gen/genScheme', 'GET', 'tabPageId=jerichotabiframe_2', '');
INSERT INTO `sys_log` VALUES ('f29171ffdbd54322907646f2744a7d98', '1', '---', 'a8b3597b9fd84408ba5380f3d2d1778c', '2015-12-02 21:18:19', '0:0:0:0:0:0:0:1', 'Mozilla/5.0 (Windows NT 10.0; WOW64) AppleWebKit/537.36 (KHTML, like Gecko) Chrome/46.0.2490.86 Safari/537.36', '/jeesite/a/sys/user/delete', 'GET', 'id=13', '');
INSERT INTO `sys_log` VALUES ('f37d09ddd51a4443906ebdbf40ae0c37', '1', '--', '1', '2015-12-03 06:59:31', '0:0:0:0:0:0:0:1', 'Mozilla/5.0 (Windows NT 10.0; WOW64) AppleWebKit/537.36 (KHTML, like Gecko) Chrome/46.0.2490.86 Safari/537.36', '/jeesite/a/gen/genTable', 'GET', 'tabPageId=jerichotabiframe_11', '');
INSERT INTO `sys_log` VALUES ('f3a5585584444d16a44aabe4919a8480', '1', '---', '1', '2015-12-02 23:02:32', '0:0:0:0:0:0:0:1', 'Mozilla/5.0 (Windows NT 10.0; WOW64) AppleWebKit/537.36 (KHTML, like Gecko) Chrome/46.0.2490.86 Safari/537.36', '/jeesite/a/sys/dict/form', 'GET', 'sort=10', '');
INSERT INTO `sys_log` VALUES ('f71839126d6f44e3907ff5bb14768206', '1', '--', '1', '2015-12-02 20:17:12', '0:0:0:0:0:0:0:1', 'Mozilla/5.0 (Windows NT 10.0; WOW64) AppleWebKit/537.36 (KHTML, like Gecko) Chrome/46.0.2490.86 Safari/537.36', '/jeesite/a/sys/dict/', 'POST', 'pageNo=1&pageSize=30&type=act_type&description=', '');
INSERT INTO `sys_log` VALUES ('f7779913654a4063b8ef529a9cf4d12c', '1', '--', '1', '2015-12-02 23:08:46', '0:0:0:0:0:0:0:1', 'Mozilla/5.0 (Windows NT 10.0; WOW64) AppleWebKit/537.36 (KHTML, like Gecko) Chrome/46.0.2490.86 Safari/537.36', '/jeesite/a/sys/menu/', 'GET', 'tabPageId=jerichotabiframe_12', '');
INSERT INTO `sys_log` VALUES ('f7883a56d740427791f9b6388988c633', '1', '--', 'a8b3597b9fd84408ba5380f3d2d1778c', '2015-12-02 21:18:32', '0:0:0:0:0:0:0:1', 'Mozilla/5.0 (Windows NT 10.0; WOW64) AppleWebKit/537.36 (KHTML, like Gecko) Chrome/46.0.2490.86 Safari/537.36', '/jeesite/a/sys/role/', 'GET', '', '');
INSERT INTO `sys_log` VALUES ('f854b02563d843aba63b405851b801ea', '1', '--', '1', '2015-12-02 20:19:17', '0:0:0:0:0:0:0:1', 'Mozilla/5.0 (Windows NT 10.0; WOW64) AppleWebKit/537.36 (KHTML, like Gecko) Chrome/46.0.2490.86 Safari/537.36', '/jeesite/a/oa/oaNotify/self', 'GET', 'tabPageId=jerichotabiframe_11', '');
INSERT INTO `sys_log` VALUES ('f86d145e35374d6e81b05764d4dd2af3', '1', '--', '1', '2015-12-02 20:12:35', '0:0:0:0:0:0:0:1', 'Mozilla/5.0 (Windows NT 10.0; WOW64) AppleWebKit/537.36 (KHTML, like Gecko) Chrome/46.0.2490.86 Safari/537.36', '/jeesite/a/sys/user/index', 'GET', 'tabPageId=jerichotabiframe_1', '');
INSERT INTO `sys_log` VALUES ('fa9b6ed38a5648569e8a1bebdad29344', '1', '--', '1', '2015-12-02 20:12:41', '0:0:0:0:0:0:0:1', 'Mozilla/5.0 (Windows NT 10.0; WOW64) AppleWebKit/537.36 (KHTML, like Gecko) Chrome/46.0.2490.86 Safari/537.36', '/jeesite/a/oa/oaNotify', 'GET', 'tabPageId=jerichotabiframe_3', '');
INSERT INTO `sys_log` VALUES ('fa9d0126bffc40d5a85912e41e18bc55', '1', '---', '1', '2015-12-02 21:21:45', '0:0:0:0:0:0:0:1', 'Mozilla/5.0 (Windows NT 10.0; WOW64) AppleWebKit/537.36 (KHTML, like Gecko) Chrome/46.0.2490.86 Safari/537.36', '/jeesite/a/sys/role/form', 'GET', '', '');
INSERT INTO `sys_log` VALUES ('fb2a19b6dc7d4c17831cc909101582e9', '1', '--', '1', '2015-12-03 07:28:42', '0:0:0:0:0:0:0:1', 'Mozilla/5.0 (Windows NT 10.0; WOW64) AppleWebKit/537.36 (KHTML, like Gecko) Chrome/46.0.2490.86 Safari/537.36', '/jeesite/a/sys/user/info', 'GET', 'tabPageId=jerichotabiframe_0', '');
INSERT INTO `sys_log` VALUES ('fbf7af2e3a864bb3948c57135f0fb560', '1', '---', '87060c4c39be40d5bc9ce07afe705be6', '2015-12-02 21:29:57', '0:0:0:0:0:0:0:1', 'Mozilla/5.0 (Windows NT 10.0; WOW64) AppleWebKit/537.36 (KHTML, like Gecko) Chrome/46.0.2490.86 Safari/537.36', '/jeesite/a/sys/office/list', 'GET', 'id=&parentIds=', '');
INSERT INTO `sys_log` VALUES ('fc2bb4ae12b7449dae0046b17e137d3e', '1', '---', '1', '2015-12-02 21:24:39', '0:0:0:0:0:0:0:1', 'Mozilla/5.0 (Windows NT 10.0; WOW64) AppleWebKit/537.36 (KHTML, like Gecko) Chrome/46.0.2490.86 Safari/537.36', '/jeesite/a/sys/user/form', 'GET', '', '');
INSERT INTO `sys_log` VALUES ('fc79a8de10ae450ea46491ba9a9fe585', '1', '--', '1', '2015-12-02 21:35:01', '0:0:0:0:0:0:0:1', 'Mozilla/5.0 (Windows NT 10.0; WOW64) AppleWebKit/537.36 (KHTML, like Gecko) Chrome/46.0.2490.86 Safari/537.36', '/jeesite/a/sys/menu/', 'GET', '', '');
INSERT INTO `sys_log` VALUES ('fd9612324836412e92809d7f78c5d291', '1', '---', '1', '2015-12-03 07:09:49', '0:0:0:0:0:0:0:1', 'Mozilla/5.0 (Windows NT 10.0; WOW64) AppleWebKit/537.36 (KHTML, like Gecko) Chrome/46.0.2490.86 Safari/537.36', '/jeesite/a/sys/menu/save', 'POST', 'id=55776620e9a7459d91a74b84813fe5be&parent.id=3&parent.name=&name=&href=/sys/sysDatesorces/&target=&icon=icon-barcode&sort=5030&isShow=1&permission=&remarks=', '');
INSERT INTO `sys_log` VALUES ('fdff487b66664398ac20aa7c9f40f9b6', '1', '--', '1', '2015-12-03 07:09:25', '0:0:0:0:0:0:0:1', 'Mozilla/5.0 (Windows NT 10.0; WOW64) AppleWebKit/537.36 (KHTML, like Gecko) Chrome/46.0.2490.86 Safari/537.36', '/jeesite/a/sys/menu/', 'GET', '', '');
INSERT INTO `sys_log` VALUES ('feb0d4d735df48ad900a0e5134954c57', '1', '---', '1', '2015-12-02 20:30:44', '0:0:0:0:0:0:0:1', 'Mozilla/5.0 (Windows NT 10.0; WOW64) AppleWebKit/537.36 (KHTML, like Gecko) Chrome/46.0.2490.86 Safari/537.36', '/jeesite/a/sys/dict/form', 'GET', 'id=17', '');
INSERT INTO `sys_log` VALUES ('ff0907ef1c174f798724479840c028bf', '1', '---', 'a8b3597b9fd84408ba5380f3d2d1778c', '2015-12-02 21:18:14', '0:0:0:0:0:0:0:1', 'Mozilla/5.0 (Windows NT 10.0; WOW64) AppleWebKit/537.36 (KHTML, like Gecko) Chrome/46.0.2490.86 Safari/537.36', '/jeesite/a/sys/user/delete', 'GET', 'id=11', '');
INSERT INTO `sys_log` VALUES ('ff6ccf5b26c044a68205bd073e6739c3', '1', '--', '1', '2015-12-03 07:16:14', '0:0:0:0:0:0:0:1', 'Mozilla/5.0 (Windows NT 10.0; WOW64) AppleWebKit/537.36 (KHTML, like Gecko) Chrome/46.0.2490.86 Safari/537.36', '/jeesite/a/sys/user/index', 'GET', 'tabPageId=jerichotabiframe_1', '');
INSERT INTO `sys_log` VALUES ('ffa18a5c7cc74a3095474b5f71eb77db', '1', '--', '1', '2015-12-03 07:23:20', '0:0:0:0:0:0:0:1', 'Mozilla/5.0 (Windows NT 10.0; WOW64) AppleWebKit/537.36 (KHTML, like Gecko) Chrome/46.0.2490.86 Safari/537.36', '/jeesite/a/sys/user/index', 'GET', 'tabPageId=jerichotabiframe_1', '');
INSERT INTO `sys_log` VALUES ('fffa5d48ff054b9697a662f7a05c16af', '1', '--', 'a8b3597b9fd84408ba5380f3d2d1778c', '2015-12-02 21:18:46', '0:0:0:0:0:0:0:1', 'Mozilla/5.0 (Windows NT 10.0; WOW64) AppleWebKit/537.36 (KHTML, like Gecko) Chrome/46.0.2490.86 Safari/537.36', '/jeesite/a/sys/role/', 'GET', '', '');

-- ----------------------------
-- Table structure for sys_mdict
-- ----------------------------
DROP TABLE IF EXISTS `sys_mdict`;
CREATE TABLE `sys_mdict` (
  `id` varchar(64) NOT NULL COMMENT '',
  `parent_id` varchar(64) NOT NULL COMMENT '',
  `parent_ids` varchar(2000) NOT NULL COMMENT '',
  `name` varchar(100) NOT NULL COMMENT '',
  `sort` decimal(10,0) NOT NULL COMMENT '',
  `description` varchar(100) DEFAULT NULL COMMENT '',
  `create_by` varchar(64) NOT NULL COMMENT '',
  `create_date` datetime NOT NULL COMMENT '',
  `update_by` varchar(64) NOT NULL COMMENT '',
  `update_date` datetime NOT NULL COMMENT '',
  `remarks` varchar(255) DEFAULT NULL COMMENT '',
  `del_flag` char(1) NOT NULL DEFAULT '0' COMMENT '',
  PRIMARY KEY (`id`),
  KEY `sys_mdict_parent_id` (`parent_id`),
  KEY `sys_mdict_del_flag` (`del_flag`)
) ENGINE=InnoDB DEFAULT CHARSET=utf8 COMMENT='';

-- ----------------------------
-- Records of sys_mdict
-- ----------------------------

-- ----------------------------
-- Table structure for sys_menu
-- ----------------------------
DROP TABLE IF EXISTS `sys_menu`;
CREATE TABLE `sys_menu` (
  `id` varchar(64) NOT NULL COMMENT '',
  `parent_id` varchar(64) NOT NULL COMMENT '',
  `parent_ids` varchar(2000) NOT NULL COMMENT '',
  `name` varchar(100) NOT NULL COMMENT '',
  `sort` decimal(10,0) NOT NULL COMMENT '',
  `href` varchar(2000) DEFAULT NULL COMMENT '',
  `target` varchar(20) DEFAULT NULL COMMENT '',
  `icon` varchar(100) DEFAULT NULL COMMENT '',
  `is_show` char(1) NOT NULL COMMENT '',
  `permission` varchar(200) DEFAULT NULL COMMENT '',
  `create_by` varchar(64) NOT NULL COMMENT '',
  `create_date` datetime NOT NULL COMMENT '',
  `update_by` varchar(64) NOT NULL COMMENT '',
  `update_date` datetime NOT NULL COMMENT '',
  `remarks` varchar(255) DEFAULT NULL COMMENT '',
  `del_flag` char(1) NOT NULL DEFAULT '0' COMMENT '',
  PRIMARY KEY (`id`),
  KEY `sys_menu_parent_id` (`parent_id`),
  KEY `sys_menu_del_flag` (`del_flag`)
) ENGINE=InnoDB DEFAULT CHARSET=utf8 COMMENT='';

-- ----------------------------
-- Records of sys_menu
-- ----------------------------
INSERT INTO `sys_menu` VALUES ('0b2ebd4d639e4c2b83c2dd0764522f24', 'ba8092291b40482db8fe7fc006ea3d76', '0,1,79,3c92c17886944d0687e73e286cada573,ba8092291b40482db8fe7fc006ea3d76,', '', '60', '', '', '', '0', 'test:testData:edit', '1', '2013-08-12 13:10:05', '1', '2013-08-12 13:10:05', '', '0');
INSERT INTO `sys_menu` VALUES ('0ca004d6b1bf4bcab9670a5060d82a55', '3c92c17886944d0687e73e286cada573', '0,1,79,3c92c17886944d0687e73e286cada573,', '', '90', '/test/testTree', '', '', '1', '', '1', '2013-08-12 13:10:05', '1', '2013-08-12 13:10:05', '', '0');
INSERT INTO `sys_menu` VALUES ('1', '0', '0,', '', '0', null, null, null, '1', null, '1', '2013-05-27 08:00:00', '1', '2013-05-27 08:00:00', null, '0');
INSERT INTO `sys_menu` VALUES ('10', '3', '0,1,2,3,', '', '60', '/sys/dict/', null, 'th-list', '1', null, '1', '2013-05-27 08:00:00', '1', '2013-05-27 08:00:00', null, '0');
INSERT INTO `sys_menu` VALUES ('11', '10', '0,1,2,3,10,', '', '30', null, null, null, '0', 'sys:dict:view', '1', '2013-05-27 08:00:00', '1', '2013-05-27 08:00:00', null, '0');
INSERT INTO `sys_menu` VALUES ('12', '10', '0,1,2,3,10,', '', '40', null, null, null, '0', 'sys:dict:edit', '1', '2013-05-27 08:00:00', '1', '2013-05-27 08:00:00', null, '0');
INSERT INTO `sys_menu` VALUES ('13', '2', '0,1,2,', '', '970', null, null, null, '1', null, '1', '2013-05-27 08:00:00', '1', '2013-05-27 08:00:00', null, '0');
INSERT INTO `sys_menu` VALUES ('14', '13', '0,1,2,13,', '', '50', '/sys/area/', null, 'th', '1', null, '1', '2013-05-27 08:00:00', '1', '2013-05-27 08:00:00', null, '0');
INSERT INTO `sys_menu` VALUES ('15', '14', '0,1,2,13,14,', '', '30', null, null, null, '0', 'sys:area:view', '1', '2013-05-27 08:00:00', '1', '2013-05-27 08:00:00', null, '0');
INSERT INTO `sys_menu` VALUES ('16', '14', '0,1,2,13,14,', '', '40', '', '', 'icon-book', '0', 'sys:area:edit', '1', '2013-05-27 08:00:00', '1', '2015-12-03 07:36:21', '', '0');
INSERT INTO `sys_menu` VALUES ('17', '13', '0,1,2,13,', '', '40', '/sys/office/', null, 'th-large', '1', null, '1', '2013-05-27 08:00:00', '1', '2013-05-27 08:00:00', null, '0');
INSERT INTO `sys_menu` VALUES ('18', '17', '0,1,2,13,17,', '', '30', null, null, null, '0', 'sys:office:view', '1', '2013-05-27 08:00:00', '1', '2013-05-27 08:00:00', null, '0');
INSERT INTO `sys_menu` VALUES ('19', '17', '0,1,2,13,17,', '', '40', null, null, null, '0', 'sys:office:edit', '1', '2013-05-27 08:00:00', '1', '2013-05-27 08:00:00', null, '0');
INSERT INTO `sys_menu` VALUES ('2', '1', '0,1,', '', '900', null, null, null, '1', null, '1', '2013-05-27 08:00:00', '1', '2013-05-27 08:00:00', null, '0');
INSERT INTO `sys_menu` VALUES ('20', '13', '0,1,2,13,', '', '30', '/sys/user/index', null, 'user', '1', null, '1', '2013-05-27 08:00:00', '1', '2013-05-27 08:00:00', null, '0');
INSERT INTO `sys_menu` VALUES ('21', '20', '0,1,2,13,20,', '', '30', null, null, null, '0', 'sys:user:view', '1', '2013-05-27 08:00:00', '1', '2013-05-27 08:00:00', null, '0');
INSERT INTO `sys_menu` VALUES ('22', '20', '0,1,2,13,20,', '', '40', null, null, null, '0', 'sys:user:edit', '1', '2013-05-27 08:00:00', '1', '2013-05-27 08:00:00', null, '0');
INSERT INTO `sys_menu` VALUES ('23', '2', '0,1,2,', '', '990', null, null, null, '0', null, '1', '2013-05-27 08:00:00', '1', '2013-05-27 08:00:00', null, '0');
INSERT INTO `sys_menu` VALUES ('24', '23', '0,1,2,23', '', '30', 'http://jeesite.com', '_blank', null, '0', null, '1', '2013-05-27 08:00:00', '1', '2013-05-27 08:00:00', null, '0');
INSERT INTO `sys_menu` VALUES ('25', '23', '0,1,2,23', '', '50', 'http://jeesite.com/donation.html', '_blank', null, '0', null, '1', '2013-05-27 08:00:00', '1', '2013-05-27 08:00:00', null, '1');
INSERT INTO `sys_menu` VALUES ('26', '23', '0,1,2,23', '', '80', 'http://bbs.jeesite.com', '_blank', null, '0', null, '1', '2013-05-27 08:00:00', '1', '2013-05-27 08:00:00', null, '1');
INSERT INTO `sys_menu` VALUES ('27', '1', '0,1,', '', '100', null, null, null, '1', null, '1', '2013-05-27 08:00:00', '1', '2013-05-27 08:00:00', null, '0');
INSERT INTO `sys_menu` VALUES ('28', '27', '0,1,27,', '', '30', null, null, null, '1', null, '1', '2013-05-27 08:00:00', '1', '2013-05-27 08:00:00', null, '0');
INSERT INTO `sys_menu` VALUES ('29', '28', '0,1,27,28,', '', '30', '/sys/user/info', null, 'user', '1', null, '1', '2013-05-27 08:00:00', '1', '2013-05-27 08:00:00', null, '0');
INSERT INTO `sys_menu` VALUES ('3', '2', '0,1,2,', '', '980', null, null, null, '1', null, '1', '2013-05-27 08:00:00', '1', '2013-05-27 08:00:00', null, '0');
INSERT INTO `sys_menu` VALUES ('30', '28', '0,1,27,28,', '', '40', '/sys/user/modifyPwd', null, 'lock', '1', null, '1', '2013-05-27 08:00:00', '1', '2013-05-27 08:00:00', null, '0');
INSERT INTO `sys_menu` VALUES ('31', '1', '0,1,', '', '500', null, null, null, '1', null, '1', '2013-05-27 08:00:00', '1', '2013-05-27 08:00:00', null, '0');
INSERT INTO `sys_menu` VALUES ('32', '31', '0,1,31,', '', '990', null, null, null, '1', null, '1', '2013-05-27 08:00:00', '1', '2013-05-27 08:00:00', null, '0');
INSERT INTO `sys_menu` VALUES ('33', '32', '0,1,31,32', '', '30', '/cms/category/', null, 'align-justify', '1', null, '1', '2013-05-27 08:00:00', '1', '2013-05-27 08:00:00', null, '0');
INSERT INTO `sys_menu` VALUES ('34', '33', '0,1,31,32,33,', '', '30', null, null, null, '0', 'cms:category:view', '1', '2013-05-27 08:00:00', '1', '2013-05-27 08:00:00', null, '0');
INSERT INTO `sys_menu` VALUES ('35', '33', '0,1,31,32,33,', '', '40', null, null, null, '0', 'cms:category:edit', '1', '2013-05-27 08:00:00', '1', '2013-05-27 08:00:00', null, '0');
INSERT INTO `sys_menu` VALUES ('36', '32', '0,1,31,32', '', '40', '/cms/site/', null, 'certificate', '1', null, '1', '2013-05-27 08:00:00', '1', '2013-05-27 08:00:00', null, '0');
INSERT INTO `sys_menu` VALUES ('37', '36', '0,1,31,32,36,', '', '30', null, null, null, '0', 'cms:site:view', '1', '2013-05-27 08:00:00', '1', '2013-05-27 08:00:00', null, '0');
INSERT INTO `sys_menu` VALUES ('38', '36', '0,1,31,32,36,', '', '40', null, null, null, '0', 'cms:site:edit', '1', '2013-05-27 08:00:00', '1', '2013-05-27 08:00:00', null, '0');
INSERT INTO `sys_menu` VALUES ('39', '32', '0,1,31,32', '', '50', '/cms/site/select', null, 'retweet', '1', 'cms:site:select', '1', '2013-05-27 08:00:00', '1', '2013-05-27 08:00:00', null, '0');
INSERT INTO `sys_menu` VALUES ('3c92c17886944d0687e73e286cada573', '79', '0,1,79,', '', '120', '', '', '', '1', '', '1', '2013-08-12 13:10:05', '1', '2013-08-12 13:10:05', '', '0');
INSERT INTO `sys_menu` VALUES ('4', '3', '0,1,2,3,', '', '30', '/sys/menu/', null, 'list-alt', '1', null, '1', '2013-05-27 08:00:00', '1', '2013-05-27 08:00:00', null, '0');
INSERT INTO `sys_menu` VALUES ('40', '31', '0,1,31,', '', '500', null, null, null, '1', 'cms:view', '1', '2013-05-27 08:00:00', '1', '2013-05-27 08:00:00', null, '0');
INSERT INTO `sys_menu` VALUES ('41', '40', '0,1,31,40,', '', '30', '/cms/', null, 'briefcase', '1', null, '1', '2013-05-27 08:00:00', '1', '2013-05-27 08:00:00', null, '0');
INSERT INTO `sys_menu` VALUES ('42', '41', '0,1,31,40,41,', '', '40', '/cms/article/', null, 'file', '0', null, '1', '2013-05-27 08:00:00', '1', '2013-05-27 08:00:00', null, '0');
INSERT INTO `sys_menu` VALUES ('43', '42', '0,1,31,40,41,42,', '', '30', null, null, null, '0', 'cms:article:view', '1', '2013-05-27 08:00:00', '1', '2013-05-27 08:00:00', null, '0');
INSERT INTO `sys_menu` VALUES ('44', '42', '0,1,31,40,41,42,', '', '40', null, null, null, '0', 'cms:article:edit', '1', '2013-05-27 08:00:00', '1', '2013-05-27 08:00:00', null, '0');
INSERT INTO `sys_menu` VALUES ('45', '42', '0,1,31,40,41,42,', '', '50', null, null, null, '0', 'cms:article:audit', '1', '2013-05-27 08:00:00', '1', '2013-05-27 08:00:00', null, '0');
INSERT INTO `sys_menu` VALUES ('46', '41', '0,1,31,40,41,', '', '60', '/cms/link/', null, 'random', '0', null, '1', '2013-05-27 08:00:00', '1', '2013-05-27 08:00:00', null, '0');
INSERT INTO `sys_menu` VALUES ('47', '46', '0,1,31,40,41,46,', '', '30', null, null, null, '0', 'cms:link:view', '1', '2013-05-27 08:00:00', '1', '2013-05-27 08:00:00', null, '0');
INSERT INTO `sys_menu` VALUES ('48', '46', '0,1,31,40,41,46,', '', '40', null, null, null, '0', 'cms:link:edit', '1', '2013-05-27 08:00:00', '1', '2013-05-27 08:00:00', null, '0');
INSERT INTO `sys_menu` VALUES ('4855cf3b25c244fb8500a380db189d97', 'b1f6d1b86ba24365bae7fd86c5082317', '0,1,79,3c92c17886944d0687e73e286cada573,b1f6d1b86ba24365bae7fd86c5082317,', '', '30', '', '', '', '0', 'test:testDataMain:view', '1', '2013-08-12 13:10:05', '1', '2013-08-12 13:10:05', '', '0');
INSERT INTO `sys_menu` VALUES ('49', '46', '0,1,31,40,41,46,', '', '50', null, null, null, '0', 'cms:link:audit', '1', '2013-05-27 08:00:00', '1', '2013-05-27 08:00:00', null, '0');
INSERT INTO `sys_menu` VALUES ('5', '4', '0,1,2,3,4,', '', '30', null, null, null, '0', 'sys:menu:view', '1', '2013-05-27 08:00:00', '1', '2013-05-27 08:00:00', null, '0');
INSERT INTO `sys_menu` VALUES ('50', '40', '0,1,31,40,', '', '40', '/cms/comment/?status=2', null, 'comment', '1', null, '1', '2013-05-27 08:00:00', '1', '2013-05-27 08:00:00', null, '0');
INSERT INTO `sys_menu` VALUES ('51', '50', '0,1,31,40,50,', '', '30', null, null, null, '0', 'cms:comment:view', '1', '2013-05-27 08:00:00', '1', '2013-05-27 08:00:00', null, '0');
INSERT INTO `sys_menu` VALUES ('52', '50', '0,1,31,40,50,', '', '40', null, null, null, '0', 'cms:comment:edit', '1', '2013-05-27 08:00:00', '1', '2013-05-27 08:00:00', null, '0');
INSERT INTO `sys_menu` VALUES ('53', '40', '0,1,31,40,', '', '80', '/cms/guestbook/?status=2', null, 'glass', '1', null, '1', '2013-05-27 08:00:00', '1', '2013-05-27 08:00:00', null, '0');
INSERT INTO `sys_menu` VALUES ('54', '53', '0,1,31,40,53,', '', '30', null, null, null, '0', 'cms:guestbook:view', '1', '2013-05-27 08:00:00', '1', '2013-05-27 08:00:00', null, '0');
INSERT INTO `sys_menu` VALUES ('55', '53', '0,1,31,40,53,', '', '40', null, null, null, '0', 'cms:guestbook:edit', '1', '2013-05-27 08:00:00', '1', '2013-05-27 08:00:00', null, '0');
INSERT INTO `sys_menu` VALUES ('55776620e9a7459d91a74b84813fe5be', '3', '0,1,2,3,', '', '5030', '/sys/sysDatesorces/', '', 'icon-check-empty', '1', '', '1', '2015-12-03 07:07:31', '1', '2015-12-03 07:32:21', '', '0');
INSERT INTO `sys_menu` VALUES ('56', '71', '0,1,27,71,', '', '90', '/../static/ckfinder/ckfinder.html', null, 'folder-open', '1', null, '1', '2013-05-27 08:00:00', '1', '2013-05-27 08:00:00', null, '0');
INSERT INTO `sys_menu` VALUES ('56daa185c1b849909b9afbf42ee8e835', '55776620e9a7459d91a74b84813fe5be', '0,1,2,3,55776620e9a7459d91a74b84813fe5be,', '', '30', '', '', 'icon-reorder', '0', 'sys:sysDatesorces:view', '1', '2015-12-03 07:11:47', '1', '2015-12-03 07:35:56', '', '0');
INSERT INTO `sys_menu` VALUES ('57', '56', '0,1,27,40,56,', '', '30', null, null, null, '0', 'cms:ckfinder:view', '1', '2013-05-27 08:00:00', '1', '2013-05-27 08:00:00', null, '0');
INSERT INTO `sys_menu` VALUES ('58', '56', '0,1,27,40,56,', '', '40', null, null, null, '0', 'cms:ckfinder:upload', '1', '2013-05-27 08:00:00', '1', '2013-05-27 08:00:00', null, '0');
INSERT INTO `sys_menu` VALUES ('59', '56', '0,1,27,40,56,', '', '50', null, null, null, '0', 'cms:ckfinder:edit', '1', '2013-05-27 08:00:00', '1', '2013-05-27 08:00:00', null, '0');
INSERT INTO `sys_menu` VALUES ('6', '4', '0,1,2,3,4,', '', '40', null, null, null, '0', 'sys:menu:edit', '1', '2013-05-27 08:00:00', '1', '2013-05-27 08:00:00', null, '0');
INSERT INTO `sys_menu` VALUES ('60', '31', '0,1,31,', '', '600', null, null, null, '1', null, '1', '2013-05-27 08:00:00', '1', '2013-05-27 08:00:00', null, '0');
INSERT INTO `sys_menu` VALUES ('61', '60', '0,1,31,60,', '', '30', '/cms/stats/article', null, 'tasks', '1', 'cms:stats:article', '1', '2013-05-27 08:00:00', '1', '2013-05-27 08:00:00', null, '0');
INSERT INTO `sys_menu` VALUES ('62', '1', '0,1,', '', '200', null, null, null, '1', null, '1', '2013-05-27 08:00:00', '1', '2013-05-27 08:00:00', null, '0');
INSERT INTO `sys_menu` VALUES ('63', '62', '0,1,62,', '', '30', null, null, null, '1', null, '1', '2013-05-27 08:00:00', '1', '2013-05-27 08:00:00', null, '0');
INSERT INTO `sys_menu` VALUES ('64', '63', '0,1,62,63,', '', '300', '/oa/leave', null, 'leaf', '0', null, '1', '2013-05-27 08:00:00', '1', '2013-05-27 08:00:00', null, '0');
INSERT INTO `sys_menu` VALUES ('65', '64', '0,1,62,63,64,', '', '30', null, null, null, '0', 'oa:leave:view', '1', '2013-05-27 08:00:00', '1', '2013-05-27 08:00:00', null, '0');
INSERT INTO `sys_menu` VALUES ('66', '64', '0,1,62,63,64,', '', '40', null, null, null, '0', 'oa:leave:edit', '1', '2013-05-27 08:00:00', '1', '2013-05-27 08:00:00', null, '0');
INSERT INTO `sys_menu` VALUES ('67', '2', '0,1,2,', '', '985', null, null, null, '1', null, '1', '2013-06-03 08:00:00', '1', '2013-06-03 08:00:00', null, '0');
INSERT INTO `sys_menu` VALUES ('68', '67', '0,1,2,67,', '', '30', '/sys/log', null, 'pencil', '1', 'sys:log:view', '1', '2013-06-03 08:00:00', '1', '2013-06-03 08:00:00', null, '0');
INSERT INTO `sys_menu` VALUES ('69', '62', '0,1,62,', '', '300', null, null, null, '1', null, '1', '2013-05-27 08:00:00', '1', '2013-05-27 08:00:00', null, '0');
INSERT INTO `sys_menu` VALUES ('7', '3', '0,1,2,3,', '', '50', '/sys/role/', null, 'lock', '1', null, '1', '2013-05-27 08:00:00', '1', '2013-05-27 08:00:00', null, '0');
INSERT INTO `sys_menu` VALUES ('70', '69', '0,1,62,69,', '', '50', '/act/process', null, 'road', '1', 'act:process:edit', '1', '2013-05-27 08:00:00', '1', '2013-05-27 08:00:00', null, '0');
INSERT INTO `sys_menu` VALUES ('71', '27', '0,1,27,', '', '90', null, null, null, '1', null, '1', '2013-05-27 08:00:00', '1', '2013-05-27 08:00:00', null, '0');
INSERT INTO `sys_menu` VALUES ('72', '69', '0,1,62,69,', '', '100', '/act/model', null, 'road', '1', 'act:model:edit', '1', '2013-09-20 08:00:00', '1', '2013-09-20 08:00:00', null, '0');
INSERT INTO `sys_menu` VALUES ('73', '63', '0,1,62,63,', '', '50', '/act/task/todo/', null, 'tasks', '1', null, '1', '2013-09-24 08:00:00', '1', '2013-09-24 08:00:00', null, '0');
INSERT INTO `sys_menu` VALUES ('74', '63', '0,1,62,63,', '', '100', '/oa/testAudit', null, null, '1', 'oa:testAudit:view,oa:testAudit:edit', '1', '2013-09-24 08:00:00', '1', '2013-09-24 08:00:00', null, '0');
INSERT INTO `sys_menu` VALUES ('75', '1', '0,1,', '', '3000', null, null, null, '1', null, '1', '2013-10-08 08:00:00', '1', '2013-10-08 08:00:00', null, '1');
INSERT INTO `sys_menu` VALUES ('79', '1', '0,1,', '', '5000', null, null, null, '1', null, '1', '2013-10-16 08:00:00', '1', '2013-10-16 08:00:00', null, '0');
INSERT INTO `sys_menu` VALUES ('8', '7', '0,1,2,3,7,', '', '30', null, null, null, '0', 'sys:role:view', '1', '2013-05-27 08:00:00', '1', '2013-05-27 08:00:00', null, '0');
INSERT INTO `sys_menu` VALUES ('80', '79', '0,1,79,', '', '50', null, null, null, '1', null, '1', '2013-10-16 08:00:00', '1', '2013-10-16 08:00:00', null, '0');
INSERT INTO `sys_menu` VALUES ('81', '80', '0,1,79,80,', '', '30', '/gen/genScheme', null, null, '1', 'gen:genScheme:view,gen:genScheme:edit', '1', '2013-10-16 08:00:00', '1', '2013-10-16 08:00:00', null, '0');
INSERT INTO `sys_menu` VALUES ('82', '80', '0,1,79,80,', '', '20', '/gen/genTable', null, null, '1', 'gen:genTable:view,gen:genTable:edit,gen:genTableColumn:view,gen:genTableColumn:edit', '1', '2013-10-16 08:00:00', '1', '2013-10-16 08:00:00', null, '0');
INSERT INTO `sys_menu` VALUES ('83', '80', '0,1,79,80,', '', '90', '/gen/genTemplate', null, null, '1', 'gen:genTemplate:view,gen:genTemplate:edit', '1', '2013-10-16 08:00:00', '1', '2013-10-16 08:00:00', null, '1');
INSERT INTO `sys_menu` VALUES ('84', '67', '0,1,2,67,', '', '40', '/../druid', null, null, '1', null, '1', '2013-10-18 08:00:00', '1', '2013-10-18 08:00:00', null, '0');
INSERT INTO `sys_menu` VALUES ('85', '76', '0,1,75,76,', '', '80', '/../static/map/map-city.html', null, null, '1', null, '1', '2013-10-22 08:00:00', '1', '2013-10-22 08:00:00', null, '0');
INSERT INTO `sys_menu` VALUES ('86', '75', '0,1,75,', '', '50', null, null, null, '1', null, '1', '2013-10-22 08:00:00', '1', '2013-10-22 08:00:00', null, '1');
INSERT INTO `sys_menu` VALUES ('87', '86', '0,1,75,86,', '', '30', '/test/test/form', null, null, '1', 'test:test:view,test:test:edit', '1', '2013-10-22 08:00:00', '1', '2013-10-22 08:00:00', null, '1');
INSERT INTO `sys_menu` VALUES ('88', '62', '0,1,62,', '', '20', '', '', '', '1', '', '1', '2013-11-08 08:00:00', '1', '2013-11-08 08:00:00', null, '0');
INSERT INTO `sys_menu` VALUES ('89', '88', '0,1,62,88,', '', '30', '/oa/oaNotify/self', '', '', '1', '', '1', '2013-11-08 08:00:00', '1', '2013-11-08 08:00:00', null, '0');
INSERT INTO `sys_menu` VALUES ('9', '7', '0,1,2,3,7,', '', '40', null, null, null, '0', 'sys:role:edit', '1', '2013-05-27 08:00:00', '1', '2013-05-27 08:00:00', null, '0');
INSERT INTO `sys_menu` VALUES ('90', '88', '0,1,62,88,', '', '50', '/oa/oaNotify', '', '', '1', 'oa:oaNotify:view,oa:oaNotify:edit', '1', '2013-11-08 08:00:00', '1', '2013-11-08 08:00:00', null, '0');
INSERT INTO `sys_menu` VALUES ('afab2db430e2457f9cf3a11feaa8b869', '0ca004d6b1bf4bcab9670a5060d82a55', '0,1,79,3c92c17886944d0687e73e286cada573,0ca004d6b1bf4bcab9670a5060d82a55,', '', '60', '', '', '', '0', 'test:testTree:edit', '1', '2013-08-12 13:10:05', '1', '2013-08-12 13:10:05', '', '0');
INSERT INTO `sys_menu` VALUES ('b1f6d1b86ba24365bae7fd86c5082317', '3c92c17886944d0687e73e286cada573', '0,1,79,3c92c17886944d0687e73e286cada573,', '', '60', '/test/testDataMain', '', '', '1', '', '1', '2013-08-12 13:10:05', '1', '2013-08-12 13:10:05', '', '0');
INSERT INTO `sys_menu` VALUES ('ba8092291b40482db8fe7fc006ea3d76', '3c92c17886944d0687e73e286cada573', '0,1,79,3c92c17886944d0687e73e286cada573,', '', '30', '/test/testData', '', '', '1', '', '1', '2013-08-12 13:10:05', '1', '2013-08-12 13:10:05', '', '0');
INSERT INTO `sys_menu` VALUES ('c2e4d9082a0b4386884a0b203afe2c5c', '0ca004d6b1bf4bcab9670a5060d82a55', '0,1,79,3c92c17886944d0687e73e286cada573,0ca004d6b1bf4bcab9670a5060d82a55,', '', '30', '', '', '', '0', 'test:testTree:view', '1', '2013-08-12 13:10:05', '1', '2013-08-12 13:10:05', '', '0');
INSERT INTO `sys_menu` VALUES ('d15ec45a4c5449c3bbd7a61d5f9dd1d2', 'b1f6d1b86ba24365bae7fd86c5082317', '0,1,79,3c92c17886944d0687e73e286cada573,b1f6d1b86ba24365bae7fd86c5082317,', '', '60', '', '', '', '0', 'test:testDataMain:edit', '1', '2013-08-12 13:10:05', '1', '2013-08-12 13:10:05', '', '0');
INSERT INTO `sys_menu` VALUES ('df7ce823c5b24ff9bada43d992f373e2', 'ba8092291b40482db8fe7fc006ea3d76', '0,1,79,3c92c17886944d0687e73e286cada573,ba8092291b40482db8fe7fc006ea3d76,', '', '30', '', '', '', '0', 'test:testData:view', '1', '2013-08-12 13:10:05', '1', '2013-08-12 13:10:05', '', '0');
INSERT INTO `sys_menu` VALUES ('f7036a5ac46444819dfc0edc59cae1b0', '55776620e9a7459d91a74b84813fe5be', '0,1,2,3,55776620e9a7459d91a74b84813fe5be,', '', '60', '', '', 'icon-edit', '0', 'sys:sysDatesorces:edit', '1', '2015-12-03 07:12:49', '1', '2015-12-03 07:14:27', '', '0');

-- ----------------------------
-- Table structure for sys_office
-- ----------------------------
DROP TABLE IF EXISTS `sys_office`;
CREATE TABLE `sys_office` (
  `id` varchar(64) NOT NULL COMMENT '',
  `parent_id` varchar(64) NOT NULL COMMENT '',
  `parent_ids` varchar(2000) NOT NULL COMMENT '',
  `name` varchar(100) NOT NULL COMMENT '',
  `sort` decimal(10,0) NOT NULL COMMENT '',
  `area_id` varchar(64) NOT NULL COMMENT '',
  `code` varchar(100) DEFAULT NULL COMMENT '',
  `type` char(1) NOT NULL COMMENT '',
  `grade` char(1) NOT NULL COMMENT '',
  `address` varchar(255) DEFAULT NULL COMMENT '',
  `zip_code` varchar(100) DEFAULT NULL COMMENT '',
  `master` varchar(100) DEFAULT NULL COMMENT '',
  `phone` varchar(200) DEFAULT NULL COMMENT '',
  `fax` varchar(200) DEFAULT NULL COMMENT '',
  `email` varchar(200) DEFAULT NULL COMMENT '',
  `USEABLE` varchar(64) DEFAULT NULL COMMENT '',
  `PRIMARY_PERSON` varchar(64) DEFAULT NULL COMMENT '',
  `DEPUTY_PERSON` varchar(64) DEFAULT NULL COMMENT '',
  `create_by` varchar(64) NOT NULL COMMENT '',
  `create_date` datetime NOT NULL COMMENT '',
  `update_by` varchar(64) NOT NULL COMMENT '',
  `update_date` datetime NOT NULL COMMENT '',
  `remarks` varchar(255) DEFAULT NULL COMMENT '',
  `del_flag` char(1) NOT NULL DEFAULT '0' COMMENT '',
  PRIMARY KEY (`id`),
  KEY `sys_office_parent_id` (`parent_id`),
  KEY `sys_office_del_flag` (`del_flag`),
  KEY `sys_office_type` (`type`)
) ENGINE=InnoDB DEFAULT CHARSET=utf8 COMMENT='';

-- ----------------------------
-- Records of sys_office
-- ----------------------------
INSERT INTO `sys_office` VALUES ('1', '0', '0,', '', '10', '2', '100000', '1', '1', null, null, null, null, null, null, '1', null, null, '1', '2013-05-27 08:00:00', '1', '2013-05-27 08:00:00', null, '1');
INSERT INTO `sys_office` VALUES ('10', '7', '0,1,7,', '', '30', '3', '200003', '2', '2', null, null, null, null, null, null, '1', null, null, '1', '2013-05-27 08:00:00', '1', '2013-05-27 08:00:00', null, '1');
INSERT INTO `sys_office` VALUES ('11', '7', '0,1,7,', '', '40', '3', '200004', '2', '2', null, null, null, null, null, null, '1', null, null, '1', '2013-05-27 08:00:00', '1', '2013-05-27 08:00:00', null, '1');
INSERT INTO `sys_office` VALUES ('12', '7', '0,1,7,', '', '0', '4', '201000', '1', '3', null, null, null, null, null, null, '1', null, null, '1', '2013-05-27 08:00:00', '1', '2013-05-27 08:00:00', null, '1');
INSERT INTO `sys_office` VALUES ('13', '12', '0,1,7,12,', '', '10', '4', '201001', '2', '3', null, null, null, null, null, null, '1', null, null, '1', '2013-05-27 08:00:00', '1', '2013-05-27 08:00:00', null, '1');
INSERT INTO `sys_office` VALUES ('14', '12', '0,1,7,12,', '', '20', '4', '201002', '2', '3', null, null, null, null, null, null, '1', null, null, '1', '2013-05-27 08:00:00', '1', '2013-05-27 08:00:00', null, '1');
INSERT INTO `sys_office` VALUES ('15', '12', '0,1,7,12,', '', '30', '4', '201003', '2', '3', null, null, null, null, null, null, '1', null, null, '1', '2013-05-27 08:00:00', '1', '2013-05-27 08:00:00', null, '1');
INSERT INTO `sys_office` VALUES ('16', '12', '0,1,7,12,', '', '40', '4', '201004', '2', '3', null, null, null, null, null, null, '1', null, null, '1', '2013-05-27 08:00:00', '1', '2013-05-27 08:00:00', null, '1');
INSERT INTO `sys_office` VALUES ('17', '7', '0,1,7,', '', '40', '5', '201010', '1', '3', null, null, null, null, null, null, '1', null, null, '1', '2013-05-27 08:00:00', '1', '2013-05-27 08:00:00', null, '1');
INSERT INTO `sys_office` VALUES ('18', '17', '0,1,7,17,', '', '10', '5', '201011', '2', '3', null, null, null, null, null, null, '1', null, null, '1', '2013-05-27 08:00:00', '1', '2013-05-27 08:00:00', null, '1');
INSERT INTO `sys_office` VALUES ('19', '17', '0,1,7,17,', '', '20', '5', '201012', '2', '3', null, null, null, null, null, null, '1', null, null, '1', '2013-05-27 08:00:00', '1', '2013-05-27 08:00:00', null, '1');
INSERT INTO `sys_office` VALUES ('2', '1', '0,1,', '', '10', '2', '100001', '2', '1', null, null, null, null, null, null, '1', null, null, '1', '2013-05-27 08:00:00', '1', '2013-05-27 08:00:00', null, '1');
INSERT INTO `sys_office` VALUES ('20', '17', '0,1,7,17,', '', '30', '5', '201013', '2', '3', null, null, null, null, null, null, '1', null, null, '1', '2013-05-27 08:00:00', '1', '2013-05-27 08:00:00', null, '1');
INSERT INTO `sys_office` VALUES ('206cfcf7fd8f4d5a9a97913a0dcfd328', '5392344d45ea4e9ba473919e7bba2fe8', '0,b5e6470db07445b08e5b792fdfa18bfe,5392344d45ea4e9ba473919e7bba2fe8,', '', '30', '308d231da7114ee88cabaeb920f40760', '0200001002', '2', '1', '', '', '', '', '', '', '1', '', '', '87060c4c39be40d5bc9ce07afe705be6', '2015-12-03 07:38:32', '87060c4c39be40d5bc9ce07afe705be6', '2015-12-03 07:38:32', '', '0');
INSERT INTO `sys_office` VALUES ('2089309f18aa432590c52d72702b684b', 'b5e6470db07445b08e5b792fdfa18bfe', '0,b5e6470db07445b08e5b792fdfa18bfe,', '', '30', 'e6a9942c4c044093af32987e9119f1e8', null, '2', '2', null, null, null, null, null, null, '1', null, null, '1', '2015-12-02 21:11:18', '1', '2015-12-02 21:11:18', null, '0');
INSERT INTO `sys_office` VALUES ('21', '17', '0,1,7,17,', '', '40', '5', '201014', '2', '3', null, null, null, null, null, null, '1', null, null, '1', '2013-05-27 08:00:00', '1', '2013-05-27 08:00:00', null, '1');
INSERT INTO `sys_office` VALUES ('22', '7', '0,1,7,', '', '50', '6', '201010', '1', '3', null, null, null, null, null, null, '1', null, null, '1', '2013-05-27 08:00:00', '1', '2013-05-27 08:00:00', null, '1');
INSERT INTO `sys_office` VALUES ('23', '22', '0,1,7,22,', '', '10', '6', '201011', '2', '3', null, null, null, null, null, null, '1', null, null, '1', '2013-05-27 08:00:00', '1', '2013-05-27 08:00:00', null, '1');
INSERT INTO `sys_office` VALUES ('24', '22', '0,1,7,22,', '', '20', '6', '201012', '2', '3', null, null, null, null, null, null, '1', null, null, '1', '2013-05-27 08:00:00', '1', '2013-05-27 08:00:00', null, '1');
INSERT INTO `sys_office` VALUES ('25', '22', '0,1,7,22,', '', '30', '6', '201013', '2', '3', null, null, null, null, null, null, '1', null, null, '1', '2013-05-27 08:00:00', '1', '2013-05-27 08:00:00', null, '1');
INSERT INTO `sys_office` VALUES ('26', '22', '0,1,7,22,', '', '40', '6', '201014', '2', '3', null, null, null, null, null, null, '1', null, null, '1', '2013-05-27 08:00:00', '1', '2013-05-27 08:00:00', null, '1');
INSERT INTO `sys_office` VALUES ('3', '1', '0,1,', '', '20', '2', '100002', '2', '1', null, null, null, null, null, null, '1', null, null, '1', '2013-05-27 08:00:00', '1', '2013-05-27 08:00:00', null, '1');
INSERT INTO `sys_office` VALUES ('4', '1', '0,1,', '', '30', '2', '100003', '2', '1', null, null, null, null, null, null, '1', null, null, '1', '2013-05-27 08:00:00', '1', '2013-05-27 08:00:00', null, '1');
INSERT INTO `sys_office` VALUES ('5', '1', '0,1,', '', '40', '2', '100004', '2', '1', null, null, null, null, null, null, '1', null, null, '1', '2013-05-27 08:00:00', '1', '2013-05-27 08:00:00', null, '1');
INSERT INTO `sys_office` VALUES ('5392344d45ea4e9ba473919e7bba2fe8', 'b5e6470db07445b08e5b792fdfa18bfe', '0,b5e6470db07445b08e5b792fdfa18bfe,', '', '30', '308d231da7114ee88cabaeb920f40760', '0200001', '1', '1', '', '', '', '', '', '', '1', '7c63751ac8b64dad9cde14e9f5d5f639', '7c63751ac8b64dad9cde14e9f5d5f639', '1', '2015-12-02 21:23:16', '1', '2015-12-02 21:23:55', '', '0');
INSERT INTO `sys_office` VALUES ('5a61194f046443e7a4578b5286f0e1f9', '5392344d45ea4e9ba473919e7bba2fe8', '0,b5e6470db07445b08e5b792fdfa18bfe,5392344d45ea4e9ba473919e7bba2fe8,', '', '30', '308d231da7114ee88cabaeb920f40760', '', '2', '2', '', '', '', '', '', '', '1', '', '', '1', '2015-12-02 21:23:16', '1', '2015-12-02 21:24:10', '', '0');
INSERT INTO `sys_office` VALUES ('6', '1', '0,1,', '', '50', '2', '100005', '2', '1', null, null, null, null, null, null, '1', null, null, '1', '2013-05-27 08:00:00', '1', '2013-05-27 08:00:00', null, '1');
INSERT INTO `sys_office` VALUES ('7', '1', '0,1,', '', '20', '3', '200000', '1', '2', null, null, null, null, null, null, '1', null, null, '1', '2013-05-27 08:00:00', '1', '2013-05-27 08:00:00', null, '1');
INSERT INTO `sys_office` VALUES ('8', '7', '0,1,7,', '', '10', '3', '200001', '2', '2', null, null, null, null, null, null, '1', null, null, '1', '2013-05-27 08:00:00', '1', '2013-05-27 08:00:00', null, '1');
INSERT INTO `sys_office` VALUES ('9', '7', '0,1,7,', '', '20', '3', '200002', '2', '2', null, null, null, null, null, null, '1', null, null, '1', '2013-05-27 08:00:00', '1', '2013-05-27 08:00:00', null, '1');
INSERT INTO `sys_office` VALUES ('b5e6470db07445b08e5b792fdfa18bfe', '0', '0,', '', '30', 'e6a9942c4c044093af32987e9119f1e8', '0200001', '1', '1', '', '', '', '', '', '', '1', '', '', '1', '2015-12-02 21:11:18', '1', '2015-12-02 21:11:18', '', '0');

-- ----------------------------
-- Table structure for sys_role
-- ----------------------------
DROP TABLE IF EXISTS `sys_role`;
CREATE TABLE `sys_role` (
  `id` varchar(64) NOT NULL COMMENT '',
  `office_id` varchar(64) DEFAULT NULL COMMENT '',
  `name` varchar(100) NOT NULL COMMENT '',
  `enname` varchar(255) DEFAULT NULL COMMENT '',
  `role_type` varchar(255) DEFAULT NULL COMMENT '',
  `data_scope` char(1) DEFAULT NULL COMMENT '',
  `is_sys` varchar(64) DEFAULT NULL COMMENT '',
  `useable` varchar(64) DEFAULT NULL COMMENT '',
  `create_by` varchar(64) NOT NULL COMMENT '',
  `create_date` datetime NOT NULL COMMENT '',
  `update_by` varchar(64) NOT NULL COMMENT '',
  `update_date` datetime NOT NULL COMMENT '',
  `remarks` varchar(255) DEFAULT NULL COMMENT '',
  `del_flag` char(1) NOT NULL DEFAULT '0' COMMENT '',
  PRIMARY KEY (`id`),
  KEY `sys_role_del_flag` (`del_flag`),
  KEY `sys_role_enname` (`enname`)
) ENGINE=InnoDB DEFAULT CHARSET=utf8 COMMENT='';

-- ----------------------------
-- Records of sys_role
-- ----------------------------
INSERT INTO `sys_role` VALUES ('1', '1', '', 'dept', 'assignment', '1', null, '1', '1', '2013-05-27 08:00:00', '1', '2013-05-27 08:00:00', null, '1');
INSERT INTO `sys_role` VALUES ('2', '1', '', 'hr', 'assignment', '2', null, '1', '1', '2013-05-27 08:00:00', '1', '2013-05-27 08:00:00', null, '1');
INSERT INTO `sys_role` VALUES ('3', '2089309f18aa432590c52d72702b684b', '', 'a', 'assignment', '3', '1', '1', '1', '2013-05-27 08:00:00', '1', '2015-12-02 21:21:15', '', '0');
INSERT INTO `sys_role` VALUES ('4', '1', '', 'b', 'assignment', '4', null, '1', '1', '2013-05-27 08:00:00', '1', '2013-05-27 08:00:00', null, '1');
INSERT INTO `sys_role` VALUES ('5', '1', '', 'c', 'assignment', '5', null, '1', '1', '2013-05-27 08:00:00', '1', '2013-05-27 08:00:00', null, '1');
INSERT INTO `sys_role` VALUES ('6', '1', '', 'd', 'assignment', '8', null, '1', '1', '2013-05-27 08:00:00', '1', '2013-05-27 08:00:00', null, '1');
INSERT INTO `sys_role` VALUES ('7', '7', '', 'e', 'assignment', '9', null, '1', '1', '2013-05-27 08:00:00', '1', '2013-05-27 08:00:00', null, '1');
INSERT INTO `sys_role` VALUES ('b895094c468349b8ae380d9f118283bd', '2', '', 'zhibo', 'security-role', '2', '1', '1', '1', '2015-12-02 21:27:07', '1', '2015-12-03 07:37:23', '', '0');

-- ----------------------------
-- Table structure for sys_role_menu
-- ----------------------------
DROP TABLE IF EXISTS `sys_role_menu`;
CREATE TABLE `sys_role_menu` (
  `role_id` varchar(64) NOT NULL COMMENT '',
  `menu_id` varchar(64) NOT NULL COMMENT '',
  PRIMARY KEY (`role_id`,`menu_id`)
) ENGINE=InnoDB DEFAULT CHARSET=utf8 COMMENT='-';

-- ----------------------------
-- Records of sys_role_menu
-- ----------------------------
INSERT INTO `sys_role_menu` VALUES ('1', '1');
INSERT INTO `sys_role_menu` VALUES ('1', '10');
INSERT INTO `sys_role_menu` VALUES ('1', '11');
INSERT INTO `sys_role_menu` VALUES ('1', '12');
INSERT INTO `sys_role_menu` VALUES ('1', '13');
INSERT INTO `sys_role_menu` VALUES ('1', '14');
INSERT INTO `sys_role_menu` VALUES ('1', '15');
INSERT INTO `sys_role_menu` VALUES ('1', '16');
INSERT INTO `sys_role_menu` VALUES ('1', '17');
INSERT INTO `sys_role_menu` VALUES ('1', '18');
INSERT INTO `sys_role_menu` VALUES ('1', '19');
INSERT INTO `sys_role_menu` VALUES ('1', '2');
INSERT INTO `sys_role_menu` VALUES ('1', '20');
INSERT INTO `sys_role_menu` VALUES ('1', '21');
INSERT INTO `sys_role_menu` VALUES ('1', '22');
INSERT INTO `sys_role_menu` VALUES ('1', '23');
INSERT INTO `sys_role_menu` VALUES ('1', '24');
INSERT INTO `sys_role_menu` VALUES ('1', '25');
INSERT INTO `sys_role_menu` VALUES ('1', '26');
INSERT INTO `sys_role_menu` VALUES ('1', '27');
INSERT INTO `sys_role_menu` VALUES ('1', '28');
INSERT INTO `sys_role_menu` VALUES ('1', '29');
INSERT INTO `sys_role_menu` VALUES ('1', '3');
INSERT INTO `sys_role_menu` VALUES ('1', '30');
INSERT INTO `sys_role_menu` VALUES ('1', '31');
INSERT INTO `sys_role_menu` VALUES ('1', '32');
INSERT INTO `sys_role_menu` VALUES ('1', '33');
INSERT INTO `sys_role_menu` VALUES ('1', '34');
INSERT INTO `sys_role_menu` VALUES ('1', '35');
INSERT INTO `sys_role_menu` VALUES ('1', '36');
INSERT INTO `sys_role_menu` VALUES ('1', '37');
INSERT INTO `sys_role_menu` VALUES ('1', '38');
INSERT INTO `sys_role_menu` VALUES ('1', '39');
INSERT INTO `sys_role_menu` VALUES ('1', '4');
INSERT INTO `sys_role_menu` VALUES ('1', '40');
INSERT INTO `sys_role_menu` VALUES ('1', '41');
INSERT INTO `sys_role_menu` VALUES ('1', '42');
INSERT INTO `sys_role_menu` VALUES ('1', '43');
INSERT INTO `sys_role_menu` VALUES ('1', '44');
INSERT INTO `sys_role_menu` VALUES ('1', '45');
INSERT INTO `sys_role_menu` VALUES ('1', '46');
INSERT INTO `sys_role_menu` VALUES ('1', '47');
INSERT INTO `sys_role_menu` VALUES ('1', '48');
INSERT INTO `sys_role_menu` VALUES ('1', '49');
INSERT INTO `sys_role_menu` VALUES ('1', '5');
INSERT INTO `sys_role_menu` VALUES ('1', '50');
INSERT INTO `sys_role_menu` VALUES ('1', '51');
INSERT INTO `sys_role_menu` VALUES ('1', '52');
INSERT INTO `sys_role_menu` VALUES ('1', '53');
INSERT INTO `sys_role_menu` VALUES ('1', '54');
INSERT INTO `sys_role_menu` VALUES ('1', '55');
INSERT INTO `sys_role_menu` VALUES ('1', '56');
INSERT INTO `sys_role_menu` VALUES ('1', '57');
INSERT INTO `sys_role_menu` VALUES ('1', '58');
INSERT INTO `sys_role_menu` VALUES ('1', '59');
INSERT INTO `sys_role_menu` VALUES ('1', '6');
INSERT INTO `sys_role_menu` VALUES ('1', '60');
INSERT INTO `sys_role_menu` VALUES ('1', '61');
INSERT INTO `sys_role_menu` VALUES ('1', '62');
INSERT INTO `sys_role_menu` VALUES ('1', '63');
INSERT INTO `sys_role_menu` VALUES ('1', '64');
INSERT INTO `sys_role_menu` VALUES ('1', '65');
INSERT INTO `sys_role_menu` VALUES ('1', '66');
INSERT INTO `sys_role_menu` VALUES ('1', '67');
INSERT INTO `sys_role_menu` VALUES ('1', '68');
INSERT INTO `sys_role_menu` VALUES ('1', '69');
INSERT INTO `sys_role_menu` VALUES ('1', '7');
INSERT INTO `sys_role_menu` VALUES ('1', '70');
INSERT INTO `sys_role_menu` VALUES ('1', '71');
INSERT INTO `sys_role_menu` VALUES ('1', '72');
INSERT INTO `sys_role_menu` VALUES ('1', '73');
INSERT INTO `sys_role_menu` VALUES ('1', '74');
INSERT INTO `sys_role_menu` VALUES ('1', '75');
INSERT INTO `sys_role_menu` VALUES ('1', '76');
INSERT INTO `sys_role_menu` VALUES ('1', '77');
INSERT INTO `sys_role_menu` VALUES ('1', '78');
INSERT INTO `sys_role_menu` VALUES ('1', '79');
INSERT INTO `sys_role_menu` VALUES ('1', '8');
INSERT INTO `sys_role_menu` VALUES ('1', '80');
INSERT INTO `sys_role_menu` VALUES ('1', '81');
INSERT INTO `sys_role_menu` VALUES ('1', '82');
INSERT INTO `sys_role_menu` VALUES ('1', '83');
INSERT INTO `sys_role_menu` VALUES ('1', '84');
INSERT INTO `sys_role_menu` VALUES ('1', '85');
INSERT INTO `sys_role_menu` VALUES ('1', '86');
INSERT INTO `sys_role_menu` VALUES ('1', '87');
INSERT INTO `sys_role_menu` VALUES ('1', '88');
INSERT INTO `sys_role_menu` VALUES ('1', '89');
INSERT INTO `sys_role_menu` VALUES ('1', '9');
INSERT INTO `sys_role_menu` VALUES ('1', '90');
INSERT INTO `sys_role_menu` VALUES ('2', '1');
INSERT INTO `sys_role_menu` VALUES ('2', '10');
INSERT INTO `sys_role_menu` VALUES ('2', '11');
INSERT INTO `sys_role_menu` VALUES ('2', '12');
INSERT INTO `sys_role_menu` VALUES ('2', '13');
INSERT INTO `sys_role_menu` VALUES ('2', '14');
INSERT INTO `sys_role_menu` VALUES ('2', '15');
INSERT INTO `sys_role_menu` VALUES ('2', '16');
INSERT INTO `sys_role_menu` VALUES ('2', '17');
INSERT INTO `sys_role_menu` VALUES ('2', '18');
INSERT INTO `sys_role_menu` VALUES ('2', '19');
INSERT INTO `sys_role_menu` VALUES ('2', '2');
INSERT INTO `sys_role_menu` VALUES ('2', '20');
INSERT INTO `sys_role_menu` VALUES ('2', '21');
INSERT INTO `sys_role_menu` VALUES ('2', '22');
INSERT INTO `sys_role_menu` VALUES ('2', '23');
INSERT INTO `sys_role_menu` VALUES ('2', '24');
INSERT INTO `sys_role_menu` VALUES ('2', '25');
INSERT INTO `sys_role_menu` VALUES ('2', '26');
INSERT INTO `sys_role_menu` VALUES ('2', '27');
INSERT INTO `sys_role_menu` VALUES ('2', '28');
INSERT INTO `sys_role_menu` VALUES ('2', '29');
INSERT INTO `sys_role_menu` VALUES ('2', '3');
INSERT INTO `sys_role_menu` VALUES ('2', '30');
INSERT INTO `sys_role_menu` VALUES ('2', '31');
INSERT INTO `sys_role_menu` VALUES ('2', '32');
INSERT INTO `sys_role_menu` VALUES ('2', '33');
INSERT INTO `sys_role_menu` VALUES ('2', '34');
INSERT INTO `sys_role_menu` VALUES ('2', '35');
INSERT INTO `sys_role_menu` VALUES ('2', '36');
INSERT INTO `sys_role_menu` VALUES ('2', '37');
INSERT INTO `sys_role_menu` VALUES ('2', '38');
INSERT INTO `sys_role_menu` VALUES ('2', '39');
INSERT INTO `sys_role_menu` VALUES ('2', '4');
INSERT INTO `sys_role_menu` VALUES ('2', '40');
INSERT INTO `sys_role_menu` VALUES ('2', '41');
INSERT INTO `sys_role_menu` VALUES ('2', '42');
INSERT INTO `sys_role_menu` VALUES ('2', '43');
INSERT INTO `sys_role_menu` VALUES ('2', '44');
INSERT INTO `sys_role_menu` VALUES ('2', '45');
INSERT INTO `sys_role_menu` VALUES ('2', '46');
INSERT INTO `sys_role_menu` VALUES ('2', '47');
INSERT INTO `sys_role_menu` VALUES ('2', '48');
INSERT INTO `sys_role_menu` VALUES ('2', '49');
INSERT INTO `sys_role_menu` VALUES ('2', '5');
INSERT INTO `sys_role_menu` VALUES ('2', '50');
INSERT INTO `sys_role_menu` VALUES ('2', '51');
INSERT INTO `sys_role_menu` VALUES ('2', '52');
INSERT INTO `sys_role_menu` VALUES ('2', '53');
INSERT INTO `sys_role_menu` VALUES ('2', '54');
INSERT INTO `sys_role_menu` VALUES ('2', '55');
INSERT INTO `sys_role_menu` VALUES ('2', '56');
INSERT INTO `sys_role_menu` VALUES ('2', '57');
INSERT INTO `sys_role_menu` VALUES ('2', '58');
INSERT INTO `sys_role_menu` VALUES ('2', '59');
INSERT INTO `sys_role_menu` VALUES ('2', '6');
INSERT INTO `sys_role_menu` VALUES ('2', '60');
INSERT INTO `sys_role_menu` VALUES ('2', '61');
INSERT INTO `sys_role_menu` VALUES ('2', '62');
INSERT INTO `sys_role_menu` VALUES ('2', '63');
INSERT INTO `sys_role_menu` VALUES ('2', '64');
INSERT INTO `sys_role_menu` VALUES ('2', '65');
INSERT INTO `sys_role_menu` VALUES ('2', '66');
INSERT INTO `sys_role_menu` VALUES ('2', '67');
INSERT INTO `sys_role_menu` VALUES ('2', '68');
INSERT INTO `sys_role_menu` VALUES ('2', '69');
INSERT INTO `sys_role_menu` VALUES ('2', '7');
INSERT INTO `sys_role_menu` VALUES ('2', '70');
INSERT INTO `sys_role_menu` VALUES ('2', '71');
INSERT INTO `sys_role_menu` VALUES ('2', '72');
INSERT INTO `sys_role_menu` VALUES ('2', '73');
INSERT INTO `sys_role_menu` VALUES ('2', '74');
INSERT INTO `sys_role_menu` VALUES ('2', '75');
INSERT INTO `sys_role_menu` VALUES ('2', '76');
INSERT INTO `sys_role_menu` VALUES ('2', '77');
INSERT INTO `sys_role_menu` VALUES ('2', '78');
INSERT INTO `sys_role_menu` VALUES ('2', '79');
INSERT INTO `sys_role_menu` VALUES ('2', '8');
INSERT INTO `sys_role_menu` VALUES ('2', '80');
INSERT INTO `sys_role_menu` VALUES ('2', '81');
INSERT INTO `sys_role_menu` VALUES ('2', '82');
INSERT INTO `sys_role_menu` VALUES ('2', '83');
INSERT INTO `sys_role_menu` VALUES ('2', '84');
INSERT INTO `sys_role_menu` VALUES ('2', '85');
INSERT INTO `sys_role_menu` VALUES ('2', '86');
INSERT INTO `sys_role_menu` VALUES ('2', '87');
INSERT INTO `sys_role_menu` VALUES ('2', '88');
INSERT INTO `sys_role_menu` VALUES ('2', '89');
INSERT INTO `sys_role_menu` VALUES ('2', '9');
INSERT INTO `sys_role_menu` VALUES ('2', '90');
INSERT INTO `sys_role_menu` VALUES ('3', '1');
INSERT INTO `sys_role_menu` VALUES ('3', '13');
INSERT INTO `sys_role_menu` VALUES ('3', '14');
INSERT INTO `sys_role_menu` VALUES ('3', '15');
INSERT INTO `sys_role_menu` VALUES ('3', '16');
INSERT INTO `sys_role_menu` VALUES ('3', '17');
INSERT INTO `sys_role_menu` VALUES ('3', '18');
INSERT INTO `sys_role_menu` VALUES ('3', '19');
INSERT INTO `sys_role_menu` VALUES ('3', '2');
INSERT INTO `sys_role_menu` VALUES ('3', '20');
INSERT INTO `sys_role_menu` VALUES ('3', '21');
INSERT INTO `sys_role_menu` VALUES ('3', '22');
INSERT INTO `sys_role_menu` VALUES ('3', '67');
INSERT INTO `sys_role_menu` VALUES ('3', '68');
INSERT INTO `sys_role_menu` VALUES ('3', '84');
INSERT INTO `sys_role_menu` VALUES ('3', '85');
INSERT INTO `sys_role_menu` VALUES ('b895094c468349b8ae380d9f118283bd', '1');
INSERT INTO `sys_role_menu` VALUES ('b895094c468349b8ae380d9f118283bd', '10');
INSERT INTO `sys_role_menu` VALUES ('b895094c468349b8ae380d9f118283bd', '11');
INSERT INTO `sys_role_menu` VALUES ('b895094c468349b8ae380d9f118283bd', '12');
INSERT INTO `sys_role_menu` VALUES ('b895094c468349b8ae380d9f118283bd', '13');
INSERT INTO `sys_role_menu` VALUES ('b895094c468349b8ae380d9f118283bd', '14');
INSERT INTO `sys_role_menu` VALUES ('b895094c468349b8ae380d9f118283bd', '15');
INSERT INTO `sys_role_menu` VALUES ('b895094c468349b8ae380d9f118283bd', '16');
INSERT INTO `sys_role_menu` VALUES ('b895094c468349b8ae380d9f118283bd', '17');
INSERT INTO `sys_role_menu` VALUES ('b895094c468349b8ae380d9f118283bd', '18');
INSERT INTO `sys_role_menu` VALUES ('b895094c468349b8ae380d9f118283bd', '19');
INSERT INTO `sys_role_menu` VALUES ('b895094c468349b8ae380d9f118283bd', '2');
INSERT INTO `sys_role_menu` VALUES ('b895094c468349b8ae380d9f118283bd', '20');
INSERT INTO `sys_role_menu` VALUES ('b895094c468349b8ae380d9f118283bd', '21');
INSERT INTO `sys_role_menu` VALUES ('b895094c468349b8ae380d9f118283bd', '22');
INSERT INTO `sys_role_menu` VALUES ('b895094c468349b8ae380d9f118283bd', '27');
INSERT INTO `sys_role_menu` VALUES ('b895094c468349b8ae380d9f118283bd', '28');
INSERT INTO `sys_role_menu` VALUES ('b895094c468349b8ae380d9f118283bd', '29');
INSERT INTO `sys_role_menu` VALUES ('b895094c468349b8ae380d9f118283bd', '3');
INSERT INTO `sys_role_menu` VALUES ('b895094c468349b8ae380d9f118283bd', '30');
INSERT INTO `sys_role_menu` VALUES ('b895094c468349b8ae380d9f118283bd', '4');
INSERT INTO `sys_role_menu` VALUES ('b895094c468349b8ae380d9f118283bd', '5');
INSERT INTO `sys_role_menu` VALUES ('b895094c468349b8ae380d9f118283bd', '55776620e9a7459d91a74b84813fe5be');
INSERT INTO `sys_role_menu` VALUES ('b895094c468349b8ae380d9f118283bd', '56');
INSERT INTO `sys_role_menu` VALUES ('b895094c468349b8ae380d9f118283bd', '56daa185c1b849909b9afbf42ee8e835');
INSERT INTO `sys_role_menu` VALUES ('b895094c468349b8ae380d9f118283bd', '57');
INSERT INTO `sys_role_menu` VALUES ('b895094c468349b8ae380d9f118283bd', '58');
INSERT INTO `sys_role_menu` VALUES ('b895094c468349b8ae380d9f118283bd', '59');
INSERT INTO `sys_role_menu` VALUES ('b895094c468349b8ae380d9f118283bd', '67');
INSERT INTO `sys_role_menu` VALUES ('b895094c468349b8ae380d9f118283bd', '68');
INSERT INTO `sys_role_menu` VALUES ('b895094c468349b8ae380d9f118283bd', '7');
INSERT INTO `sys_role_menu` VALUES ('b895094c468349b8ae380d9f118283bd', '71');
INSERT INTO `sys_role_menu` VALUES ('b895094c468349b8ae380d9f118283bd', '8');
INSERT INTO `sys_role_menu` VALUES ('b895094c468349b8ae380d9f118283bd', '84');
INSERT INTO `sys_role_menu` VALUES ('b895094c468349b8ae380d9f118283bd', '9');
INSERT INTO `sys_role_menu` VALUES ('b895094c468349b8ae380d9f118283bd', 'f7036a5ac46444819dfc0edc59cae1b0');

-- ----------------------------
-- Table structure for sys_role_office
-- ----------------------------
DROP TABLE IF EXISTS `sys_role_office`;
CREATE TABLE `sys_role_office` (
  `role_id` varchar(64) NOT NULL COMMENT '',
  `office_id` varchar(64) NOT NULL COMMENT '',
  PRIMARY KEY (`role_id`,`office_id`)
) ENGINE=InnoDB DEFAULT CHARSET=utf8 COMMENT='-';

-- ----------------------------
-- Records of sys_role_office
-- ----------------------------
INSERT INTO `sys_role_office` VALUES ('7', '10');
INSERT INTO `sys_role_office` VALUES ('7', '11');
INSERT INTO `sys_role_office` VALUES ('7', '12');
INSERT INTO `sys_role_office` VALUES ('7', '13');
INSERT INTO `sys_role_office` VALUES ('7', '14');
INSERT INTO `sys_role_office` VALUES ('7', '15');
INSERT INTO `sys_role_office` VALUES ('7', '16');
INSERT INTO `sys_role_office` VALUES ('7', '17');
INSERT INTO `sys_role_office` VALUES ('7', '18');
INSERT INTO `sys_role_office` VALUES ('7', '19');
INSERT INTO `sys_role_office` VALUES ('7', '20');
INSERT INTO `sys_role_office` VALUES ('7', '21');
INSERT INTO `sys_role_office` VALUES ('7', '22');
INSERT INTO `sys_role_office` VALUES ('7', '23');
INSERT INTO `sys_role_office` VALUES ('7', '24');
INSERT INTO `sys_role_office` VALUES ('7', '25');
INSERT INTO `sys_role_office` VALUES ('7', '26');
INSERT INTO `sys_role_office` VALUES ('7', '7');
INSERT INTO `sys_role_office` VALUES ('7', '8');
INSERT INTO `sys_role_office` VALUES ('7', '9');

-- ----------------------------
-- Table structure for sys_user
-- ----------------------------
DROP TABLE IF EXISTS `sys_user`;
CREATE TABLE `sys_user` (
  `id` varchar(64) NOT NULL COMMENT '',
  `company_id` varchar(64) NOT NULL COMMENT '',
  `office_id` varchar(64) NOT NULL COMMENT '',
  `login_name` varchar(100) NOT NULL COMMENT '',
  `password` varchar(100) NOT NULL COMMENT '',
  `no` varchar(100) DEFAULT NULL COMMENT '',
  `name` varchar(100) NOT NULL COMMENT '',
  `email` varchar(200) DEFAULT NULL COMMENT '',
  `phone` varchar(200) DEFAULT NULL COMMENT '',
  `mobile` varchar(200) DEFAULT NULL COMMENT '',
  `user_type` char(1) DEFAULT NULL COMMENT '',
  `photo` varchar(1000) DEFAULT NULL COMMENT '',
  `login_ip` varchar(100) DEFAULT NULL COMMENT 'IP',
  `login_date` datetime DEFAULT NULL COMMENT '',
  `login_flag` varchar(64) DEFAULT NULL COMMENT '',
  `create_by` varchar(64) NOT NULL COMMENT '',
  `create_date` datetime NOT NULL COMMENT '',
  `update_by` varchar(64) NOT NULL COMMENT '',
  `update_date` datetime NOT NULL COMMENT '',
  `remarks` varchar(255) DEFAULT NULL COMMENT '',
  `del_flag` char(1) NOT NULL DEFAULT '0' COMMENT '',
  PRIMARY KEY (`id`),
  KEY `sys_user_office_id` (`office_id`),
  KEY `sys_user_login_name` (`login_name`),
  KEY `sys_user_company_id` (`company_id`),
  KEY `sys_user_update_date` (`update_date`),
  KEY `sys_user_del_flag` (`del_flag`)
) ENGINE=InnoDB DEFAULT CHARSET=utf8 COMMENT='';

-- ----------------------------
-- Records of sys_user
-- ----------------------------
INSERT INTO `sys_user` VALUES ('1', '1', '2', 'thinkgem', 'd8b106a79777234271834ab0d70156c472af15c5591438044319a8bf', '0001', '', 'a114224589@126.com', '8675', '8675', null, '', '0:0:0:0:0:0:0:1', '2015-12-03 07:39:51', '1', '1', '2013-05-27 08:00:00', '1', '2015-12-02 21:28:26', '', '0');
INSERT INTO `sys_user` VALUES ('10', '7', '11', 'jn_jsb', '02a3f0772fcca9f415adc990734b45c6f059c7d33ee28362c4852032', '0010', '', null, null, null, null, null, null, null, '1', '1', '2013-05-27 08:00:00', '1', '2013-05-27 08:00:00', null, '1');
INSERT INTO `sys_user` VALUES ('11', '12', '13', 'lc_admin', '02a3f0772fcca9f415adc990734b45c6f059c7d33ee28362c4852032', '0011', '', null, null, null, null, null, null, null, '1', '1', '2013-05-27 08:00:00', '1', '2013-05-27 08:00:00', null, '1');
INSERT INTO `sys_user` VALUES ('12', '12', '18', 'lx_admin', '02a3f0772fcca9f415adc990734b45c6f059c7d33ee28362c4852032', '0012', '', null, null, null, null, null, null, null, '1', '1', '2013-05-27 08:00:00', '1', '2013-05-27 08:00:00', null, '1');
INSERT INTO `sys_user` VALUES ('13', '22', '23', 'gx_admin', '02a3f0772fcca9f415adc990734b45c6f059c7d33ee28362c4852032', '0013', '', null, null, null, null, null, null, null, '1', '1', '2013-05-27 08:00:00', '1', '2013-05-27 08:00:00', null, '1');
INSERT INTO `sys_user` VALUES ('2', '1', '2', 'sd_admin', '02a3f0772fcca9f415adc990734b45c6f059c7d33ee28362c4852032', '0002', '', null, null, null, null, null, null, null, '1', '1', '2013-05-27 08:00:00', '1', '2013-05-27 08:00:00', null, '1');
INSERT INTO `sys_user` VALUES ('3', '1', '3', 'sd_zhb', '02a3f0772fcca9f415adc990734b45c6f059c7d33ee28362c4852032', '0003', '', null, null, null, null, null, null, null, '1', '1', '2013-05-27 08:00:00', '1', '2013-05-27 08:00:00', null, '1');
INSERT INTO `sys_user` VALUES ('4', '1', '4', 'sd_scb', '02a3f0772fcca9f415adc990734b45c6f059c7d33ee28362c4852032', '0004', '', null, null, null, null, null, null, null, '1', '1', '2013-05-27 08:00:00', '1', '2013-05-27 08:00:00', null, '1');
INSERT INTO `sys_user` VALUES ('5', '1', '5', 'sd_jsb', '02a3f0772fcca9f415adc990734b45c6f059c7d33ee28362c4852032', '0005', '', null, null, null, null, null, null, null, '1', '1', '2013-05-27 08:00:00', '1', '2013-05-27 08:00:00', null, '1');
INSERT INTO `sys_user` VALUES ('6', '1', '6', 'sd_yfb', '02a3f0772fcca9f415adc990734b45c6f059c7d33ee28362c4852032', '0006', '', null, null, null, null, null, null, null, '1', '1', '2013-05-27 08:00:00', '1', '2013-05-27 08:00:00', null, '1');
INSERT INTO `sys_user` VALUES ('7', '7', '8', 'jn_admin', '02a3f0772fcca9f415adc990734b45c6f059c7d33ee28362c4852032', '0007', '', null, null, null, null, null, null, null, '1', '1', '2013-05-27 08:00:00', '1', '2013-05-27 08:00:00', null, '1');
INSERT INTO `sys_user` VALUES ('7c63751ac8b64dad9cde14e9f5d5f639', 'b5e6470db07445b08e5b792fdfa18bfe', '2089309f18aa432590c52d72702b684b', 'ceshi', '88da65aed36821480e515fadc27328c0bc8af81e30640712fcb7dee1', '02000002', 'ceshi', '', '', '', '2', '', null, null, '1', 'a8b3597b9fd84408ba5380f3d2d1778c', '2015-12-02 21:13:48', 'a8b3597b9fd84408ba5380f3d2d1778c', '2015-12-02 21:16:55', '', '0');
INSERT INTO `sys_user` VALUES ('8', '7', '9', 'jn_zhb', '02a3f0772fcca9f415adc990734b45c6f059c7d33ee28362c4852032', '0008', '', null, null, null, null, null, null, null, '1', '1', '2013-05-27 08:00:00', '1', '2013-05-27 08:00:00', null, '1');
INSERT INTO `sys_user` VALUES ('86846cf099d94c83bb7c3bd8460d697e', '5392344d45ea4e9ba473919e7bba2fe8', '206cfcf7fd8f4d5a9a97913a0dcfd328', 'test', '852ec05b57cc31a1f58f287d5158f763abfcfc7a474d132fcf79598a', '0200002', '', '', '', '', '3', '', null, null, '1', '87060c4c39be40d5bc9ce07afe705be6', '2015-12-03 07:39:42', '87060c4c39be40d5bc9ce07afe705be6', '2015-12-03 07:39:42', '', '0');
INSERT INTO `sys_user` VALUES ('87060c4c39be40d5bc9ce07afe705be6', '5392344d45ea4e9ba473919e7bba2fe8', '5a61194f046443e7a4578b5286f0e1f9', 'zhibosys', 'a7e31e170bae403aa93077b860d14fb8a3b80fd5a82f8c947a801456', '020000001', 'zhibhosys', '', '', '', '1', '', '0:0:0:0:0:0:0:1', '2015-12-03 07:37:38', '1', '1', '2015-12-02 21:25:19', '1', '2015-12-02 21:25:19', '', '0');
INSERT INTO `sys_user` VALUES ('9', '7', '10', 'jn_scb', '02a3f0772fcca9f415adc990734b45c6f059c7d33ee28362c4852032', '0009', '', null, null, null, null, null, null, null, '1', '1', '2013-05-27 08:00:00', '1', '2013-05-27 08:00:00', null, '1');
INSERT INTO `sys_user` VALUES ('a8b3597b9fd84408ba5380f3d2d1778c', 'b5e6470db07445b08e5b792fdfa18bfe', '2089309f18aa432590c52d72702b684b', 'daoying', 'd466cc4a21f9e6bffa137948c6e470bb8a5b9c5ec92052918dd031c7', '02000001', '', '', '', '', '1', '', '0:0:0:0:0:0:0:1', '2015-12-02 21:12:40', '1', '1', '2015-12-02 21:12:12', '1', '2015-12-02 21:12:12', '', '0');

-- ----------------------------
-- Table structure for sys_user_role
-- ----------------------------
DROP TABLE IF EXISTS `sys_user_role`;
CREATE TABLE `sys_user_role` (
  `user_id` varchar(64) NOT NULL COMMENT '',
  `role_id` varchar(64) NOT NULL COMMENT '',
  PRIMARY KEY (`user_id`,`role_id`)
) ENGINE=InnoDB DEFAULT CHARSET=utf8 COMMENT='-';

-- ----------------------------
-- Records of sys_user_role
-- ----------------------------
INSERT INTO `sys_user_role` VALUES ('1', '1');
INSERT INTO `sys_user_role` VALUES ('1', '2');
INSERT INTO `sys_user_role` VALUES ('10', '2');
INSERT INTO `sys_user_role` VALUES ('11', '3');
INSERT INTO `sys_user_role` VALUES ('12', '4');
INSERT INTO `sys_user_role` VALUES ('13', '5');
INSERT INTO `sys_user_role` VALUES ('14', '6');
INSERT INTO `sys_user_role` VALUES ('2', '1');
INSERT INTO `sys_user_role` VALUES ('3', '2');
INSERT INTO `sys_user_role` VALUES ('4', '3');
INSERT INTO `sys_user_role` VALUES ('5', '4');
INSERT INTO `sys_user_role` VALUES ('6', '5');
INSERT INTO `sys_user_role` VALUES ('7', '2');
INSERT INTO `sys_user_role` VALUES ('7', '7');
INSERT INTO `sys_user_role` VALUES ('7c63751ac8b64dad9cde14e9f5d5f639', '3');
INSERT INTO `sys_user_role` VALUES ('8', '2');
INSERT INTO `sys_user_role` VALUES ('86846cf099d94c83bb7c3bd8460d697e', '3');
INSERT INTO `sys_user_role` VALUES ('87060c4c39be40d5bc9ce07afe705be6', '3');
INSERT INTO `sys_user_role` VALUES ('9', '1');
INSERT INTO `sys_user_role` VALUES ('a8b3597b9fd84408ba5380f3d2d1778c', '1');

-- ----------------------------
-- Table structure for test_data
-- ----------------------------
DROP TABLE IF EXISTS `test_data`;
CREATE TABLE `test_data` (
  `id` varchar(64) NOT NULL COMMENT '',
  `user_id` varchar(64) DEFAULT NULL COMMENT '',
  `office_id` varchar(64) DEFAULT NULL COMMENT '',
  `area_id` varchar(64) DEFAULT NULL COMMENT '',
  `name` varchar(100) DEFAULT NULL COMMENT '',
  `sex` char(1) DEFAULT NULL COMMENT '',
  `in_date` date DEFAULT NULL COMMENT '',
  `create_by` varchar(64) NOT NULL COMMENT '',
  `create_date` datetime NOT NULL COMMENT '',
  `update_by` varchar(64) NOT NULL COMMENT '',
  `update_date` datetime NOT NULL COMMENT '',
  `remarks` varchar(255) DEFAULT NULL COMMENT '',
  `del_flag` char(1) NOT NULL DEFAULT '0' COMMENT '',
  PRIMARY KEY (`id`),
  KEY `test_data_del_flag` (`del_flag`)
) ENGINE=InnoDB DEFAULT CHARSET=utf8 COMMENT='';

-- ----------------------------
-- Records of test_data
-- ----------------------------
INSERT INTO `test_data` VALUES ('77c6a6ae707549f685abbd1630bd36f1', '87060c4c39be40d5bc9ce07afe705be6', '5a61194f046443e7a4578b5286f0e1f9', 'e6a9942c4c044093af32987e9119f1e8', 'hao', '1', '2015-12-03', '1', '2015-12-03 07:00:07', '1', '2015-12-03 07:00:07', '', '0');

-- ----------------------------
-- Table structure for test_data_child
-- ----------------------------
DROP TABLE IF EXISTS `test_data_child`;
CREATE TABLE `test_data_child` (
  `id` varchar(64) NOT NULL COMMENT '',
  `test_data_main_id` varchar(64) DEFAULT NULL COMMENT 'ID',
  `name` varchar(100) DEFAULT NULL COMMENT '',
  `create_by` varchar(64) NOT NULL COMMENT '',
  `create_date` datetime NOT NULL COMMENT '',
  `update_by` varchar(64) NOT NULL COMMENT '',
  `update_date` datetime NOT NULL COMMENT '',
  `remarks` varchar(255) DEFAULT NULL COMMENT '',
  `del_flag` char(1) NOT NULL DEFAULT '0' COMMENT '',
  PRIMARY KEY (`id`),
  KEY `test_data_child_del_flag` (`del_flag`)
) ENGINE=InnoDB DEFAULT CHARSET=utf8 COMMENT='';

-- ----------------------------
-- Records of test_data_child
-- ----------------------------

-- ----------------------------
-- Table structure for test_data_main
-- ----------------------------
DROP TABLE IF EXISTS `test_data_main`;
CREATE TABLE `test_data_main` (
  `id` varchar(64) NOT NULL COMMENT '',
  `user_id` varchar(64) DEFAULT NULL COMMENT '',
  `office_id` varchar(64) DEFAULT NULL COMMENT '',
  `area_id` varchar(64) DEFAULT NULL COMMENT '',
  `name` varchar(100) DEFAULT NULL COMMENT '',
  `sex` char(1) DEFAULT NULL COMMENT '',
  `in_date` date DEFAULT NULL COMMENT '',
  `create_by` varchar(64) NOT NULL COMMENT '',
  `create_date` datetime NOT NULL COMMENT '',
  `update_by` varchar(64) NOT NULL COMMENT '',
  `update_date` datetime NOT NULL COMMENT '',
  `remarks` varchar(255) DEFAULT NULL COMMENT '',
  `del_flag` char(1) NOT NULL DEFAULT '0' COMMENT '',
  PRIMARY KEY (`id`),
  KEY `test_data_main_del_flag` (`del_flag`)
) ENGINE=InnoDB DEFAULT CHARSET=utf8 COMMENT='';

-- ----------------------------
-- Records of test_data_main
-- ----------------------------

-- ----------------------------
-- Table structure for test_tree
-- ----------------------------
DROP TABLE IF EXISTS `test_tree`;
CREATE TABLE `test_tree` (
  `id` varchar(64) NOT NULL COMMENT '',
  `parent_id` varchar(64) NOT NULL COMMENT '',
  `parent_ids` varchar(2000) NOT NULL COMMENT '',
  `name` varchar(100) NOT NULL COMMENT '',
  `sort` decimal(10,0) NOT NULL COMMENT '',
  `create_by` varchar(64) NOT NULL COMMENT '',
  `create_date` datetime NOT NULL COMMENT '',
  `update_by` varchar(64) NOT NULL COMMENT '',
  `update_date` datetime NOT NULL COMMENT '',
  `remarks` varchar(255) DEFAULT NULL COMMENT '',
  `del_flag` char(1) NOT NULL DEFAULT '0' COMMENT '',
  PRIMARY KEY (`id`),
  KEY `test_tree_del_flag` (`del_flag`),
  KEY `test_data_parent_id` (`parent_id`)
) ENGINE=InnoDB DEFAULT CHARSET=utf8 COMMENT='';

-- ----------------------------
-- Records of test_tree
-- ----------------------------
